collecte_horodatage;trip_id;stop_id_rt;arrival_time;arrival_delay_sec;departure_time;departure_delay_sec;trip_route_id;trip_service_id;trip_trip_id;trip_trip_headsign;trip_direction_id;trip_block_id;trip_shape_id;route_route_id;route_agency_id;route_route_short_name;route_route_long_name;route_route_desc;route_route_type;route_route_url;route_route_color;route_route_text_color;stop_stop_id;stop_stop_name;stop_stop_desc;stop_stop_lat;stop_stop_lon;stop_zone_id;stop_stop_url;stop_location_type;stop_parent_station
2026-07-29 13:52:26;OCESN4402F1187_F:IC:FR:Line::8ba8a419-03e7-45ba-aef8-33b50dc5179b::87481002:87722025:12:1316:20261212;StopPoint:OCEINTERCITES-87571240;2026-07-29 08:13:00;300;2026-07-29 08:18:00;300;;;;;;;;;;;;;;;;;;;;;;;;;
2026-07-29 13:52:26;OCESN4402F1187_F:IC:FR:Line::8ba8a419-03e7-45ba-aef8-33b50dc5179b::87481002:87722025:12:1316:20261212;StopPoint:OCEINTERCITES-87576009;2026-07-29 09:18:00;300;2026-07-29 09:22:00;300;;;;;;;;;;;;;;;;;;;;;;;;;
2026-07-29 13:52:26;OCESN4402F1187_F:IC:FR:Line::8ba8a419-03e7-45ba-aef8-33b50dc5179b::87481002:87722025:12:1316:20261212;StopPoint:OCEINTERCITES-87726802;2026-07-29 12:07:00;600;2026-07-29 12:10:00;600;;;;;;;;;;;;;;;;;;;;;;;;;
2026-07-29 13:52:26;OCESN4402F1187_F:IC:FR:Line::8ba8a419-03e7-45ba-aef8-33b50dc5179b::87481002:87722025:12:1316:20261212;StopPoint:OCEINTERCITES-87723197;2026-07-29 13:44:00;2400;2026-07-29 13:48:00;2400;;;;;;;;;;;;;;;;;;;;;;;;;
2026-07-29 13:52:26;OCESN4402F1187_F:IC:FR:Line::8ba8a419-03e7-45ba-aef8-33b50dc5179b::87481002:87722025:12:1316:20261212;StopPoint:OCEINTERCITES-87722025;2026-07-29 13:56:00;2400;;;;;;;;;;;;;;;;;;;;;;;;;;;
2026-07-29 13:52:26;OCESN8571F1187_F:OUI:FR:Line::2881AC3D-A347-4440-BEF8-23ACAB159588::87391003:87671008:7:1151:20260729;StopPoint:OCETGV INOUI-87671008;2026-07-29 13:51:00;7200;;;;;;;;;;;;;;;;;;;StopPoint:OCETGV INOUI-87671008;Tarbes;;43.2398630;0.06944200;;;0;StopArea:OCE87671008
2026-07-29 13:52:26;OCESN9243F1187_F:OUI:FR:Line::2FFF7F96-0EBC-4AA1-B417-38EBD492057E::87686006:83016451:7:1353:20261206;StopPoint:OCETGV INOUI-87686006;;;2026-07-29 06:51:00;300;;;;;;;;;;;;;;;;;StopPoint:OCETGV INOUI-87686006;Paris Gare de Lyon Hall 1 - 2;;48.8449450;2.37348100;;;0;StopArea:OCE87686006
2026-07-29 13:52:26;OCESN9243F1187_F:OUI:FR:Line::2FFF7F96-0EBC-4AA1-B417-38EBD492057E::87686006:83016451:7:1353:20261206;StopPoint:OCETGV INOUI-87725705;2026-07-29 08:25:00;300;2026-07-29 08:28:00;300;;;;;;;;;;;;;;;;;StopPoint:OCETGV INOUI-87725705;Mâcon - Loché TGV;;46.2829120;4.77892400;;;0;StopArea:OCE87725705
2026-07-29 13:52:26;OCESN9243F1187_F:OUI:FR:Line::2FFF7F96-0EBC-4AA1-B417-38EBD492057E::87686006:83016451:7:1353:20261206;StopPoint:OCETGV INOUI-87741009;2026-07-29 09:41:00;300;2026-07-29 09:49:00;300;;;;;;;;;;;;;;;;;StopPoint:OCETGV INOUI-87741009;Chambéry - Challes-les-Eaux;;45.5713020;5.91954700;;;0;StopArea:OCE87741009
2026-07-29 13:52:26;OCESN9243F1187_F:OUI:FR:Line::2FFF7F96-0EBC-4AA1-B417-38EBD492057E::87686006:83016451:7:1353:20261206;StopPoint:OCETGV INOUI-87742007;2026-07-29 10:51:00;300;2026-07-29 11:00:00;300;;;;;;;;;;;;;;;;;;;;;;;;;
2026-07-29 13:52:26;OCESN9243F1187_F:OUI:FR:Line::2FFF7F96-0EBC-4AA1-B417-38EBD492057E::87686006:83016451:7:1353:20261206;StopPoint:OCETGV INOUI-83002048;2026-07-29 11:26:00;300;2026-07-29 11:28:00;300;;;;;;;;;;;;;;;;;StopPoint:OCETGV INOUI-83002048;OULX CESANA CLAVIERE SESTRIERE;;45.0387950;6.83143100;;;0;StopArea:OCE83002048
2026-07-29 13:52:26;OCESN9243F1187_F:OUI:FR:Line::2FFF7F96-0EBC-4AA1-B417-38EBD492057E::87686006:83016451:7:1353:20261206;StopPoint:OCETGV INOUI-83000356;2026-07-29 12:28:00;300;2026-07-29 12:30:00;300;;;;;;;;;;;;;;;;;StopPoint:OCETGV INOUI-83000356;Turin Porta Susa;;45.0741180;7.66667500;;;0;StopArea:OCE83000356
2026-07-29 13:52:26;OCESN6191F1187_F:OUI:FR:Line::1C9BA26B-7D92-4D0E-86EF-895FB80E10BF::87686006:87753004:8:1142:20260729;StopPoint:OCETGV INOUI-87686006;;;2026-07-29 07:49:00;2100;;;;;;;;;;;;;;;;;StopPoint:OCETGV INOUI-87686006;Paris Gare de Lyon Hall 1 - 2;;48.8449450;2.37348100;;;0;StopArea:OCE87686006
2026-07-29 13:52:26;OCESN6191F1187_F:OUI:FR:Line::1C9BA26B-7D92-4D0E-86EF-895FB80E10BF::87686006:87753004:8:1142:20260729;StopPoint:OCETGV INOUI-87762906;2026-07-29 09:45:00;2400;2026-07-29 09:54:00;2400;;;;;;;;;;;;;;;;;StopPoint:OCETGV INOUI-87762906;Lyon Saint-Exupéry TGV;;45.7211090;5.07496900;;;0;StopArea:OCE87762906
2026-07-29 13:52:26;OCESN6191F1187_F:OUI:FR:Line::1C9BA26B-7D92-4D0E-86EF-895FB80E10BF::87686006:87753004:8:1142:20260729;StopPoint:OCETGV INOUI-87761007;2026-07-29 10:21:00;2400;2026-07-29 10:24:00;2400;;;;;;;;;;;;;;;;;StopPoint:OCETGV INOUI-87761007;Valence Ville;;44.9280810;4.89328800;;;0;StopArea:OCE87761007
2026-07-29 13:52:26;OCESN6191F1187_F:OUI:FR:Line::1C9BA26B-7D92-4D0E-86EF-895FB80E10BF::87686006:87753004:8:1142:20260729;StopPoint:OCETGV INOUI-87764001;2026-07-29 10:45:00;2400;2026-07-29 10:48:00;2400;;;;;;;;;;;;;;;;;StopPoint:OCETGV INOUI-87764001;Montélimar;;44.5589360;4.74472600;;;0;StopArea:OCE87764001
2026-07-29 13:52:26;OCESN6191F1187_F:OUI:FR:Line::1C9BA26B-7D92-4D0E-86EF-895FB80E10BF::87686006:87753004:8:1142:20260729;StopPoint:OCETGV INOUI-87765107;2026-07-29 11:13:00;2400;2026-07-29 11:16:00;2400;;;;;;;;;;;;;;;;;StopPoint:OCETGV INOUI-87765107;Orange;;44.1374850;4.82005800;;;0;StopArea:OCE87765107
2026-07-29 13:52:26;OCESN6191F1187_F:OUI:FR:Line::1C9BA26B-7D92-4D0E-86EF-895FB80E10BF::87686006:87753004:8:1142:20260729;StopPoint:OCETGV INOUI-87765008;2026-07-29 11:30:00;2400;2026-07-29 13:24:00;9000;;;;;;;;;;;;;;;;;StopPoint:OCETGV INOUI-87765008;Avignon Centre;;43.9419230;4.80526900;;;0;StopArea:OCE87765008
2026-07-29 13:52:26;OCESN6191F1187_F:OUI:FR:Line::1C9BA26B-7D92-4D0E-86EF-895FB80E10BF::87686006:87753004:8:1142:20260729;StopPoint:OCETGV INOUI-87753657;2026-07-29 13:46:00;9000;2026-07-29 13:50:00;9000;;;;;;;;;;;;;;;;;StopPoint:OCETGV INOUI-87753657;Arles;;43.6848630;4.63210500;;;0;StopArea:OCE87753657
2026-07-29 13:52:26;OCESN6191F1187_F:OUI:FR:Line::1C9BA26B-7D92-4D0E-86EF-895FB80E10BF::87686006:87753004:8:1142:20260729;StopPoint:OCETGV INOUI-87753004;2026-07-29 14:12:00;9000;;;;;;;;;;;;;;;;;;;StopPoint:OCETGV INOUI-87753004;Miramas;;43.5807370;4.99956500;;;0;StopArea:OCE87753004
2026-07-29 13:52:26;OCESN3644F1187_F:IC:FR:Line::276892b7-b6aa-4a9b-a989-62f4abea526b::87611004:87547000:13:1434:20261120;StopPoint:OCEINTERCITES-87613000;2026-07-29 08:41:00;0;2026-07-29 08:48:00;300;;;;;;;;;;;;;;;;;;;;;;;;;
2026-07-29 13:52:26;OCESN3644F1187_F:IC:FR:Line::276892b7-b6aa-4a9b-a989-62f4abea526b::87611004:87547000:13:1434:20261120;StopPoint:OCEINTERCITES-87613141;2026-07-29 09:13:00;300;2026-07-29 09:15:00;300;;;;;;;;;;;;;;;;;;;;;;;;;
2026-07-29 13:52:26;OCESN3644F1187_F:IC:FR:Line::276892b7-b6aa-4a9b-a989-62f4abea526b::87611004:87547000:13:1434:20261120;StopPoint:OCEINTERCITES-87594333;2026-07-29 09:30:00;300;2026-07-29 09:32:00;300;;;;;;;;;;;;;;;;;;;;;;;;;
2026-07-29 13:52:26;OCESN3644F1187_F:IC:FR:Line::276892b7-b6aa-4a9b-a989-62f4abea526b::87611004:87547000:13:1434:20261120;StopPoint:OCEINTERCITES-87594002;2026-07-29 09:59:00;300;2026-07-29 10:02:00;300;;;;;;;;;;;;;;;;;;;;;;;;;
2026-07-29 13:52:26;OCESN3644F1187_F:IC:FR:Line::276892b7-b6aa-4a9b-a989-62f4abea526b::87611004:87547000:13:1434:20261120;StopPoint:OCEINTERCITES-87592006;2026-07-29 11:06:00;300;2026-07-29 11:09:00;300;;;;;;;;;;;;;;;;;;;;;;;;;
2026-07-29 13:52:26;OCESN3644F1187_F:IC:FR:Line::276892b7-b6aa-4a9b-a989-62f4abea526b::87611004:87547000:13:1434:20261120;StopPoint:OCEINTERCITES-87592378;2026-07-29 11:40:00;300;2026-07-29 11:42:00;300;;;;;;;;;;;;;;;;;;;;;;;;;
2026-07-29 13:52:26;OCESN3644F1187_F:IC:FR:Line::276892b7-b6aa-4a9b-a989-62f4abea526b::87611004:87547000:13:1434:20261120;StopPoint:OCEINTERCITES-87597005;2026-07-29 12:18:00;300;2026-07-29 12:20:00;300;;;;;;;;;;;;;;;;;;;;;;;;;
2026-07-29 13:52:26;OCESN3644F1187_F:IC:FR:Line::276892b7-b6aa-4a9b-a989-62f4abea526b::87611004:87547000:13:1434:20261120;StopPoint:OCEINTERCITES-87543017;2026-07-29 13:31:00;300;2026-07-29 13:33:00;300;;;;;;;;;;;;;;;;;;;;;;;;;
2026-07-29 13:52:26;OCESN3644F1187_F:IC:FR:Line::276892b7-b6aa-4a9b-a989-62f4abea526b::87611004:87547000:13:1434:20261120;StopPoint:OCEINTERCITES-87547000;2026-07-29 14:44:00;600;;;;;;;;;;;;;;;;;;;;;;;;;;;
2026-07-29 13:52:26;OCESN4756F1187_F:IC:FR:Line::3418b67d-a81f-4dde-b3b0-60cc96ed86f4::87751008:87581009:11:1349:20261212;StopPoint:OCEINTERCITES-87751008;;;2026-07-29 07:50:00;1800;;;;;;;;;;;;;;;;;;;;;;;;;
2026-07-29 13:52:26;OCESN4756F1187_F:IC:FR:Line::3418b67d-a81f-4dde-b3b0-60cc96ed86f4::87751008:87581009:11:1349:20261212;StopPoint:OCEINTERCITES-87753657;2026-07-29 08:35:00;1800;2026-07-29 08:37:00;1800;;;;;;;;;;;;;;;;;;;;;;;;;
2026-07-29 13:52:26;OCESN4756F1187_F:IC:FR:Line::3418b67d-a81f-4dde-b3b0-60cc96ed86f4::87751008:87581009:11:1349:20261212;StopPoint:OCEINTERCITES-87775007;2026-07-29 09:03:00;1800;2026-07-29 09:06:00;1800;;;;;;;;;;;;;;;;;;;;;;;;;
2026-07-29 13:52:26;OCESN4756F1187_F:IC:FR:Line::3418b67d-a81f-4dde-b3b0-60cc96ed86f4::87751008:87581009:11:1349:20261212;StopPoint:OCEINTERCITES-87773002;2026-07-29 09:31:00;1800;2026-07-29 09:36:00;1800;;;;;;;;;;;;;;;;;;;;;;;;;
2026-07-29 13:52:26;OCESN4756F1187_F:IC:FR:Line::3418b67d-a81f-4dde-b3b0-60cc96ed86f4::87751008:87581009:11:1349:20261212;StopPoint:OCEINTERCITES-87773200;2026-07-29 09:55:00;2100;2026-07-29 09:57:00;2100;;;;;;;;;;;;;;;;;;;;;;;;;
2026-07-29 13:52:26;OCESN4756F1187_F:IC:FR:Line::3418b67d-a81f-4dde-b3b0-60cc96ed86f4::87751008:87581009:11:1349:20261212;StopPoint:OCEINTERCITES-87781104;2026-07-29 10:33:00;2100;2026-07-29 10:37:00;2100;;;;;;;;;;;;;;;;;;;;;;;;;
2026-07-29 13:52:26;OCESN4756F1187_F:IC:FR:Line::3418b67d-a81f-4dde-b3b0-60cc96ed86f4::87751008:87581009:11:1349:20261212;StopPoint:OCEINTERCITES-87615286;2026-07-29 11:05:00;2100;2026-07-29 11:08:00;2100;;;;;;;;;;;;;;;;;;;;;;;;;
2026-07-29 13:52:26;OCESN4756F1187_F:IC:FR:Line::3418b67d-a81f-4dde-b3b0-60cc96ed86f4::87751008:87581009:11:1349:20261212;StopPoint:OCEINTERCITES-87611004;2026-07-29 11:55:00;2400;2026-07-29 12:05:00;2700;;;;;;;;;;;;;;;;;;;;;;;;;
2026-07-29 13:52:26;OCESN4756F1187_F:IC:FR:Line::3418b67d-a81f-4dde-b3b0-60cc96ed86f4::87751008:87581009:11:1349:20261212;StopPoint:OCEINTERCITES-87611244;2026-07-29 12:40:00;2700;2026-07-29 12:42:00;2700;;;;;;;;;;;;;;;;;;;;;;;;;
2026-07-29 13:52:26;OCESN4756F1187_F:IC:FR:Line::3418b67d-a81f-4dde-b3b0-60cc96ed86f4::87751008:87581009:11:1349:20261212;StopPoint:OCEINTERCITES-87586008;2026-07-29 13:23:00;3000;2026-07-29 13:25:00;3000;;;;;;;;;;;;;;;;;;;;;;;;;
2026-07-29 13:52:26;OCESN4756F1187_F:IC:FR:Line::3418b67d-a81f-4dde-b3b0-60cc96ed86f4::87751008:87581009:11:1349:20261212;StopPoint:OCEINTERCITES-87581009;2026-07-29 14:44:00;3300;;;;;;;;;;;;;;;;;;;;;;;;;;;
2026-07-29 13:52:26;OCESN5376F1187_F:OUI:FR:Line::6CC8BBE5-9508-49DB-95CD-797616EA49C6::87751008:87413013:9:1411:20260729;StopPoint:OCETGV INOUI-87763029;2026-07-29 08:44:00;300;2026-07-29 08:46:00;120;;;;;;;;;;;;;;;;;StopPoint:OCETGV INOUI-87763029;Valence TGV Rhône-Alpes Sud;;44.9919070;4.97865200;;;0;StopArea:OCE87763029
2026-07-29 13:52:26;OCESN6188F1187_F:OUI:FR:Line::3C11D08B-6F1C-416C-A388-63B4074018CB::87756056:87686006:8:1350:20260801;StopPoint:OCETGV INOUI-87755009;2026-07-29 09:46:00;0;2026-07-29 09:55:00;300;;;;;;;;;;;;;;;;;StopPoint:OCETGV INOUI-87755009;Toulon;;43.1283530;5.92940400;;;0;StopArea:OCE87755009
2026-07-29 13:52:26;OCESN6188F1187_F:OUI:FR:Line::3C11D08B-6F1C-416C-A388-63B4074018CB::87756056:87686006:8:1350:20260801;StopPoint:OCETGV INOUI-87751008;2026-07-29 10:38:00;300;2026-07-29 10:47:00;0;;;;;;;;;;;;;;;;;StopPoint:OCETGV INOUI-87751008;Marseille Saint-Charles;;43.3026660;5.38040700;;;0;StopArea:OCE87751008
2026-07-29 13:52:26;OCESN6188F1187_F:OUI:FR:Line::3C11D08B-6F1C-416C-A388-63B4074018CB::87756056:87686006:8:1350:20260801;StopPoint:OCETGV INOUI-87686006;2026-07-29 14:05:00;900;;;;;;;;;;;;;;;;;;;StopPoint:OCETGV INOUI-87686006;Paris Gare de Lyon Hall 1 - 2;;48.8449450;2.37348100;;;0;StopArea:OCE87686006
2026-07-29 13:52:26;OCESN4657F1187_F:IC:FR:Line::3418b67d-a81f-4dde-b3b0-60cc96ed86f4::87581009:87751008:11:1444:20260826;StopPoint:OCEINTERCITES-87781104;2026-07-29 12:03:00;300;2026-07-29 12:06:00;300;;;;;;;;;;;;;;;;;;;;;;;;;
2026-07-29 13:52:26;OCESN4657F1187_F:IC:FR:Line::3418b67d-a81f-4dde-b3b0-60cc96ed86f4::87581009:87751008:11:1444:20260826;StopPoint:OCEINTERCITES-87773200;2026-07-29 12:40:00;300;2026-07-29 12:43:00;300;;;;;;;;;;;;;;;;;;;;;;;;;
2026-07-29 13:52:26;OCESN4657F1187_F:IC:FR:Line::3418b67d-a81f-4dde-b3b0-60cc96ed86f4::87581009:87751008:11:1444:20260826;StopPoint:OCEINTERCITES-87773002;2026-07-29 12:58:00;300;2026-07-29 13:03:00;300;;;;;;;;;;;;;;;;;;;;;;;;;
2026-07-29 13:52:26;OCESN4657F1187_F:IC:FR:Line::3418b67d-a81f-4dde-b3b0-60cc96ed86f4::87581009:87751008:11:1444:20260826;StopPoint:OCEINTERCITES-87775007;2026-07-29 13:27:00;300;2026-07-29 13:31:00;300;;;;;;;;;;;;;;;;;;;;;;;;;
2026-07-29 13:52:26;OCESN4657F1187_F:IC:FR:Line::3418b67d-a81f-4dde-b3b0-60cc96ed86f4::87581009:87751008:11:1444:20260826;StopPoint:OCEINTERCITES-87753657;2026-07-29 13:55:00;300;2026-07-29 13:57:00;300;;;;;;;;;;;;;;;;;;;;;;;;;
2026-07-29 13:52:26;OCESN4657F1187_F:IC:FR:Line::3418b67d-a81f-4dde-b3b0-60cc96ed86f4::87581009:87751008:11:1444:20260826;StopPoint:OCEINTERCITES-87751008;2026-07-29 14:49:00;300;;;;;;;;;;;;;;;;;;;;;;;;;;;
2026-07-29 13:52:26;OCESN9877F1187_F:OUI:FR:Line::19ea029b-6782-421a-8481-7470f5718e47::87192039:87751008:12:1504:20261030;StopPoint:OCETGV INOUI-87182063;2026-07-29 09:58:00;300;2026-07-29 10:01:00;300;;;;;;;;;;;;;;;;;StopPoint:OCETGV INOUI-87182063;Mulhouse;;47.7426910;7.34316000;;;0;StopArea:OCE87182063
2026-07-29 13:52:26;OCESN9877F1187_F:OUI:FR:Line::19ea029b-6782-421a-8481-7470f5718e47::87192039:87751008:12:1504:20261030;StopPoint:OCETGV INOUI-87300822;2026-07-29 10:29:00;600;2026-07-29 10:31:00;600;;;;;;;;;;;;;;;;;StopPoint:OCETGV INOUI-87300822;Belfort - Montbéliard TGV;;47.5851050;6.89798400;;;0;StopArea:OCE87300822
2026-07-29 13:52:26;OCESN9877F1187_F:OUI:FR:Line::19ea029b-6782-421a-8481-7470f5718e47::87192039:87751008:12:1504:20261030;StopPoint:OCETGV INOUI-87300863;2026-07-29 10:51:00;600;2026-07-29 10:54:00;600;;;;;;;;;;;;;;;;;StopPoint:OCETGV INOUI-87300863;Besançon Franche-Comté TGV;;47.3072150;5.95361300;;;0;StopArea:OCE87300863
2026-07-29 13:52:26;OCESN9877F1187_F:OUI:FR:Line::19ea029b-6782-421a-8481-7470f5718e47::87192039:87751008:12:1504:20261030;StopPoint:OCETGV INOUI-87713040;2026-07-29 11:21:00;600;2026-07-29 11:31:00;600;;;;;;;;;;;;;;;;;StopPoint:OCETGV INOUI-87713040;Dijon;;47.3234110;5.02725600;;;0;StopArea:OCE87713040
2026-07-29 13:52:26;OCESN9877F1187_F:OUI:FR:Line::19ea029b-6782-421a-8481-7470f5718e47::87192039:87751008:12:1504:20261030;StopPoint:OCETGV INOUI-87725689;2026-07-29 12:29:00;600;2026-07-29 12:32:00;600;;;;;;;;;;;;;;;;;StopPoint:OCETGV INOUI-87725689;Mâcon;;46.3025720;4.82488700;;;0;StopArea:OCE87725689
2026-07-29 13:52:26;OCESN9877F1187_F:OUI:FR:Line::19ea029b-6782-421a-8481-7470f5718e47::87192039:87751008:12:1504:20261030;StopPoint:OCETGV INOUI-87723197;2026-07-29 13:09:00;600;2026-07-29 13:20:00;600;;;;;;;;;;;;;;;;;StopPoint:OCETGV INOUI-87723197;Lyon Part Dieu;;45.7605960;4.85940900;;;0;StopArea:OCE87723197
2026-07-29 13:52:26;OCESN9877F1187_F:OUI:FR:Line::19ea029b-6782-421a-8481-7470f5718e47::87192039:87751008:12:1504:20261030;StopPoint:OCETGV INOUI-87763029;2026-07-29 13:55:00;600;2026-07-29 14:01:00;600;;;;;;;;;;;;;;;;;StopPoint:OCETGV INOUI-87763029;Valence TGV Rhône-Alpes Sud;;44.9919070;4.97865200;;;0;StopArea:OCE87763029
2026-07-29 13:52:26;OCESN9877F1187_F:OUI:FR:Line::19ea029b-6782-421a-8481-7470f5718e47::87192039:87751008:12:1504:20261030;StopPoint:OCETGV INOUI-87318964;2026-07-29 14:36:00;600;2026-07-29 14:39:00;600;;;;;;;;;;;;;;;;;StopPoint:OCETGV INOUI-87318964;Avignon TGV;;43.9219400;4.78613600;;;0;StopArea:OCE87318964
2026-07-29 13:52:26;OCESN9877F1187_F:OUI:FR:Line::19ea029b-6782-421a-8481-7470f5718e47::87192039:87751008:12:1504:20261030;StopPoint:OCETGV INOUI-87319012;2026-07-29 14:59:00;600;2026-07-29 15:02:00;600;;;;;;;;;;;;;;;;;StopPoint:OCETGV INOUI-87319012;Aix-en-Provence TGV;;43.4552370;5.31753400;;;0;StopArea:OCE87319012
2026-07-29 13:52:26;OCESN9877F1187_F:OUI:FR:Line::19ea029b-6782-421a-8481-7470f5718e47::87192039:87751008:12:1504:20261030;StopPoint:OCETGV INOUI-87751008;2026-07-29 15:14:00;600;;;;;;;;;;;;;;;;;;;StopPoint:OCETGV INOUI-87751008;Marseille Saint-Charles;;43.3026660;5.38040700;;;0;StopArea:OCE87751008
2026-07-29 13:52:26;OCESN12183F1187_F:OUI:FR:Line::19ea029b-6782-421a-8481-7470f5718e47::87751008:87212027:9:1343:20261107;StopPoint:OCETGV INOUI-87751008;;;2026-07-29 08:22:00;600;;;;;;;;;;;;;;;;;StopPoint:OCETGV INOUI-87751008;Marseille Saint-Charles;;43.3026660;5.38040700;;;0;StopArea:OCE87751008
2026-07-29 13:52:26;OCESN12183F1187_F:OUI:FR:Line::19ea029b-6782-421a-8481-7470f5718e47::87751008:87212027:9:1343:20261107;StopPoint:OCETGV INOUI-87319012;2026-07-29 08:38:00;900;2026-07-29 08:41:00;900;;;;;;;;;;;;;;;;;StopPoint:OCETGV INOUI-87319012;Aix-en-Provence TGV;;43.4552370;5.31753400;;;0;StopArea:OCE87319012
2026-07-29 13:52:26;OCESN12183F1187_F:OUI:FR:Line::19ea029b-6782-421a-8481-7470f5718e47::87751008:87212027:9:1343:20261107;StopPoint:OCETGV INOUI-87318964;2026-07-29 09:01:00;900;2026-07-29 09:04:00;900;;;;;;;;;;;;;;;;;StopPoint:OCETGV INOUI-87318964;Avignon TGV;;43.9219400;4.78613600;;;0;StopArea:OCE87318964
2026-07-29 13:52:26;OCESN12183F1187_F:OUI:FR:Line::19ea029b-6782-421a-8481-7470f5718e47::87751008:87212027:9:1343:20261107;StopPoint:OCETGV INOUI-87723197;2026-07-29 10:09:00;900;2026-07-29 10:16:00;900;;;;;;;;;;;;;;;;;StopPoint:OCETGV INOUI-87723197;Lyon Part Dieu;;45.7605960;4.85940900;;;0;StopArea:OCE87723197
2026-07-29 13:52:26;OCESN12183F1187_F:OUI:FR:Line::19ea029b-6782-421a-8481-7470f5718e47::87751008:87212027:9:1343:20261107;StopPoint:OCETGV INOUI-87725002;2026-07-29 11:08:00;300;2026-07-29 11:11:00;300;;;;;;;;;;;;;;;;;StopPoint:OCETGV INOUI-87725002;Chalon-sur-Saône;;46.7816220;4.84347900;;;0;StopArea:OCE87725002
2026-07-29 13:52:26;OCESN12183F1187_F:OUI:FR:Line::19ea029b-6782-421a-8481-7470f5718e47::87751008:87212027:9:1343:20261107;StopPoint:OCETGV INOUI-87300863;2026-07-29 12:06:00;300;2026-07-29 12:08:00;300;;;;;;;;;;;;;;;;;StopPoint:OCETGV INOUI-87300863;Besançon Franche-Comté TGV;;47.3072150;5.95361300;;;0;StopArea:OCE87300863
2026-07-29 13:52:26;OCESN12183F1187_F:OUI:FR:Line::19ea029b-6782-421a-8481-7470f5718e47::87751008:87212027:9:1343:20261107;StopPoint:OCETGV INOUI-87300822;2026-07-29 12:29:00;300;2026-07-29 12:32:00;300;;;;;;;;;;;;;;;;;StopPoint:OCETGV INOUI-87300822;Belfort - Montbéliard TGV;;47.5851050;6.89798400;;;0;StopArea:OCE87300822
2026-07-29 13:52:26;OCESN12183F1187_F:OUI:FR:Line::19ea029b-6782-421a-8481-7470f5718e47::87751008:87212027:9:1343:20261107;StopPoint:OCETGV INOUI-87182063;2026-07-29 12:55:00;300;2026-07-29 12:59:00;300;;;;;;;;;;;;;;;;;StopPoint:OCETGV INOUI-87182063;Mulhouse;;47.7426910;7.34316000;;;0;StopArea:OCE87182063
2026-07-29 13:52:26;OCESN12183F1187_F:OUI:FR:Line::19ea029b-6782-421a-8481-7470f5718e47::87751008:87212027:9:1343:20261107;StopPoint:OCETGV INOUI-87212027;2026-07-29 14:03:00;1200;;;;;;;;;;;;;;;;;;;StopPoint:OCETGV INOUI-87212027;Strasbourg;;48.5851100;7.73388200;;;0;StopArea:OCE87212027
2026-07-29 13:52:26;OCESN9583F1187_F:ICE:FR:Line::884A662A-9CC9-4133-94A5-88B4AE5206FD::87751008:80110684:13:1600:20261212;StopPoint:OCEICE-87751008;;;2026-07-29 08:22:00;600;;;;;;;;;;;;;;;;;StopPoint:OCEICE-87751008;Marseille Saint-Charles;;43.3026660;5.38040700;;;0;StopArea:OCE87751008
2026-07-29 13:52:26;OCESN9583F1187_F:ICE:FR:Line::884A662A-9CC9-4133-94A5-88B4AE5206FD::87751008:80110684:13:1600:20261212;StopPoint:OCEICE-87319012;2026-07-29 08:38:00;900;2026-07-29 08:41:00;900;;;;;;;;;;;;;;;;;StopPoint:OCEICE-87319012;Aix-en-Provence TGV;;43.4552370;5.31753400;;;0;StopArea:OCE87319012
2026-07-29 13:52:26;OCESN9583F1187_F:ICE:FR:Line::884A662A-9CC9-4133-94A5-88B4AE5206FD::87751008:80110684:13:1600:20261212;StopPoint:OCEICE-87318964;2026-07-29 09:01:00;900;2026-07-29 09:04:00;900;;;;;;;;;;;;;;;;;StopPoint:OCEICE-87318964;Avignon TGV;;43.9219400;4.78613600;;;0;StopArea:OCE87318964
2026-07-29 13:52:26;OCESN9583F1187_F:ICE:FR:Line::884A662A-9CC9-4133-94A5-88B4AE5206FD::87751008:80110684:13:1600:20261212;StopPoint:OCEICE-87723197;2026-07-29 10:09:00;900;2026-07-29 10:16:00;900;;;;;;;;;;;;;;;;;StopPoint:OCEICE-87723197;Lyon Part Dieu;;45.7605960;4.85940900;;;0;StopArea:OCE87723197
2026-07-29 13:52:26;OCESN9583F1187_F:ICE:FR:Line::884A662A-9CC9-4133-94A5-88B4AE5206FD::87751008:80110684:13:1600:20261212;StopPoint:OCEICE-87725002;2026-07-29 11:08:00;300;2026-07-29 11:11:00;300;;;;;;;;;;;;;;;;;StopPoint:OCEICE-87725002;Chalon-sur-Saône;;46.7816220;4.84347900;;;0;StopArea:OCE87725002
2026-07-29 13:52:26;OCESN9583F1187_F:ICE:FR:Line::884A662A-9CC9-4133-94A5-88B4AE5206FD::87751008:80110684:13:1600:20261212;StopPoint:OCEICE-87300863;2026-07-29 12:06:00;300;2026-07-29 12:08:00;300;;;;;;;;;;;;;;;;;StopPoint:OCEICE-87300863;Besançon Franche-Comté TGV;;47.3072150;5.95361300;;;0;StopArea:OCE87300863
2026-07-29 13:52:26;OCESN9583F1187_F:ICE:FR:Line::884A662A-9CC9-4133-94A5-88B4AE5206FD::87751008:80110684:13:1600:20261212;StopPoint:OCEICE-87300822;2026-07-29 12:29:00;300;2026-07-29 12:32:00;300;;;;;;;;;;;;;;;;;StopPoint:OCEICE-87300822;Belfort - Montbéliard TGV;;47.5851050;6.89798400;;;0;StopArea:OCE87300822
2026-07-29 13:52:26;OCESN9583F1187_F:ICE:FR:Line::884A662A-9CC9-4133-94A5-88B4AE5206FD::87751008:80110684:13:1600:20261212;StopPoint:OCEICE-87182063;2026-07-29 12:55:00;300;2026-07-29 12:59:00;300;;;;;;;;;;;;;;;;;StopPoint:OCEICE-87182063;Mulhouse;;47.7426910;7.34316000;;;0;StopArea:OCE87182063
2026-07-29 13:52:26;OCESN9583F1187_F:ICE:FR:Line::884A662A-9CC9-4133-94A5-88B4AE5206FD::87751008:80110684:13:1600:20261212;StopPoint:OCEICE-87212027;2026-07-29 14:03:00;1200;2026-07-29 14:15:00;1200;;;;;;;;;;;;;;;;;StopPoint:OCEICE-87212027;Strasbourg;;48.5851100;7.73388200;;;0;StopArea:OCE87212027
2026-07-29 13:52:26;OCESN9583F1187_F:ICE:FR:Line::884A662A-9CC9-4133-94A5-88B4AE5206FD::87751008:80110684:13:1600:20261212;StopPoint:OCEICE-80142778;2026-07-29 15:00:00;1800;2026-07-29 15:02:00;1800;;;;;;;;;;;;;;;;;StopPoint:OCEICE-80142778;Baden-Baden;;48.7903000;8.19090000;;;0;StopArea:OCE80142778
2026-07-29 13:52:26;OCESN9583F1187_F:ICE:FR:Line::884A662A-9CC9-4133-94A5-88B4AE5206FD::87751008:80110684:13:1600:20261212;StopPoint:OCEICE-80142281;2026-07-29 15:20:00;1800;2026-07-29 15:24:00;1800;;;;;;;;;;;;;;;;;StopPoint:OCEICE-80142281;Karlsruhe Hbf;;48.9935000;8.40190000;;;0;StopArea:OCE80142281
2026-07-29 13:52:26;OCESN9583F1187_F:ICE:FR:Line::884A662A-9CC9-4133-94A5-88B4AE5206FD::87751008:80110684:13:1600:20261212;StopPoint:OCEICE-80140087;2026-07-29 15:48:00;1800;2026-07-29 15:51:00;1800;;;;;;;;;;;;;;;;;StopPoint:OCEICE-80140087;Mannheim Hbf;;49.4794000;8.46960000;;;0;StopArea:OCE80140087
2026-07-29 13:52:26;OCESN9583F1187_F:ICE:FR:Line::884A662A-9CC9-4133-94A5-88B4AE5206FD::87751008:80110684:13:1600:20261212;StopPoint:OCEICE-80110684;2026-07-29 16:25:00;1500;;;;;;;;;;;;;;;;;;;StopPoint:OCEICE-80110684;Francfort sur le Main;;50.1073000;8.66240000;;;0;StopArea:OCE80110684
2026-07-29 13:52:26;OCESN9812F1187_F:OUI:FR:Line::A6C76228-9224-4C48-8B92-80FC80F093E2::88140010:87773002:8:1402:20260805;StopPoint:OCETGV INOUI-88140010;;;2026-07-29 08:22:00;300;;;;;;;;;;;;;;;;;StopPoint:OCETGV INOUI-88140010;Bruxelles Midi;;50.8360000;4.33600000;;;0;StopArea:OCE88140010
2026-07-29 13:52:26;OCESN7851F1187_F:OGO:FR:Line::D1E5AD07-58C1-456A-B4E2-928E91061B0B::87686006:87756056:7:1410:20260830;StopPoint:OCEOUIGO-87757526;2026-07-29 13:12:00;600;2026-07-29 13:15:00;600;;;;;;;;;;;;;;;;;StopPoint:OCEOUIGO-87757526;Saint-Raphaël Valescure;;43.4236310;6.76903700;;;0;StopArea:OCE87757526
2026-07-29 13:52:26;OCESN7851F1187_F:OGO:FR:Line::D1E5AD07-58C1-456A-B4E2-928E91061B0B::87686006:87756056:7:1410:20260830;StopPoint:OCEOUIGO-87757625;2026-07-29 13:38:00;600;2026-07-29 13:42:00;600;;;;;;;;;;;;;;;;;StopPoint:OCEOUIGO-87757625;Cannes;;43.5539080;7.01971100;;;0;StopArea:OCE87757625
2026-07-29 13:52:26;OCESN7851F1187_F:OGO:FR:Line::D1E5AD07-58C1-456A-B4E2-928E91061B0B::87686006:87756056:7:1410:20260830;StopPoint:OCEOUIGO-87757674;2026-07-29 13:51:00;600;2026-07-29 13:55:00;600;;;;;;;;;;;;;;;;;StopPoint:OCEOUIGO-87757674;Antibes;;43.5859710;7.11991300;;;0;StopArea:OCE87757674
2026-07-29 13:52:26;OCESN7851F1187_F:OGO:FR:Line::D1E5AD07-58C1-456A-B4E2-928E91061B0B::87686006:87756056:7:1410:20260830;StopPoint:OCEOUIGO-87756056;2026-07-29 14:15:00;300;;;;;;;;;;;;;;;;;;;StopPoint:OCEOUIGO-87756056;Nice-Ville;;43.7045560;7.26190400;;;0;StopArea:OCE87756056
2026-07-29 13:52:26;OCESN12179F1187_F:OUI:FR:Line::19ea029b-6782-421a-8481-7470f5718e47::87212027:87751008:11:1504:20261108;StopPoint:OCETGV INOUI-87182063;2026-07-29 09:58:00;300;2026-07-29 10:01:00;300;;;;;;;;;;;;;;;;;StopPoint:OCETGV INOUI-87182063;Mulhouse;;47.7426910;7.34316000;;;0;StopArea:OCE87182063
2026-07-29 13:52:26;OCESN12179F1187_F:OUI:FR:Line::19ea029b-6782-421a-8481-7470f5718e47::87212027:87751008:11:1504:20261108;StopPoint:OCETGV INOUI-87300822;2026-07-29 10:29:00;600;2026-07-29 10:31:00;600;;;;;;;;;;;;;;;;;StopPoint:OCETGV INOUI-87300822;Belfort - Montbéliard TGV;;47.5851050;6.89798400;;;0;StopArea:OCE87300822
2026-07-29 13:52:26;OCESN12179F1187_F:OUI:FR:Line::19ea029b-6782-421a-8481-7470f5718e47::87212027:87751008:11:1504:20261108;StopPoint:OCETGV INOUI-87300863;2026-07-29 10:51:00;600;2026-07-29 10:54:00;600;;;;;;;;;;;;;;;;;StopPoint:OCETGV INOUI-87300863;Besançon Franche-Comté TGV;;47.3072150;5.95361300;;;0;StopArea:OCE87300863
2026-07-29 13:52:26;OCESN12179F1187_F:OUI:FR:Line::19ea029b-6782-421a-8481-7470f5718e47::87212027:87751008:11:1504:20261108;StopPoint:OCETGV INOUI-87713040;2026-07-29 11:21:00;600;2026-07-29 11:31:00;600;;;;;;;;;;;;;;;;;StopPoint:OCETGV INOUI-87713040;Dijon;;47.3234110;5.02725600;;;0;StopArea:OCE87713040
2026-07-29 13:52:26;OCESN12179F1187_F:OUI:FR:Line::19ea029b-6782-421a-8481-7470f5718e47::87212027:87751008:11:1504:20261108;StopPoint:OCETGV INOUI-87725689;2026-07-29 12:29:00;600;2026-07-29 12:32:00;600;;;;;;;;;;;;;;;;;StopPoint:OCETGV INOUI-87725689;Mâcon;;46.3025720;4.82488700;;;0;StopArea:OCE87725689
2026-07-29 13:52:26;OCESN12179F1187_F:OUI:FR:Line::19ea029b-6782-421a-8481-7470f5718e47::87212027:87751008:11:1504:20261108;StopPoint:OCETGV INOUI-87723197;2026-07-29 13:09:00;600;2026-07-29 13:20:00;600;;;;;;;;;;;;;;;;;StopPoint:OCETGV INOUI-87723197;Lyon Part Dieu;;45.7605960;4.85940900;;;0;StopArea:OCE87723197
2026-07-29 13:52:26;OCESN12179F1187_F:OUI:FR:Line::19ea029b-6782-421a-8481-7470f5718e47::87212027:87751008:11:1504:20261108;StopPoint:OCETGV INOUI-87763029;2026-07-29 13:55:00;600;2026-07-29 14:01:00;600;;;;;;;;;;;;;;;;;StopPoint:OCETGV INOUI-87763029;Valence TGV Rhône-Alpes Sud;;44.9919070;4.97865200;;;0;StopArea:OCE87763029
2026-07-29 13:52:26;OCESN12179F1187_F:OUI:FR:Line::19ea029b-6782-421a-8481-7470f5718e47::87212027:87751008:11:1504:20261108;StopPoint:OCETGV INOUI-87318964;2026-07-29 14:36:00;600;2026-07-29 14:39:00;600;;;;;;;;;;;;;;;;;StopPoint:OCETGV INOUI-87318964;Avignon TGV;;43.9219400;4.78613600;;;0;StopArea:OCE87318964
2026-07-29 13:52:26;OCESN12179F1187_F:OUI:FR:Line::19ea029b-6782-421a-8481-7470f5718e47::87212027:87751008:11:1504:20261108;StopPoint:OCETGV INOUI-87319012;2026-07-29 14:59:00;600;2026-07-29 15:02:00;600;;;;;;;;;;;;;;;;;StopPoint:OCETGV INOUI-87319012;Aix-en-Provence TGV;;43.4552370;5.31753400;;;0;StopArea:OCE87319012
2026-07-29 13:52:26;OCESN12179F1187_F:OUI:FR:Line::19ea029b-6782-421a-8481-7470f5718e47::87212027:87751008:11:1504:20261108;StopPoint:OCETGV INOUI-87751008;2026-07-29 15:14:00;600;;;;;;;;;;;;;;;;;;;StopPoint:OCETGV INOUI-87751008;Marseille Saint-Charles;;43.3026660;5.38040700;;;0;StopArea:OCE87751008
2026-07-29 13:52:26;OCESN6173F1187_F:OUI:FR:Line::3C11D08B-6F1C-416C-A388-63B4074018CB::87686006:87756056:7:1504:20260731;StopPoint:OCETGV INOUI-87757526;2026-07-29 14:07:00;300;2026-07-29 14:10:00;300;;;;;;;;;;;;;;;;;StopPoint:OCETGV INOUI-87757526;Saint-Raphaël Valescure;;43.4236310;6.76903700;;;0;StopArea:OCE87757526
2026-07-29 13:52:26;OCESN6173F1187_F:OUI:FR:Line::3C11D08B-6F1C-416C-A388-63B4074018CB::87686006:87756056:7:1504:20260731;StopPoint:OCETGV INOUI-87757625;2026-07-29 14:37:00;300;2026-07-29 14:41:00;300;;;;;;;;;;;;;;;;;StopPoint:OCETGV INOUI-87757625;Cannes;;43.5539080;7.01971100;;;0;StopArea:OCE87757625
2026-07-29 13:52:26;OCESN6173F1187_F:OUI:FR:Line::3C11D08B-6F1C-416C-A388-63B4074018CB::87686006:87756056:7:1504:20260731;StopPoint:OCETGV INOUI-87757674;2026-07-29 14:49:00;300;2026-07-29 14:53:00;300;;;;;;;;;;;;;;;;;StopPoint:OCETGV INOUI-87757674;Antibes;;43.5859710;7.11991300;;;0;StopArea:OCE87757674
2026-07-29 13:52:26;OCESN6173F1187_F:OUI:FR:Line::3C11D08B-6F1C-416C-A388-63B4074018CB::87686006:87756056:7:1504:20260731;StopPoint:OCETGV INOUI-87756056;2026-07-29 15:09:00;300;;;;;;;;;;;;;;;;;;;StopPoint:OCETGV INOUI-87756056;Nice-Ville;;43.7045560;7.26190400;;;0;StopArea:OCE87756056
2026-07-29 13:52:26;OCESN4758F1187_F:IC:FR:Line::3418b67d-a81f-4dde-b3b0-60cc96ed86f4::87751008:87581009:10:1547:20261212;StopPoint:OCEINTERCITES-87751008;;;2026-07-29 09:30:00;300;;;;;;;;;;;;;;;;;;;;;;;;;
2026-07-29 13:52:26;OCESN4758F1187_F:IC:FR:Line::3418b67d-a81f-4dde-b3b0-60cc96ed86f4::87751008:87581009:10:1547:20261212;StopPoint:OCEINTERCITES-87775007;2026-07-29 10:38:00;300;2026-07-29 10:41:00;300;;;;;;;;;;;;;;;;;;;;;;;;;
2026-07-29 13:52:26;OCESN4758F1187_F:IC:FR:Line::3418b67d-a81f-4dde-b3b0-60cc96ed86f4::87751008:87581009:10:1547:20261212;StopPoint:OCEINTERCITES-87773002;2026-07-29 11:05:00;300;2026-07-29 11:10:00;300;;;;;;;;;;;;;;;;;;;;;;;;;
2026-07-29 13:52:26;OCESN4758F1187_F:IC:FR:Line::3418b67d-a81f-4dde-b3b0-60cc96ed86f4::87751008:87581009:10:1547:20261212;StopPoint:OCEINTERCITES-87615286;2026-07-29 12:34:00;300;2026-07-29 12:36:00;300;;;;;;;;;;;;;;;;;;;;;;;;;
2026-07-29 13:52:26;OCESN4758F1187_F:IC:FR:Line::3418b67d-a81f-4dde-b3b0-60cc96ed86f4::87751008:87581009:10:1547:20261212;StopPoint:OCEINTERCITES-87611004;2026-07-29 13:18:00;300;2026-07-29 13:23:00;300;;;;;;;;;;;;;;;;;;;;;;;;;
2026-07-29 13:52:26;OCESN4758F1187_F:IC:FR:Line::3418b67d-a81f-4dde-b3b0-60cc96ed86f4::87751008:87581009:10:1547:20261212;StopPoint:OCEINTERCITES-87611244;2026-07-29 13:57:00;300;2026-07-29 13:59:00;300;;;;;;;;;;;;;;;;;;;;;;;;;
2026-07-29 13:52:26;OCESN4758F1187_F:IC:FR:Line::3418b67d-a81f-4dde-b3b0-60cc96ed86f4::87751008:87581009:10:1547:20261212;StopPoint:OCEINTERCITES-87586545;2026-07-29 15:02:00;300;2026-07-29 15:04:00;300;;;;;;;;;;;;;;;;;;;;;;;;;
2026-07-29 13:52:26;OCESN4758F1187_F:IC:FR:Line::3418b67d-a81f-4dde-b3b0-60cc96ed86f4::87751008:87581009:10:1547:20261212;StopPoint:OCEINTERCITES-87581009;2026-07-29 15:52:00;300;;;;;;;;;;;;;;;;;;;;;;;;;;;
2026-07-29 13:52:26;OCESN9708F1187_F:OUI:FR:Line::6667353C-75C7-4A33-8ADE-EBA7FFC003C6::71718010:87686006:12:1612:20260801;StopPoint:OCETGV INOUI-87784009;2026-07-29 10:52:00;0;2026-07-29 11:07:00;300;;;;;;;;;;;;;;;;;StopPoint:OCETGV INOUI-87784009;Perpignan;;42.6960960;2.87935500;;;0;StopArea:OCE87784009
2026-07-29 13:52:26;OCESN15940F1187_F:IC:FR:Line::b262568e-13b4-4352-bcf6-2b290ec3644f::87781005:87734004:23:1611:20261212;StopPoint:OCEINTERCITES-87781005;;;2026-07-29 09:52:00;1200;;;;;;;;;;;;;;;;;;;;;;;;;
2026-07-29 13:52:26;OCESN15940F1187_F:IC:FR:Line::b262568e-13b4-4352-bcf6-2b290ec3644f::87781005:87734004:23:1611:20261212;StopPoint:OCEINTERCITES-87781666;2026-07-29 10:00:00;900;2026-07-29 10:01:00;900;;;;;;;;;;;;;;;;;;;;;;;;;
2026-07-29 13:52:26;OCESN15940F1187_F:IC:FR:Line::b262568e-13b4-4352-bcf6-2b290ec3644f::87781005:87734004:23:1611:20261212;StopPoint:OCEINTERCITES-87781609;2026-07-29 10:20:00;900;2026-07-29 10:21:00;900;;;;;;;;;;;;;;;;;;;;;;;;;
2026-07-29 13:52:26;OCESN15940F1187_F:IC:FR:Line::b262568e-13b4-4352-bcf6-2b290ec3644f::87781005:87734004:23:1611:20261212;StopPoint:OCEINTERCITES-87781583;2026-07-29 10:31:00;900;2026-07-29 10:32:00;900;;;;;;;;;;;;;;;;;;;;;;;;;
2026-07-29 13:52:26;OCESN15940F1187_F:IC:FR:Line::b262568e-13b4-4352-bcf6-2b290ec3644f::87781005:87734004:23:1611:20261212;StopPoint:OCEINTERCITES-87781542;2026-07-29 10:48:00;900;2026-07-29 10:49:00;900;;;;;;;;;;;;;;;;;;;;;;;;;
2026-07-29 13:52:26;OCESN15940F1187_F:IC:FR:Line::b262568e-13b4-4352-bcf6-2b290ec3644f::87781005:87734004:23:1611:20261212;StopPoint:OCEINTERCITES-87783456;2026-07-29 11:13:00;900;2026-07-29 11:14:00;900;;;;;;;;;;;;;;;;;;;;;;;;;
2026-07-29 13:52:26;OCESN15940F1187_F:IC:FR:Line::b262568e-13b4-4352-bcf6-2b290ec3644f::87781005:87734004:23:1611:20261212;StopPoint:OCEINTERCITES-87783431;2026-07-29 11:21:00;900;2026-07-29 11:22:00;900;;;;;;;;;;;;;;;;;;;;;;;;;
2026-07-29 13:52:26;OCESN15940F1187_F:IC:FR:Line::b262568e-13b4-4352-bcf6-2b290ec3644f::87781005:87734004:23:1611:20261212;StopPoint:OCEINTERCITES-87783423;2026-07-29 11:28:00;900;2026-07-29 11:29:00;900;;;;;;;;;;;;;;;;;;;;;;;;;
2026-07-29 13:52:26;OCESN15940F1187_F:IC:FR:Line::b262568e-13b4-4352-bcf6-2b290ec3644f::87781005:87734004:23:1611:20261212;StopPoint:OCEINTERCITES-87783001;2026-07-29 11:34:00;600;2026-07-29 11:36:00;600;;;;;;;;;;;;;;;;;;;;;;;;;
2026-07-29 13:52:26;OCESN15940F1187_F:IC:FR:Line::b262568e-13b4-4352-bcf6-2b290ec3644f::87781005:87734004:23:1611:20261212;StopPoint:OCEINTERCITES-87783365;2026-07-29 12:07:00;600;2026-07-29 12:08:00;600;;;;;;;;;;;;;;;;;;;;;;;;;
2026-07-29 13:52:26;OCESN15940F1187_F:IC:FR:Line::b262568e-13b4-4352-bcf6-2b290ec3644f::87781005:87734004:23:1611:20261212;StopPoint:OCEINTERCITES-87783340;2026-07-29 12:21:00;600;2026-07-29 12:22:00;600;;;;;;;;;;;;;;;;;;;;;;;;;
2026-07-29 13:52:26;OCESN15940F1187_F:IC:FR:Line::b262568e-13b4-4352-bcf6-2b290ec3644f::87781005:87734004:23:1611:20261212;StopPoint:OCEINTERCITES-87783324;2026-07-29 12:36:00;600;2026-07-29 12:42:00;600;;;;;;;;;;;;;;;;;;;;;;;;;
2026-07-29 13:52:26;OCESN15940F1187_F:IC:FR:Line::b262568e-13b4-4352-bcf6-2b290ec3644f::87781005:87734004:23:1611:20261212;StopPoint:OCEINTERCITES-87783308;2026-07-29 12:48:00;180;2026-07-29 12:49:00;180;;;;;;;;;;;;;;;;;;;;;;;;;
2026-07-29 13:52:26;OCESN7885F1187_F:OGO:FR:Line::eed1f4f9-faf0-4ff5-a0a9-54e6e17ca1b4::87686006:87784009:9:1502:20261212;StopPoint:OCEOUIGO-87686006;;;2026-07-29 10:42:00;3600;;;;;;;;;;;;;;;;;StopPoint:OCEOUIGO-87686006;Paris Gare de Lyon Hall 1 - 2;;48.8449450;2.37348100;;;0;StopArea:OCE87686006
2026-07-29 13:52:26;OCESN7885F1187_F:OGO:FR:Line::eed1f4f9-faf0-4ff5-a0a9-54e6e17ca1b4::87686006:87784009:9:1502:20261212;StopPoint:OCEOUIGO-87762906;2026-07-29 12:33:00;3600;2026-07-29 12:36:00;3600;;;;;;;;;;;;;;;;;StopPoint:OCEOUIGO-87762906;Lyon Saint-Exupéry TGV;;45.7211090;5.07496900;;;0;StopArea:OCE87762906
2026-07-29 13:52:26;OCESN7885F1187_F:OGO:FR:Line::eed1f4f9-faf0-4ff5-a0a9-54e6e17ca1b4::87686006:87784009:9:1502:20261212;StopPoint:OCEOUIGO-87775007;2026-07-29 13:42:00;3600;2026-07-29 13:46:00;3600;;;;;;;;;;;;;;;;;;;;;;;;;
2026-07-29 13:52:26;OCESN7885F1187_F:OGO:FR:Line::eed1f4f9-faf0-4ff5-a0a9-54e6e17ca1b4::87686006:87784009:9:1502:20261212;StopPoint:OCEOUIGO-87773002;2026-07-29 14:11:00;3600;2026-07-29 14:17:00;3600;;;;;;;;;;;;;;;;;;;;;;;;;
2026-07-29 13:52:26;OCESN7885F1187_F:OGO:FR:Line::eed1f4f9-faf0-4ff5-a0a9-54e6e17ca1b4::87686006:87784009:9:1502:20261212;StopPoint:OCEOUIGO-87773200;2026-07-29 14:33:00;3600;2026-07-29 14:36:00;3600;;;;;;;;;;;;;;;;;;;;;;;;;
2026-07-29 13:52:26;OCESN7885F1187_F:OGO:FR:Line::eed1f4f9-faf0-4ff5-a0a9-54e6e17ca1b4::87686006:87784009:9:1502:20261212;StopPoint:OCEOUIGO-87781278;2026-07-29 14:49:00;3600;2026-07-29 14:52:00;3600;;;;;;;;;;;;;;;;;;;;;;;;;
2026-07-29 13:52:26;OCESN7885F1187_F:OGO:FR:Line::eed1f4f9-faf0-4ff5-a0a9-54e6e17ca1b4::87686006:87784009:9:1502:20261212;StopPoint:OCEOUIGO-87781005;2026-07-29 15:06:00;3600;2026-07-29 15:09:00;3600;;;;;;;;;;;;;;;;;;;;;;;;;
2026-07-29 13:52:26;OCESN7885F1187_F:OGO:FR:Line::eed1f4f9-faf0-4ff5-a0a9-54e6e17ca1b4::87686006:87784009:9:1502:20261212;StopPoint:OCEOUIGO-87781104;2026-07-29 15:22:00;3600;2026-07-29 15:25:00;3600;;;;;;;;;;;;;;;;;;;;;;;;;
2026-07-29 13:52:26;OCESN7885F1187_F:OGO:FR:Line::eed1f4f9-faf0-4ff5-a0a9-54e6e17ca1b4::87686006:87784009:9:1502:20261212;StopPoint:OCEOUIGO-87784009;2026-07-29 16:02:00;3600;;;;;;;;;;;;;;;;;;;;;;;;;;;
2026-07-29 13:52:26;OCESN6937F1187_F:OUI:FR:Line::60faff89-b743-4b4b-a86b-3c0537769bfa::87686006:87746008:5:1329:20260731;StopPoint:OCETGV INOUI-87686006;;;2026-07-29 10:01:00;900;;;;;;;;;;;;;;;;;StopPoint:OCETGV INOUI-87686006;Paris Gare de Lyon Hall 1 - 2;;48.8449450;2.37348100;;;0;StopArea:OCE87686006
2026-07-29 13:52:26;OCESN6937F1187_F:OUI:FR:Line::60faff89-b743-4b4b-a86b-3c0537769bfa::87686006:87746008:5:1329:20260731;StopPoint:OCETGV INOUI-87725705;2026-07-29 11:40:00;1200;2026-07-29 11:43:00;1200;;;;;;;;;;;;;;;;;StopPoint:OCETGV INOUI-87725705;Mâcon - Loché TGV;;46.2829120;4.77892400;;;0;StopArea:OCE87725705
2026-07-29 13:52:26;OCESN6937F1187_F:OUI:FR:Line::60faff89-b743-4b4b-a86b-3c0537769bfa::87686006:87746008:5:1329:20260731;StopPoint:OCETGV INOUI-87741009;2026-07-29 13:30:00;3300;2026-07-29 13:43:00;3300;;;;;;;;;;;;;;;;;StopPoint:OCETGV INOUI-87741009;Chambéry - Challes-les-Eaux;;45.5713020;5.91954700;;;0;StopArea:OCE87741009
2026-07-29 13:52:26;OCESN6937F1187_F:OUI:FR:Line::60faff89-b743-4b4b-a86b-3c0537769bfa::87686006:87746008:5:1329:20260731;StopPoint:OCETGV INOUI-87741132;2026-07-29 13:53:00;3300;2026-07-29 13:57:00;3300;;;;;;;;;;;;;;;;;StopPoint:OCETGV INOUI-87741132;Aix-les-Bains le Revard;;45.6881610;5.90937100;;;0;StopArea:OCE87741132
2026-07-29 13:52:26;OCESN6937F1187_F:OUI:FR:Line::60faff89-b743-4b4b-a86b-3c0537769bfa::87686006:87746008:5:1329:20260731;StopPoint:OCETGV INOUI-87746008;2026-07-29 14:24:00;3300;;;;;;;;;;;;;;;;;;;StopPoint:OCETGV INOUI-87746008;Annecy;;45.9020470;6.12182600;;;0;StopArea:OCE87746008
2026-07-29 13:52:26;OCESN9247F1187_F:OUI:FR:Line::2FFF7F96-0EBC-4AA1-B417-38EBD492057E::87686006:83016451:7:1653:20261212;StopPoint:OCETGV INOUI-87686006;;;2026-07-29 10:01:00;900;;;;;;;;;;;;;;;;;StopPoint:OCETGV INOUI-87686006;Paris Gare de Lyon Hall 1 - 2;;48.8449450;2.37348100;;;0;StopArea:OCE87686006
2026-07-29 13:52:26;OCESN9247F1187_F:OUI:FR:Line::2FFF7F96-0EBC-4AA1-B417-38EBD492057E::87686006:83016451:7:1653:20261212;StopPoint:OCETGV INOUI-87725705;2026-07-29 11:40:00;1200;2026-07-29 11:43:00;1200;;;;;;;;;;;;;;;;;StopPoint:OCETGV INOUI-87725705;Mâcon - Loché TGV;;46.2829120;4.77892400;;;0;StopArea:OCE87725705
2026-07-29 13:52:26;OCESN9247F1187_F:OUI:FR:Line::2FFF7F96-0EBC-4AA1-B417-38EBD492057E::87686006:83016451:7:1653:20261212;StopPoint:OCETGV INOUI-87741009;2026-07-29 13:30:00;3300;2026-07-29 13:39:00;3300;;;;;;;;;;;;;;;;;StopPoint:OCETGV INOUI-87741009;Chambéry - Challes-les-Eaux;;45.5713020;5.91954700;;;0;StopArea:OCE87741009
2026-07-29 13:52:26;OCESN9247F1187_F:OUI:FR:Line::2FFF7F96-0EBC-4AA1-B417-38EBD492057E::87686006:83016451:7:1653:20261212;StopPoint:OCETGV INOUI-87742007;2026-07-29 14:41:00;3300;2026-07-29 15:05:00;4200;;;;;;;;;;;;;;;;;;;;;;;;;
2026-07-29 13:52:26;OCESN9247F1187_F:OUI:FR:Line::2FFF7F96-0EBC-4AA1-B417-38EBD492057E::87686006:83016451:7:1653:20261212;StopPoint:OCETGV INOUI-83002048;2026-07-29 15:31:00;4200;2026-07-29 15:33:00;4200;;;;;;;;;;;;;;;;;StopPoint:OCETGV INOUI-83002048;OULX CESANA CLAVIERE SESTRIERE;;45.0387950;6.83143100;;;0;StopArea:OCE83002048
2026-07-29 13:52:26;OCESN9247F1187_F:OUI:FR:Line::2FFF7F96-0EBC-4AA1-B417-38EBD492057E::87686006:83016451:7:1653:20261212;StopPoint:OCETGV INOUI-83000356;2026-07-29 16:33:00;4200;2026-07-29 16:35:00;4200;;;;;;;;;;;;;;;;;StopPoint:OCETGV INOUI-83000356;Turin Porta Susa;;45.0741180;7.66667500;;;0;StopArea:OCE83000356
2026-07-29 13:52:26;OCESN9247F1187_F:OUI:FR:Line::2FFF7F96-0EBC-4AA1-B417-38EBD492057E::87686006:83016451:7:1653:20261212;StopPoint:OCETGV INOUI-83016451;2026-07-29 18:03:00;4200;;;;;;;;;;;;;;;;;;;StopPoint:OCETGV INOUI-83016451;MILANO PORTA GARIBALDI;;45.4849160;9.18769400;;;0;StopArea:OCE83016451
2026-07-29 13:52:26;OCESN17353F1187_F:TER:FR:Line::E787EB35-6D67-48A0-A641-FEC921895C71::87761650:87763607:15:1410:20260817;StopPoint:OCETrain TER-87763300;2026-07-29 12:09:00;0;2026-07-29 12:37:00;300;;;;;;;;;;;;;;;;;;;;;;;;;
2026-07-29 13:52:26;OCESN17353F1187_F:TER:FR:Line::E787EB35-6D67-48A0-A641-FEC921895C71::87761650:87763607:15:1410:20260817;StopPoint:OCETrain TER-87763003;2026-07-29 12:57:00;300;2026-07-29 13:00:00;300;;;;;;;;;;;;;;;;;;;;;;;;;
2026-07-29 13:52:26;OCESN17353F1187_F:TER:FR:Line::E787EB35-6D67-48A0-A641-FEC921895C71::87761650:87763607:15:1410:20260817;StopPoint:OCETrain TER-87763425;2026-07-29 13:12:00;300;2026-07-29 13:14:00;300;;;;;;;;;;;;;;;;;;;;;;;;;
2026-07-29 13:52:26;OCESN17353F1187_F:TER:FR:Line::E787EB35-6D67-48A0-A641-FEC921895C71::87761650:87763607:15:1410:20260817;StopPoint:OCETrain TER-87763466;2026-07-29 13:32:00;300;2026-07-29 13:36:00;300;;;;;;;;;;;;;;;;;;;;;;;;;
2026-07-29 13:52:26;OCESN5470F1187_F:OUI:FR:Line::A7628FC9-CF66-4A89-B2C2-9924DD8DCD89::87212027:87471003:9:1447:20260830;StopPoint:OCETGV INOUI-87171926;2026-07-29 11:29:00;300;2026-07-29 11:34:00;300;;;;;;;;;;;;;;;;;StopPoint:OCETGV INOUI-87171926;Champagne-Ardenne TGV;;49.2147690;3.99452300;;;0;StopArea:OCE87171926
2026-07-29 13:52:26;OCESN5470F1187_F:OUI:FR:Line::A7628FC9-CF66-4A89-B2C2-9924DD8DCD89::87212027:87471003:9:1447:20260830;StopPoint:OCETGV INOUI-87271494;2026-07-29 12:05:00;300;2026-07-29 12:21:00;300;;;;;;;;;;;;;;;;;StopPoint:OCETGV INOUI-87271494;Aéroport Charles de Gaulle 2 TGV;;49.0036180;2.57081200;;;0;StopArea:OCE87271494
2026-07-29 13:52:26;OCESN5470F1187_F:OUI:FR:Line::A7628FC9-CF66-4A89-B2C2-9924DD8DCD89::87212027:87471003:9:1447:20260830;StopPoint:OCETGV INOUI-87111849;2026-07-29 12:33:00;300;2026-07-29 12:37:00;300;;;;;;;;;;;;;;;;;StopPoint:OCETGV INOUI-87111849;Marne-la-Vallée Chessy;;48.8698980;2.78262600;;;0;StopArea:OCE87111849
2026-07-29 13:52:26;OCESN7842F1187_F:OGO:FR:Line::CEF7AF34-67BB-4735-B487-128F1E5EA4FA::87751008:87286005:7:1434:20260816;StopPoint:OCEOUIGO-87751008;;;2026-07-29 10:07:00;300;;;;;;;;;;;;;;;;;StopPoint:OCEOUIGO-87751008;Marseille Saint-Charles;;43.3026660;5.38040700;;;0;StopArea:OCE87751008
2026-07-29 13:52:26;OCESN7842F1187_F:OGO:FR:Line::CEF7AF34-67BB-4735-B487-128F1E5EA4FA::87751008:87286005:7:1434:20260816;StopPoint:OCEOUIGO-87762906;2026-07-29 11:40:00;600;2026-07-29 11:44:00;600;;;;;;;;;;;;;;;;;StopPoint:OCEOUIGO-87762906;Lyon Saint-Exupéry TGV;;45.7211090;5.07496900;;;0;StopArea:OCE87762906
2026-07-29 13:52:26;OCESN7842F1187_F:OGO:FR:Line::CEF7AF34-67BB-4735-B487-128F1E5EA4FA::87751008:87286005:7:1434:20260816;StopPoint:OCEOUIGO-87111849;2026-07-29 13:32:00;900;2026-07-29 13:36:00;900;;;;;;;;;;;;;;;;;StopPoint:OCEOUIGO-87111849;Marne-la-Vallée Chessy;;48.8698980;2.78262600;;;0;StopArea:OCE87111849
2026-07-29 13:52:26;OCESN7842F1187_F:OGO:FR:Line::CEF7AF34-67BB-4735-B487-128F1E5EA4FA::87751008:87286005:7:1434:20260816;StopPoint:OCEOUIGO-87271494;2026-07-29 13:47:00;900;2026-07-29 13:52:00;900;;;;;;;;;;;;;;;;;StopPoint:OCEOUIGO-87271494;Aéroport Charles de Gaulle 2 TGV;;49.0036180;2.57081200;;;0;StopArea:OCE87271494
2026-07-29 13:52:26;OCESN7842F1187_F:OGO:FR:Line::CEF7AF34-67BB-4735-B487-128F1E5EA4FA::87751008:87286005:7:1434:20260816;StopPoint:OCEOUIGO-87286005;2026-07-29 14:44:00;600;;;;;;;;;;;;;;;;;;;StopPoint:OCEOUIGO-87286005;Lille Flandres;;50.6365770;3.06987000;;;0;StopArea:OCE87286005
2026-07-29 13:52:26;OCESN5354F1187_F:OUI:FR:Line::3544567F-7F17-4253-85BB-D1E6A7B27A9A::87722025:87481002:6:1450:20260801;StopPoint:OCETGV INOUI-87396002;2026-07-29 13:28:00;0;2026-07-29 13:42:00;600;;;;;;;;;;;;;;;;;StopPoint:OCETGV INOUI-87396002;Le Mans;;47.9956150;0.19261400;;;0;StopArea:OCE87396002
2026-07-29 13:52:26;OCESN5354F1187_F:OUI:FR:Line::3544567F-7F17-4253-85BB-D1E6A7B27A9A::87722025:87481002:6:1450:20260801;StopPoint:OCETGV INOUI-87484006;2026-07-29 14:19:00;600;2026-07-29 14:22:00;600;;;;;;;;;;;;;;;;;StopPoint:OCETGV INOUI-87484006;Angers Saint-Laud;;47.4646490;-0.5567700;;;0;StopArea:OCE87484006
2026-07-29 13:52:26;OCESN5354F1187_F:OUI:FR:Line::3544567F-7F17-4253-85BB-D1E6A7B27A9A::87722025:87481002:6:1450:20260801;StopPoint:OCETGV INOUI-87481002;2026-07-29 15:00:00;600;;;;;;;;;;;;;;;;;;;StopPoint:OCETGV INOUI-87481002;Nantes;;47.2174910;-1.5420770;;;0;StopArea:OCE87481002
2026-07-29 13:52:26;OCESN8486F1187_F:OUI:FR:Line::145aae45-17eb-45b5-b5b4-facb8b6490f3::87581009:87391003:5:1344:20260825;StopPoint:OCETGV INOUI-87584052;2026-07-29 10:44:00;300;2026-07-29 10:47:00;300;;;;;;;;;;;;;;;;;StopPoint:OCETGV INOUI-87584052;Libourne;;44.9159040;-0.2363590;;;0;StopArea:OCE87584052
2026-07-29 13:52:26;OCESN8486F1187_F:OUI:FR:Line::145aae45-17eb-45b5-b5b4-facb8b6490f3::87581009:87391003:5:1344:20260825;StopPoint:OCETGV INOUI-87583005;2026-07-29 11:30:00;300;2026-07-29 11:34:00;300;;;;;;;;;;;;;;;;;StopPoint:OCETGV INOUI-87583005;Angoulême;;45.6535720;0.16460800;;;0;StopArea:OCE87583005
2026-07-29 13:52:26;OCESN8486F1187_F:OUI:FR:Line::145aae45-17eb-45b5-b5b4-facb8b6490f3::87581009:87391003:5:1344:20260825;StopPoint:OCETGV INOUI-87575001;2026-07-29 12:19:00;600;2026-07-29 12:24:00;300;;;;;;;;;;;;;;;;;StopPoint:OCETGV INOUI-87575001;Poitiers;;46.5822320;0.33313600;;;0;StopArea:OCE87575001
2026-07-29 13:52:26;OCESN8486F1187_F:OUI:FR:Line::145aae45-17eb-45b5-b5b4-facb8b6490f3::87581009:87391003:5:1344:20260825;StopPoint:OCETGV INOUI-87391003;2026-07-29 13:49:00;300;;;;;;;;;;;;;;;;;;;StopPoint:OCETGV INOUI-87391003;Paris Montparnasse Hall 1 - 2;;48.8411720;2.32051400;;;0;StopArea:OCE87391003
2026-07-29 13:52:26;OCESN8508F1187_F:OUI:FR:Line::A74B127A-8882-4043-BAAA-F49A6703DE54::87611004:87391003:3:1455:20261023;StopPoint:OCETGV INOUI-87391003;2026-07-29 15:00:00;300;;;;;;;;;;;;;;;;;;;StopPoint:OCETGV INOUI-87391003;Paris Montparnasse Hall 1 - 2;;48.8411720;2.32051400;;;0;StopArea:OCE87391003
2026-07-29 13:52:26;OCESN9211F1187_F:LYR:FR:Line::68841c81-3ddf-4568-b525-6e7110d66727::87686006:85030007:4:1426:20261023;StopPoint:OCELyria-87686006;;;2026-07-29 10:32:00;600;;;;;;;;;;;;;;;;;StopPoint:OCELyria-87686006;Paris Gare de Lyon Hall 1 - 2;;48.8449450;2.37348100;;;0;StopArea:OCE87686006
2026-07-29 13:52:26;OCESN9211F1187_F:LYR:FR:Line::68841c81-3ddf-4568-b525-6e7110d66727::87686006:85030007:4:1426:20261023;StopPoint:OCELyria-87713040;2026-07-29 12:07:00;600;2026-07-29 12:11:00;600;;;;;;;;;;;;;;;;;StopPoint:OCELyria-87713040;Dijon;;47.3234110;5.02725600;;;0;StopArea:OCE87713040
2026-07-29 13:52:26;OCESN9211F1187_F:LYR:FR:Line::68841c81-3ddf-4568-b525-6e7110d66727::87686006:85030007:4:1426:20261023;StopPoint:OCELyria-85000109;2026-07-29 13:33:00;600;2026-07-29 13:43:00;600;;;;;;;;;;;;;;;;;StopPoint:OCELyria-85000109;Basel SBB;;47.5474000;7.58956000;;;0;StopArea:OCE85000109
2026-07-29 13:52:26;OCESN9211F1187_F:LYR:FR:Line::68841c81-3ddf-4568-b525-6e7110d66727::87686006:85030007:4:1426:20261023;StopPoint:OCELyria-85030007;2026-07-29 14:36:00;600;;;;;;;;;;;;;;;;;;;StopPoint:OCELyria-85030007;Zuerich HB;;47.3781700;8.54019000;;;0;StopArea:OCE85030007
2026-07-29 13:52:26;OCESN7615F1187_F:OGO:FR:Line::1d86325b-2798-4309-8fd8-191eeaaeeafd::87391003:87474098:8:1440:20260830;StopPoint:OCEOUIGO-87391003;;;2026-07-29 10:45:00;1200;;;;;;;;;;;;;;;;;StopPoint:OCEOUIGO-87391003;Paris Montparnasse Hall 1 - 2;;48.8411720;2.32051400;;;0;StopArea:OCE87391003
2026-07-29 13:52:26;OCESN7615F1187_F:OGO:FR:Line::1d86325b-2798-4309-8fd8-191eeaaeeafd::87391003:87474098:8:1440:20260830;StopPoint:OCEOUIGO-87396002;2026-07-29 11:40:00;1200;2026-07-29 12:24:00;3600;;;;;;;;;;;;;;;;;StopPoint:OCEOUIGO-87396002;Le Mans;;47.9956150;0.19261400;;;0;StopArea:OCE87396002
2026-07-29 13:52:26;OCESN7615F1187_F:OGO:FR:Line::1d86325b-2798-4309-8fd8-191eeaaeeafd::87391003:87474098:8:1440:20260830;StopPoint:OCEOUIGO-87478404;2026-07-29 12:51:00;3600;2026-07-29 12:54:00;3600;;;;;;;;;;;;;;;;;StopPoint:OCEOUIGO-87478404;Laval;;48.0762550;-0.7609290;;;0;StopArea:OCE87478404
2026-07-29 13:52:26;OCESN7615F1187_F:OGO:FR:Line::1d86325b-2798-4309-8fd8-191eeaaeeafd::87391003:87474098:8:1440:20260830;StopPoint:OCEOUIGO-87471003;2026-07-29 13:19:00;3600;2026-07-29 13:23:00;3600;;;;;;;;;;;;;;;;;StopPoint:OCEOUIGO-87471003;Rennes;;48.1035170;-1.6727440;;;0;StopArea:OCE87471003
2026-07-29 13:52:26;OCESN7615F1187_F:OGO:FR:Line::1d86325b-2798-4309-8fd8-191eeaaeeafd::87391003:87474098:8:1440:20260830;StopPoint:OCEOUIGO-87476606;2026-07-29 14:51:00;5400;2026-07-29 14:54:00;5400;;;;;;;;;;;;;;;;;StopPoint:OCEOUIGO-87476606;Vannes;;47.6651690;-2.7524500;;;0;StopArea:OCE87476606
2026-07-29 13:52:26;OCESN7615F1187_F:OGO:FR:Line::1d86325b-2798-4309-8fd8-191eeaaeeafd::87391003:87474098:8:1440:20260830;StopPoint:OCEOUIGO-87476200;2026-07-29 15:05:00;5400;2026-07-29 15:09:00;5400;;;;;;;;;;;;;;;;;StopPoint:OCEOUIGO-87476200;Auray;;47.6800850;-2.9993630;;;0;StopArea:OCE87476200
2026-07-29 13:52:26;OCESN7615F1187_F:OGO:FR:Line::1d86325b-2798-4309-8fd8-191eeaaeeafd::87391003:87474098:8:1440:20260830;StopPoint:OCEOUIGO-87476002;2026-07-29 15:26:00;5400;2026-07-29 15:29:00;5400;;;;;;;;;;;;;;;;;StopPoint:OCEOUIGO-87476002;Lorient;;47.7555970;-3.3662210;;;0;StopArea:OCE87476002
2026-07-29 13:52:26;OCESN7615F1187_F:OGO:FR:Line::1d86325b-2798-4309-8fd8-191eeaaeeafd::87391003:87474098:8:1440:20260830;StopPoint:OCEOUIGO-87474098;2026-07-29 16:00:00;4800;;;;;;;;;;;;;;;;;;;StopPoint:OCEOUIGO-87474098;Quimper;;47.9944550;-4.0921030;;;0;StopArea:OCE87474098
2026-07-29 13:52:26;OCESN8580F1187_F:OUI:FR:Line::2881AC3D-A347-4440-BEF8-23ACAB159588::87671008:87391003:6:1603:20260730;StopPoint:OCETGV INOUI-87671008;;;2026-07-29 10:32:00;300;;;;;;;;;;;;;;;;;StopPoint:OCETGV INOUI-87671008;Tarbes;;43.2398630;0.06944200;;;0;StopArea:OCE87671008
2026-07-29 13:52:26;OCESN8580F1187_F:OUI:FR:Line::2881AC3D-A347-4440-BEF8-23ACAB159588::87671008:87391003:6:1603:20260730;StopPoint:OCETGV INOUI-87581009;2026-07-29 14:52:00;4200;2026-07-29 14:58:00;4200;;;;;;;;;;;;;;;;;StopPoint:OCETGV INOUI-87581009;Bordeaux Saint-Jean;;44.8258730;-0.5566970;;;0;StopArea:OCE87581009
2026-07-29 13:52:26;OCESN8580F1187_F:OUI:FR:Line::2881AC3D-A347-4440-BEF8-23ACAB159588::87671008:87391003:6:1603:20260730;StopPoint:OCETGV INOUI-87391003;2026-07-29 17:13:00;4200;;;;;;;;;;;;;;;;;;;StopPoint:OCETGV INOUI-87391003;Paris Montparnasse Hall 1 - 2;;48.8411720;2.32051400;;;0;StopArea:OCE87391003
2026-07-29 13:52:26;OCESN12339F1187_F:OUI:FR:Line::8EDA0FF6-311A-4C83-8C18-63D890856B43::87686006:87773002:4:1411:20260801;StopPoint:OCETGV INOUI-87686006;;;2026-07-29 11:27:00;2700;;;;;;;;;;;;;;;;;StopPoint:OCETGV INOUI-87686006;Paris Gare de Lyon Hall 1 - 2;;48.8449450;2.37348100;;;0;StopArea:OCE87686006
2026-07-29 13:52:26;OCESN12339F1187_F:OUI:FR:Line::8EDA0FF6-311A-4C83-8C18-63D890856B43::87686006:87773002:4:1411:20260801;StopPoint:OCETGV INOUI-87763029;2026-07-29 13:40:00;2700;2026-07-29 13:43:00;2700;;;;;;;;;;;;;;;;;StopPoint:OCETGV INOUI-87763029;Valence TGV Rhône-Alpes Sud;;44.9919070;4.97865200;;;0;StopArea:OCE87763029
2026-07-29 13:52:26;OCESN12339F1187_F:OUI:FR:Line::8EDA0FF6-311A-4C83-8C18-63D890856B43::87686006:87773002:4:1411:20260801;StopPoint:OCETGV INOUI-87775007;2026-07-29 14:27:00;2700;2026-07-29 14:31:00;2700;;;;;;;;;;;;;;;;;StopPoint:OCETGV INOUI-87775007;Nîmes Centre;;43.8323130;4.36587200;;;0;StopArea:OCE87775007
2026-07-29 13:52:26;OCESN12339F1187_F:OUI:FR:Line::8EDA0FF6-311A-4C83-8C18-63D890856B43::87686006:87773002:4:1411:20260801;StopPoint:OCETGV INOUI-87773002;2026-07-29 14:56:00;2700;;;;;;;;;;;;;;;;;;;StopPoint:OCETGV INOUI-87773002;Montpellier Saint-Roch;;43.6047380;3.88067400;;;0;StopArea:OCE87773002
2026-07-29 13:52:26;OCESN6229F1187_F:OUI:FR:Line::8EDA0FF6-311A-4C83-8C18-63D890856B43::87686006:87784009:9:1557:20260729;StopPoint:OCETGV INOUI-87686006;;;2026-07-29 11:27:00;2700;;;;;;;;;;;;;;;;;StopPoint:OCETGV INOUI-87686006;Paris Gare de Lyon Hall 1 - 2;;48.8449450;2.37348100;;;0;StopArea:OCE87686006
2026-07-29 13:52:26;OCESN6229F1187_F:OUI:FR:Line::8EDA0FF6-311A-4C83-8C18-63D890856B43::87686006:87784009:9:1557:20260729;StopPoint:OCETGV INOUI-87763029;2026-07-29 13:40:00;2700;2026-07-29 13:43:00;2700;;;;;;;;;;;;;;;;;StopPoint:OCETGV INOUI-87763029;Valence TGV Rhône-Alpes Sud;;44.9919070;4.97865200;;;0;StopArea:OCE87763029
2026-07-29 13:52:26;OCESN6229F1187_F:OUI:FR:Line::8EDA0FF6-311A-4C83-8C18-63D890856B43::87686006:87784009:9:1557:20260729;StopPoint:OCETGV INOUI-87775007;2026-07-29 14:27:00;2700;2026-07-29 14:31:00;2700;;;;;;;;;;;;;;;;;StopPoint:OCETGV INOUI-87775007;Nîmes Centre;;43.8323130;4.36587200;;;0;StopArea:OCE87775007
2026-07-29 13:52:26;OCESN6229F1187_F:OUI:FR:Line::8EDA0FF6-311A-4C83-8C18-63D890856B43::87686006:87784009:9:1557:20260729;StopPoint:OCETGV INOUI-87773002;2026-07-29 14:56:00;2700;2026-07-29 15:02:00;2700;;;;;;;;;;;;;;;;;StopPoint:OCETGV INOUI-87773002;Montpellier Saint-Roch;;43.6047380;3.88067400;;;0;StopArea:OCE87773002
2026-07-29 13:52:26;OCESN6229F1187_F:OUI:FR:Line::8EDA0FF6-311A-4C83-8C18-63D890856B43::87686006:87784009:9:1557:20260729;StopPoint:OCETGV INOUI-87773200;2026-07-29 15:17:00;2700;2026-07-29 15:20:00;2700;;;;;;;;;;;;;;;;;StopPoint:OCETGV INOUI-87773200;Sète;;43.4126410;3.69657100;;;0;StopArea:OCE87773200
2026-07-29 13:52:26;OCESN6229F1187_F:OUI:FR:Line::8EDA0FF6-311A-4C83-8C18-63D890856B43::87686006:87784009:9:1557:20260729;StopPoint:OCETGV INOUI-87781278;2026-07-29 15:33:00;2700;2026-07-29 15:36:00;2700;;;;;;;;;;;;;;;;;StopPoint:OCETGV INOUI-87781278;Agde;;43.3172800;3.46620300;;;0;StopArea:OCE87781278
2026-07-29 13:52:26;OCESN6229F1187_F:OUI:FR:Line::8EDA0FF6-311A-4C83-8C18-63D890856B43::87686006:87784009:9:1557:20260729;StopPoint:OCETGV INOUI-87781005;2026-07-29 15:49:00;2700;2026-07-29 15:52:00;2700;;;;;;;;;;;;;;;;;StopPoint:OCETGV INOUI-87781005;Béziers;;43.3362950;3.21889500;;;0;StopArea:OCE87781005
2026-07-29 13:52:26;OCESN6229F1187_F:OUI:FR:Line::8EDA0FF6-311A-4C83-8C18-63D890856B43::87686006:87784009:9:1557:20260729;StopPoint:OCETGV INOUI-87781104;2026-07-29 16:06:00;2700;2026-07-29 16:09:00;2700;;;;;;;;;;;;;;;;;StopPoint:OCETGV INOUI-87781104;Narbonne;;43.1906180;3.00566700;;;0;StopArea:OCE87781104
2026-07-29 13:52:26;OCESN6229F1187_F:OUI:FR:Line::8EDA0FF6-311A-4C83-8C18-63D890856B43::87686006:87784009:9:1557:20260729;StopPoint:OCETGV INOUI-87784009;2026-07-29 16:42:00;2700;;;;;;;;;;;;;;;;;;;StopPoint:OCETGV INOUI-87784009;Perpignan;;42.6960960;2.87935500;;;0;StopArea:OCE87784009
2026-07-29 13:52:26;OCESN9574F1187_F:ICE:FR:Line::13365D41-4A66-4DF8-B277-1860172D9735::80290346:87113001:5:1407:20260828;StopPoint:OCEICE-80142281;2026-07-29 11:31:00;0;2026-07-29 11:37:00;300;;;;;;;;;;;;;;;;;StopPoint:OCEICE-80142281;Karlsruhe Hbf;;48.9935000;8.40190000;;;0;StopArea:OCE80142281
2026-07-29 13:52:26;OCESN9574F1187_F:ICE:FR:Line::13365D41-4A66-4DF8-B277-1860172D9735::80290346:87113001:5:1407:20260828;StopPoint:OCEICE-87212027;2026-07-29 12:20:00;300;2026-07-29 12:27:00;300;;;;;;;;;;;;;;;;;StopPoint:OCEICE-87212027;Strasbourg;;48.5851100;7.73388200;;;0;StopArea:OCE87212027
2026-07-29 13:52:26;OCESN9574F1187_F:ICE:FR:Line::13365D41-4A66-4DF8-B277-1860172D9735::80290346:87113001:5:1407:20260828;StopPoint:OCEICE-87113001;2026-07-29 14:12:00;300;;;;;;;;;;;;;;;;;;;StopPoint:OCEICE-87113001;Paris Est;;48.8767420;2.35842400;;;0;StopArea:OCE87113001
2026-07-29 13:52:26;OCESN17368F1187_F:TER:FR:Line::E787EB35-6D67-48A0-A641-FEC921895C71::87763607:87761650:15:1450:20260821;StopPoint:OCETrain TER-87763466;2026-07-29 11:28:00;0;2026-07-29 11:42:00;600;;;;;;;;;;;;;;;;;;;;;;;;;
2026-07-29 13:52:26;OCESN17368F1187_F:TER:FR:Line::E787EB35-6D67-48A0-A641-FEC921895C71::87763607:87761650:15:1450:20260821;StopPoint:OCETrain TER-87763425;2026-07-29 12:01:00;600;2026-07-29 12:02:00;600;;;;;;;;;;;;;;;;;;;;;;;;;
2026-07-29 13:52:26;OCESN17368F1187_F:TER:FR:Line::E787EB35-6D67-48A0-A641-FEC921895C71::87763607:87761650:15:1450:20260821;StopPoint:OCETrain TER-87763003;2026-07-29 12:15:00;600;2026-07-29 12:17:00;600;;;;;;;;;;;;;;;;;;;;;;;;;
2026-07-29 13:52:26;OCESN17368F1187_F:TER:FR:Line::E787EB35-6D67-48A0-A641-FEC921895C71::87763607:87761650:15:1450:20260821;StopPoint:OCETrain TER-87763300;2026-07-29 12:37:00;600;2026-07-29 12:40:00;600;;;;;;;;;;;;;;;;;;;;;;;;;
2026-07-29 13:52:26;OCESN17368F1187_F:TER:FR:Line::E787EB35-6D67-48A0-A641-FEC921895C71::87763607:87761650:15:1450:20260821;StopPoint:OCETrain TER-87761874;2026-07-29 13:16:00;600;2026-07-29 13:17:00;600;;;;;;;;;;;;;;;;;;;;;;;;;
2026-07-29 13:52:26;OCESN17368F1187_F:TER:FR:Line::E787EB35-6D67-48A0-A641-FEC921895C71::87763607:87761650:15:1450:20260821;StopPoint:OCETrain TER-87761841;2026-07-29 13:34:00;600;2026-07-29 13:35:00;600;;;;;;;;;;;;;;;;;;;;;;;;;
2026-07-29 13:52:26;OCESN17368F1187_F:TER:FR:Line::E787EB35-6D67-48A0-A641-FEC921895C71::87763607:87761650:15:1450:20260821;StopPoint:OCETrain TER-87761817;2026-07-29 13:56:00;600;2026-07-29 13:57:00;600;;;;;;;;;;;;;;;;;;;;;;;;;
2026-07-29 13:52:26;OCESN17368F1187_F:TER:FR:Line::E787EB35-6D67-48A0-A641-FEC921895C71::87763607:87761650:15:1450:20260821;StopPoint:OCETrain TER-87761783;2026-07-29 14:09:00;600;2026-07-29 14:11:00;600;;;;;;;;;;;;;;;;;;;;;;;;;
2026-07-29 13:52:26;OCESN17368F1187_F:TER:FR:Line::E787EB35-6D67-48A0-A641-FEC921895C71::87763607:87761650:15:1450:20260821;StopPoint:OCETrain TER-87761247;2026-07-29 14:28:00;600;2026-07-29 14:29:00;600;;;;;;;;;;;;;;;;;;;;;;;;;
2026-07-29 13:52:26;OCESN17368F1187_F:TER:FR:Line::E787EB35-6D67-48A0-A641-FEC921895C71::87763607:87761650:15:1450:20260821;StopPoint:OCETrain TER-87761007;2026-07-29 14:40:00;600;2026-07-29 14:43:00;600;;;;;;;;;;;;;;;;;;;;;;;;;
2026-07-29 13:52:26;OCESN17368F1187_F:TER:FR:Line::E787EB35-6D67-48A0-A641-FEC921895C71::87763607:87761650:15:1450:20260821;StopPoint:OCETrain TER-87763029;2026-07-29 14:50:00;600;2026-07-29 14:53:00;600;;;;;;;;;;;;;;;;;;;;;;;;;
2026-07-29 13:52:26;OCESN17368F1187_F:TER:FR:Line::E787EB35-6D67-48A0-A641-FEC921895C71::87763607:87761650:15:1450:20260821;StopPoint:OCETrain TER-87761650;2026-07-29 15:00:00;600;;;;;;;;;;;;;;;;;;;;;;;;;;;
2026-07-29 13:52:26;OCESN8374F1187_F:OUI:FR:Line::1C59DA64-5D12-4600-9092-4E99FCBFAC7A::87485003:87391003:5:1344:20261212;StopPoint:OCETGV INOUI-87575001;2026-07-29 12:18:00;300;2026-07-29 12:24:00;300;;;;;;;;;;;;;;;;;StopPoint:OCETGV INOUI-87575001;Poitiers;;46.5822320;0.33313600;;;0;StopArea:OCE87575001
2026-07-29 13:52:26;OCESN8374F1187_F:OUI:FR:Line::1C59DA64-5D12-4600-9092-4E99FCBFAC7A::87485003:87391003:5:1344:20261212;StopPoint:OCETGV INOUI-87391003;2026-07-29 13:49:00;300;;;;;;;;;;;;;;;;;;;StopPoint:OCETGV INOUI-87391003;Paris Montparnasse Hall 1 - 2;;48.8411720;2.32051400;;;0;StopArea:OCE87391003
2026-07-29 13:52:26;OCESN9573F1187_F:ICE:FR:Line::13365D41-4A66-4DF8-B277-1860172D9735::87113001:80290346:4:1419:20260829;StopPoint:OCEICE-80142281;2026-07-29 13:49:00;1500;2026-07-29 13:52:00;1500;;;;;;;;;;;;;;;;;StopPoint:OCEICE-80142281;Karlsruhe Hbf;;48.9935000;8.40190000;;;0;StopArea:OCE80142281
2026-07-29 13:52:26;OCESN9573F1187_F:ICE:FR:Line::13365D41-4A66-4DF8-B277-1860172D9735::87113001:80290346:4:1419:20260829;StopPoint:OCEICE-80290346;2026-07-29 14:34:00;900;;;;;;;;;;;;;;;;;;;StopPoint:OCEICE-80290346;Stuttgart Hbf;;48.7846000;9.18370000;;;0;StopArea:OCE80290346
2026-07-29 13:52:26;OCESN8615F1187_F:OUI:FR:Line::D6BAEC78-815E-4C9A-BC66-2B9D2C00E41F::87391003:87474007:8:1452:20260828;StopPoint:OCETGV INOUI-87473108;2026-07-29 13:10:00;0;2026-07-29 13:18:00;300;;;;;;;;;;;;;;;;;StopPoint:OCETGV INOUI-87473108;Lamballe;;48.4660600;-2.5115460;;;0;StopArea:OCE87473108
2026-07-29 13:52:26;OCESN8615F1187_F:OUI:FR:Line::D6BAEC78-815E-4C9A-BC66-2B9D2C00E41F::87391003:87474007:8:1452:20260828;StopPoint:OCETGV INOUI-87473009;2026-07-29 13:28:00;300;2026-07-29 13:31:00;300;;;;;;;;;;;;;;;;;StopPoint:OCETGV INOUI-87473009;Saint-Brieuc;;48.5075800;-2.7650000;;;0;StopArea:OCE87473009
2026-07-29 13:52:26;OCESN8615F1187_F:OUI:FR:Line::D6BAEC78-815E-4C9A-BC66-2B9D2C00E41F::87391003:87474007:8:1452:20260828;StopPoint:OCETGV INOUI-87473207;2026-07-29 13:45:00;300;2026-07-29 13:49:00;300;;;;;;;;;;;;;;;;;StopPoint:OCETGV INOUI-87473207;Guingamp;;48.5556590;-3.1433430;;;0;StopArea:OCE87473207
2026-07-29 13:52:26;OCESN8615F1187_F:OUI:FR:Line::D6BAEC78-815E-4C9A-BC66-2B9D2C00E41F::87391003:87474007:8:1452:20260828;StopPoint:OCETGV INOUI-87473181;2026-07-29 14:02:00;300;2026-07-29 14:04:00;300;;;;;;;;;;;;;;;;;StopPoint:OCETGV INOUI-87473181;Plouaret Trégor;;48.6064220;-3.4669790;;;0;StopArea:OCE87473181
2026-07-29 13:52:26;OCESN8615F1187_F:OUI:FR:Line::D6BAEC78-815E-4C9A-BC66-2B9D2C00E41F::87391003:87474007:8:1452:20260828;StopPoint:OCETGV INOUI-87474338;2026-07-29 14:20:00;300;2026-07-29 14:23:00;300;;;;;;;;;;;;;;;;;StopPoint:OCETGV INOUI-87474338;Morlaix;;48.5779700;-3.8325140;;;0;StopArea:OCE87474338
2026-07-29 13:52:26;OCESN8615F1187_F:OUI:FR:Line::D6BAEC78-815E-4C9A-BC66-2B9D2C00E41F::87391003:87474007:8:1452:20260828;StopPoint:OCETGV INOUI-87474007;2026-07-29 14:57:00;300;;;;;;;;;;;;;;;;;;;StopPoint:OCETGV INOUI-87474007;Brest;;48.3876200;-4.4803060;;;0;StopArea:OCE87474007
2026-07-29 13:52:26;OCESN12348F1187_F:OUI:FR:Line::8EDA0FF6-311A-4C83-8C18-63D890856B43::87784009:87686006:9:1612:20260729;StopPoint:OCETGV INOUI-87784009;;;2026-07-29 11:07:00;300;;;;;;;;;;;;;;;;;StopPoint:OCETGV INOUI-87784009;Perpignan;;42.6960960;2.87935500;;;0;StopArea:OCE87784009
2026-07-29 13:52:26;OCESN12348F1187_F:OUI:FR:Line::8EDA0FF6-311A-4C83-8C18-63D890856B43::87784009:87686006:9:1612:20260729;StopPoint:OCETGV INOUI-87781104;2026-07-29 11:43:00;300;2026-07-29 11:46:00;300;;;;;;;;;;;;;;;;;StopPoint:OCETGV INOUI-87781104;Narbonne;;43.1906180;3.00566700;;;0;StopArea:OCE87781104
2026-07-29 13:52:26;OCESN12348F1187_F:OUI:FR:Line::8EDA0FF6-311A-4C83-8C18-63D890856B43::87784009:87686006:9:1612:20260729;StopPoint:OCETGV INOUI-87781005;2026-07-29 12:00:00;300;2026-07-29 12:03:00;300;;;;;;;;;;;;;;;;;StopPoint:OCETGV INOUI-87781005;Béziers;;43.3362950;3.21889500;;;0;StopArea:OCE87781005
2026-07-29 13:52:26;OCESN12348F1187_F:OUI:FR:Line::8EDA0FF6-311A-4C83-8C18-63D890856B43::87784009:87686006:9:1612:20260729;StopPoint:OCETGV INOUI-87781278;2026-07-29 12:16:00;300;2026-07-29 12:19:00;300;;;;;;;;;;;;;;;;;StopPoint:OCETGV INOUI-87781278;Agde;;43.3172800;3.46620300;;;0;StopArea:OCE87781278
2026-07-29 13:52:26;OCESN12348F1187_F:OUI:FR:Line::8EDA0FF6-311A-4C83-8C18-63D890856B43::87784009:87686006:9:1612:20260729;StopPoint:OCETGV INOUI-87773200;2026-07-29 12:32:00;300;2026-07-29 12:35:00;300;;;;;;;;;;;;;;;;;StopPoint:OCETGV INOUI-87773200;Sète;;43.4126410;3.69657100;;;0;StopArea:OCE87773200
2026-07-29 13:52:26;OCESN12348F1187_F:OUI:FR:Line::8EDA0FF6-311A-4C83-8C18-63D890856B43::87784009:87686006:9:1612:20260729;StopPoint:OCETGV INOUI-87688887;2026-07-29 12:51:00;300;2026-07-29 12:56:00;300;;;;;;;;;;;;;;;;;StopPoint:OCETGV INOUI-87688887;Montpellier Sud de France;;43.5951460;3.92400900;;;0;StopArea:OCE87688887
2026-07-29 13:52:26;OCESN12348F1187_F:OUI:FR:Line::8EDA0FF6-311A-4C83-8C18-63D890856B43::87784009:87686006:9:1612:20260729;StopPoint:OCETGV INOUI-87703975;2026-07-29 13:14:00;300;2026-07-29 13:17:00;300;;;;;;;;;;;;;;;;;StopPoint:OCETGV INOUI-87703975;Nîmes Pont du Gard;;43.8168090;4.50767800;;;0;StopArea:OCE87703975
2026-07-29 13:52:26;OCESN12348F1187_F:OUI:FR:Line::8EDA0FF6-311A-4C83-8C18-63D890856B43::87784009:87686006:9:1612:20260729;StopPoint:OCETGV INOUI-87763029;2026-07-29 13:55:00;300;2026-07-29 13:58:00;300;;;;;;;;;;;;;;;;;StopPoint:OCETGV INOUI-87763029;Valence TGV Rhône-Alpes Sud;;44.9919070;4.97865200;;;0;StopArea:OCE87763029
2026-07-29 13:52:26;OCESN12348F1187_F:OUI:FR:Line::8EDA0FF6-311A-4C83-8C18-63D890856B43::87784009:87686006:9:1612:20260729;StopPoint:OCETGV INOUI-87686006;2026-07-29 16:17:00;300;;;;;;;;;;;;;;;;;;;StopPoint:OCETGV INOUI-87686006;Paris Gare de Lyon Hall 1 - 2;;48.8449450;2.37348100;;;0;StopArea:OCE87686006
2026-07-29 13:52:26;OCESN9591F1187_F:ICE:FR:Line::B51875E3-EFE6-4B17-ABCB-659C9BC47E5D::87113001:80110684:5:1506:20260827;StopPoint:OCEICE-80142281;2026-07-29 14:06:00;900;2026-07-29 14:09:00;900;;;;;;;;;;;;;;;;;StopPoint:OCEICE-80142281;Karlsruhe Hbf;;48.9935000;8.40190000;;;0;StopArea:OCE80142281
2026-07-29 13:52:26;OCESN9591F1187_F:ICE:FR:Line::B51875E3-EFE6-4B17-ABCB-659C9BC47E5D::87113001:80110684:5:1506:20260827;StopPoint:OCEICE-80140087;2026-07-29 14:32:00;900;2026-07-29 14:35:00;900;;;;;;;;;;;;;;;;;StopPoint:OCEICE-80140087;Mannheim Hbf;;49.4794000;8.46960000;;;0;StopArea:OCE80140087
2026-07-29 13:52:26;OCESN9591F1187_F:ICE:FR:Line::B51875E3-EFE6-4B17-ABCB-659C9BC47E5D::87113001:80110684:5:1506:20260827;StopPoint:OCEICE-80110684;2026-07-29 15:11:00;300;;;;;;;;;;;;;;;;;;;StopPoint:OCEICE-80110684;Francfort sur le Main;;50.1073000;8.66240000;;;0;StopArea:OCE80110684
2026-07-29 13:52:26;OCESN876414F1187_F:TER:FR:Line::C51AD929-0AAF-4A21-8B81-C1C0102525F5::87784009:87765008:19:1423:20260729;StopPoint:OCETrain TER-87773002;2026-07-29 13:08:00;0;2026-07-29 13:17:00;300;;;;;;;;;;;;;;;;;;;;;;;;;
2026-07-29 13:52:26;OCESN876414F1187_F:TER:FR:Line::C51AD929-0AAF-4A21-8B81-C1C0102525F5::87784009:87765008:19:1423:20260729;StopPoint:OCETrain TER-87773457;2026-07-29 13:24:00;300;2026-07-29 13:25:00;300;;;;;;;;;;;;;;;;;;;;;;;;;
2026-07-29 13:52:26;OCESN876414F1187_F:TER:FR:Line::C51AD929-0AAF-4A21-8B81-C1C0102525F5::87784009:87765008:19:1423:20260729;StopPoint:OCETrain TER-87773408;2026-07-29 13:32:00;300;2026-07-29 13:34:00;300;;;;;;;;;;;;;;;;;;;;;;;;;
2026-07-29 13:52:26;OCESN876414F1187_F:TER:FR:Line::C51AD929-0AAF-4A21-8B81-C1C0102525F5::87784009:87765008:19:1423:20260729;StopPoint:OCETrain TER-87775114;2026-07-29 13:40:00;300;2026-07-29 13:41:00;300;;;;;;;;;;;;;;;;;;;;;;;;;
2026-07-29 13:52:26;OCESN876414F1187_F:TER:FR:Line::C51AD929-0AAF-4A21-8B81-C1C0102525F5::87784009:87765008:19:1423:20260729;StopPoint:OCETrain TER-87775007;2026-07-29 13:51:00;300;2026-07-29 13:54:00;300;;;;;;;;;;;;;;;;;;;;;;;;;
2026-07-29 13:52:26;OCESN876414F1187_F:TER:FR:Line::C51AD929-0AAF-4A21-8B81-C1C0102525F5::87784009:87765008:19:1423:20260729;StopPoint:OCETrain TER-87703975;2026-07-29 14:01:00;300;2026-07-29 14:03:00;300;;;;;;;;;;;;;;;;;;;;;;;;;
2026-07-29 13:52:26;OCESN876414F1187_F:TER:FR:Line::C51AD929-0AAF-4A21-8B81-C1C0102525F5::87784009:87765008:19:1423:20260729;StopPoint:OCETrain TER-87775023;2026-07-29 14:13:00;300;2026-07-29 14:14:00;300;;;;;;;;;;;;;;;;;;;;;;;;;
2026-07-29 13:52:26;OCESN876414F1187_F:TER:FR:Line::C51AD929-0AAF-4A21-8B81-C1C0102525F5::87784009:87765008:19:1423:20260729;StopPoint:OCETrain TER-87765354;2026-07-29 14:15:00;300;2026-07-29 14:16:00;300;;;;;;;;;;;;;;;;;;;;;;;;;
2026-07-29 13:52:26;OCESN876414F1187_F:TER:FR:Line::C51AD929-0AAF-4A21-8B81-C1C0102525F5::87784009:87765008:19:1423:20260729;StopPoint:OCETrain TER-87765008;2026-07-29 14:28:00;300;;;;;;;;;;;;;;;;;;;;;;;;;;;
2026-07-29 13:52:26;OCESN416505R1187_R:CTE:FR:Line::B10C45A0-C32C-4232-85F2-4BB81B810084::87683268:87713040:7:1448:20260730;StopPoint:OCECar TER-87683318;2026-07-29 11:50:00;300;2026-07-29 11:50:00;300;;;;;;;;;;;;;;;;;;;;;;;;;
2026-07-29 13:52:26;OCESN416505R1187_R:CTE:FR:Line::B10C45A0-C32C-4232-85F2-4BB81B810084::87683268:87713040:7:1448:20260730;StopPoint:OCECar TER-87713198;2026-07-29 12:26:00;300;2026-07-29 12:26:00;300;;;;;;;;;;;;;;;;;;;;;;;;;
2026-07-29 13:52:26;OCESN416505R1187_R:CTE:FR:Line::B10C45A0-C32C-4232-85F2-4BB81B810084::87683268:87713040:7:1448:20260730;StopPoint:OCECar TER-87713156;2026-07-29 13:02:00;300;2026-07-29 13:02:00;300;;;;;;;;;;;;;;;;;;;;;;;;;
2026-07-29 13:52:26;OCESN416505R1187_R:CTE:FR:Line::B10C45A0-C32C-4232-85F2-4BB81B810084::87683268:87713040:7:1448:20260730;StopPoint:OCECar TER-87713131;2026-07-29 13:24:00;300;2026-07-29 13:24:00;300;;;;;;;;;;;;;;;;;;;;;;;;;
2026-07-29 13:52:26;OCESN416505R1187_R:CTE:FR:Line::B10C45A0-C32C-4232-85F2-4BB81B810084::87683268:87713040:7:1448:20260730;StopPoint:OCECar TER-87713115;2026-07-29 13:43:00;300;2026-07-29 13:43:00;300;;;;;;;;;;;;;;;;;;;;;;;;;
2026-07-29 13:52:26;OCESN416505R1187_R:CTE:FR:Line::B10C45A0-C32C-4232-85F2-4BB81B810084::87683268:87713040:7:1448:20260730;StopPoint:OCECar TER-87713040;2026-07-29 14:53:00;300;;;;;;;;;;;;;;;;;;;;;;;;;;;
2026-07-29 13:52:26;OCESN870159F1187_F:TER:FR:Line::D50D2493-4502-41C7-B0CE-70D8B2CDD4A5::87594002:87613422:13:1346:20260828;StopPoint:OCETrain TER-87613075;2026-07-29 12:15:00;0;2026-07-29 12:28:00;600;;;;;;;;;;;;;;;;;;;;;;;;;
2026-07-29 13:52:26;OCESN870159F1187_F:TER:FR:Line::D50D2493-4502-41C7-B0CE-70D8B2CDD4A5::87594002:87613422:13:1346:20260828;StopPoint:OCETrain TER-87613091;2026-07-29 12:42:00;600;2026-07-29 12:43:00;600;;;;;;;;;;;;;;;;;;;;;;;;;
2026-07-29 13:52:26;OCESN870159F1187_F:TER:FR:Line::D50D2493-4502-41C7-B0CE-70D8B2CDD4A5::87594002:87613422:13:1346:20260828;StopPoint:OCETrain TER-87613109;2026-07-29 13:00:00;1200;2026-07-29 13:03:00;1200;;;;;;;;;;;;;;;;;;;;;;;;;
2026-07-29 13:52:26;OCESN870159F1187_F:TER:FR:Line::D50D2493-4502-41C7-B0CE-70D8B2CDD4A5::87594002:87613422:13:1346:20260828;StopPoint:OCETrain TER-87613661;2026-07-29 13:17:00;1200;2026-07-29 13:18:00;1200;;;;;;;;;;;;;;;;;;;;;;;;;
2026-07-29 13:52:26;OCESN870159F1187_F:TER:FR:Line::D50D2493-4502-41C7-B0CE-70D8B2CDD4A5::87594002:87613422:13:1346:20260828;StopPoint:OCETrain TER-87613224;2026-07-29 13:22:00;1200;2026-07-29 13:22:00;1200;;;;;;;;;;;;;;;;;;;;;;;;;
2026-07-29 13:52:26;OCESN870159F1187_F:TER:FR:Line::D50D2493-4502-41C7-B0CE-70D8B2CDD4A5::87594002:87613422:13:1346:20260828;StopPoint:OCETrain TER-87613232;2026-07-29 13:25:00;1200;2026-07-29 13:26:00;1200;;;;;;;;;;;;;;;;;;;;;;;;;
2026-07-29 13:52:26;OCESN870159F1187_F:TER:FR:Line::D50D2493-4502-41C7-B0CE-70D8B2CDD4A5::87594002:87613422:13:1346:20260828;StopPoint:OCETrain TER-87613257;2026-07-29 13:38:00;1200;2026-07-29 13:39:00;1200;;;;;;;;;;;;;;;;;;;;;;;;;
2026-07-29 13:52:26;OCESN870159F1187_F:TER:FR:Line::D50D2493-4502-41C7-B0CE-70D8B2CDD4A5::87594002:87613422:13:1346:20260828;StopPoint:OCETrain TER-87613422;2026-07-29 14:06:00;1200;;;;;;;;;;;;;;;;;;;;;;;;;;;
2026-07-29 13:52:26;OCESN876255F1187_F:TER:FR:Line::E5FF5D61-7D3C-4DDA-9663-3C36510681CF::87611004:87784009:16:1348:20260828;StopPoint:OCETrain TER-87611004;;;2026-07-29 11:28:00;600;;;;;;;;;;;;;;;;;;;;;;;;;
2026-07-29 13:52:26;OCESN876255F1187_F:TER:FR:Line::E5FF5D61-7D3C-4DDA-9663-3C36510681CF::87611004:87784009:16:1348:20260828;StopPoint:OCETrain TER-87612010;2026-07-29 11:33:00;600;2026-07-29 11:34:00;600;;;;;;;;;;;;;;;;;;;;;;;;;
2026-07-29 13:52:26;OCESN876255F1187_F:TER:FR:Line::E5FF5D61-7D3C-4DDA-9663-3C36510681CF::87611004:87784009:16:1348:20260828;StopPoint:OCETrain TER-87612002;2026-07-29 11:38:00;600;2026-07-29 11:39:00;600;;;;;;;;;;;;;;;;;;;;;;;;;
2026-07-29 13:52:26;OCESN876255F1187_F:TER:FR:Line::E5FF5D61-7D3C-4DDA-9663-3C36510681CF::87611004:87784009:16:1348:20260828;StopPoint:OCETrain TER-87611707;2026-07-29 11:42:00;600;2026-07-29 11:43:00;600;;;;;;;;;;;;;;;;;;;;;;;;;
2026-07-29 13:52:26;OCESN876255F1187_F:TER:FR:Line::E5FF5D61-7D3C-4DDA-9663-3C36510681CF::87611004:87784009:16:1348:20260828;StopPoint:OCETrain TER-87611723;2026-07-29 11:49:00;600;2026-07-29 11:50:00;600;;;;;;;;;;;;;;;;;;;;;;;;;
2026-07-29 13:52:26;OCESN876255F1187_F:TER:FR:Line::E5FF5D61-7D3C-4DDA-9663-3C36510681CF::87611004:87784009:16:1348:20260828;StopPoint:OCETrain TER-87615013;2026-07-29 11:56:00;600;2026-07-29 11:57:00;600;;;;;;;;;;;;;;;;;;;;;;;;;
2026-07-29 13:52:26;OCESN876255F1187_F:TER:FR:Line::E5FF5D61-7D3C-4DDA-9663-3C36510681CF::87611004:87784009:16:1348:20260828;StopPoint:OCETrain TER-87615039;2026-07-29 12:08:00;600;2026-07-29 12:09:00;600;;;;;;;;;;;;;;;;;;;;;;;;;
2026-07-29 13:52:26;OCESN876255F1187_F:TER:FR:Line::E5FF5D61-7D3C-4DDA-9663-3C36510681CF::87611004:87784009:16:1348:20260828;StopPoint:OCETrain TER-87615054;2026-07-29 12:17:00;600;2026-07-29 12:18:00;600;;;;;;;;;;;;;;;;;;;;;;;;;
2026-07-29 13:52:26;OCESN876255F1187_F:TER:FR:Line::E5FF5D61-7D3C-4DDA-9663-3C36510681CF::87611004:87784009:16:1348:20260828;StopPoint:OCETrain TER-87615286;2026-07-29 12:28:00;600;2026-07-29 12:30:00;600;;;;;;;;;;;;;;;;;;;;;;;;;
2026-07-29 13:52:26;OCESN876255F1187_F:TER:FR:Line::E5FF5D61-7D3C-4DDA-9663-3C36510681CF::87611004:87784009:16:1348:20260828;StopPoint:OCETrain TER-87615112;2026-07-29 12:48:00;600;2026-07-29 12:49:00;600;;;;;;;;;;;;;;;;;;;;;;;;;
2026-07-29 13:52:26;OCESN876255F1187_F:TER:FR:Line::E5FF5D61-7D3C-4DDA-9663-3C36510681CF::87611004:87784009:16:1348:20260828;StopPoint:OCETrain TER-87781104;2026-07-29 13:01:00;600;2026-07-29 13:09:00;300;;;;;;;;;;;;;;;;;;;;;;;;;
2026-07-29 13:52:26;OCESN876255F1187_F:TER:FR:Line::E5FF5D61-7D3C-4DDA-9663-3C36510681CF::87611004:87784009:16:1348:20260828;StopPoint:OCETrain TER-87781062;2026-07-29 13:22:00;300;2026-07-29 13:23:00;300;;;;;;;;;;;;;;;;;;;;;;;;;
2026-07-29 13:52:26;OCESN876255F1187_F:TER:FR:Line::E5FF5D61-7D3C-4DDA-9663-3C36510681CF::87611004:87784009:16:1348:20260828;StopPoint:OCETrain TER-87781088;2026-07-29 13:29:00;300;2026-07-29 13:30:00;300;;;;;;;;;;;;;;;;;;;;;;;;;
2026-07-29 13:52:26;OCESN876255F1187_F:TER:FR:Line::E5FF5D61-7D3C-4DDA-9663-3C36510681CF::87611004:87784009:16:1348:20260828;StopPoint:OCETrain TER-87784157;2026-07-29 13:38:00;300;2026-07-29 13:39:00;300;;;;;;;;;;;;;;;;;;;;;;;;;
2026-07-29 13:52:26;OCESN876255F1187_F:TER:FR:Line::E5FF5D61-7D3C-4DDA-9663-3C36510681CF::87611004:87784009:16:1348:20260828;StopPoint:OCETrain TER-87784173;2026-07-29 13:45:00;300;2026-07-29 13:46:00;300;;;;;;;;;;;;;;;;;;;;;;;;;
2026-07-29 13:52:26;OCESN876255F1187_F:TER:FR:Line::E5FF5D61-7D3C-4DDA-9663-3C36510681CF::87611004:87784009:16:1348:20260828;StopPoint:OCETrain TER-87784009;2026-07-29 13:53:00;300;;;;;;;;;;;;;;;;;;;;;;;;;;;
2026-07-29 13:52:26;OCESN433019R1187_R:CTE:FR:Line::d0cae41c-a6c4-4707-89d4-80e72d814b36::87141002:87144451:13:1405:20261030;StopPoint:OCECar TER-87144055;2026-07-29 12:40:00;300;2026-07-29 12:40:00;300;;;;;;;;;;;;;;;;;;;;;;;;;
2026-07-29 13:52:26;OCESN433019R1187_R:CTE:FR:Line::d0cae41c-a6c4-4707-89d4-80e72d814b36::87141002:87144451:13:1405:20261030;StopPoint:OCECar TER-87144071;2026-07-29 13:00:00;600;2026-07-29 13:00:00;600;;;;;;;;;;;;;;;;;;;;;;;;;
2026-07-29 13:52:26;OCESN433019R1187_R:CTE:FR:Line::d0cae41c-a6c4-4707-89d4-80e72d814b36::87141002:87144451:13:1405:20261030;StopPoint:OCECar TER-87144097;2026-07-29 13:12:00;600;2026-07-29 13:12:00;600;;;;;;;;;;;;;;;;;;;;;;;;;
2026-07-29 13:52:26;OCESN433019R1187_R:CTE:FR:Line::d0cae41c-a6c4-4707-89d4-80e72d814b36::87141002:87144451:13:1405:20261030;StopPoint:OCECar TER-87144006;2026-07-29 13:32:00;600;2026-07-29 13:32:00;600;;;;;;;;;;;;;;;;;;;;;;;;;
2026-07-29 13:52:26;OCESN433019R1187_R:CTE:FR:Line::d0cae41c-a6c4-4707-89d4-80e72d814b36::87141002:87144451:13:1405:20261030;StopPoint:OCECar TER-87144410;2026-07-29 13:52:00;600;2026-07-29 13:52:00;600;;;;;;;;;;;;;;;;;;;;;;;;;
2026-07-29 13:52:26;OCESN433019R1187_R:CTE:FR:Line::d0cae41c-a6c4-4707-89d4-80e72d814b36::87141002:87144451:13:1405:20261030;StopPoint:OCECar TER-87144428;2026-07-29 13:58:00;600;2026-07-29 13:58:00;600;;;;;;;;;;;;;;;;;;;;;;;;;
2026-07-29 13:52:26;OCESN433019R1187_R:CTE:FR:Line::d0cae41c-a6c4-4707-89d4-80e72d814b36::87141002:87144451:13:1405:20261030;StopPoint:OCECar TER-87144436;2026-07-29 14:03:00;600;2026-07-29 14:03:00;600;;;;;;;;;;;;;;;;;;;;;;;;;
2026-07-29 13:52:26;OCESN433019R1187_R:CTE:FR:Line::d0cae41c-a6c4-4707-89d4-80e72d814b36::87141002:87144451:13:1405:20261030;StopPoint:OCECar TER-87146217;2026-07-29 14:08:00;600;2026-07-29 14:08:00;600;;;;;;;;;;;;;;;;;;;;;;;;;
2026-07-29 13:52:26;OCESN433019R1187_R:CTE:FR:Line::d0cae41c-a6c4-4707-89d4-80e72d814b36::87141002:87144451:13:1405:20261030;StopPoint:OCECar TER-87144451;2026-07-29 14:15:00;600;;;;;;;;;;;;;;;;;;;;;;;;;;;
2026-07-29 13:52:26;OCESN8720F1187_F:OUI:FR:Line::9D734757-B3C7-4D8A-951E-0EB6FDA912B9::87474098:87391003:5:1504:20260828;StopPoint:OCETGV INOUI-87471003;2026-07-29 13:50:00;1500;2026-07-29 13:55:00;1200;;;;;;;;;;;;;;;;;StopPoint:OCETGV INOUI-87471003;Rennes;;48.1035170;-1.6727440;;;0;StopArea:OCE87471003
2026-07-29 13:52:26;OCESN8720F1187_F:OUI:FR:Line::9D734757-B3C7-4D8A-951E-0EB6FDA912B9::87474098:87391003:5:1504:20260828;StopPoint:OCETGV INOUI-87391003;2026-07-29 15:24:00;1200;;;;;;;;;;;;;;;;;;;StopPoint:OCETGV INOUI-87391003;Paris Montparnasse Hall 1 - 2;;48.8411720;2.32051400;;;0;StopArea:OCE87391003
2026-07-29 13:52:26;OCESN6165F1187_F:OUI:FR:Line::3C11D08B-6F1C-416C-A388-63B4074018CB::87686006:87756056:7:1704:20260801;StopPoint:OCETGV INOUI-87686006;;;2026-07-29 11:42:00;1200;;;;;;;;;;;;;;;;;StopPoint:OCETGV INOUI-87686006;Paris Gare de Lyon Hall 1 - 2;;48.8449450;2.37348100;;;0;StopArea:OCE87686006
2026-07-29 13:52:26;OCESN6165F1187_F:OUI:FR:Line::3C11D08B-6F1C-416C-A388-63B4074018CB::87686006:87756056:7:1704:20260801;StopPoint:OCETGV INOUI-87318964;2026-07-29 14:21:00;1200;2026-07-29 14:24:00;1200;;;;;;;;;;;;;;;;;StopPoint:OCETGV INOUI-87318964;Avignon TGV;;43.9219400;4.78613600;;;0;StopArea:OCE87318964
2026-07-29 13:52:26;OCESN6165F1187_F:OUI:FR:Line::3C11D08B-6F1C-416C-A388-63B4074018CB::87686006:87756056:7:1704:20260801;StopPoint:OCETGV INOUI-87755009;2026-07-29 15:30:00;1200;2026-07-29 15:34:00;1200;;;;;;;;;;;;;;;;;StopPoint:OCETGV INOUI-87755009;Toulon;;43.1283530;5.92940400;;;0;StopArea:OCE87755009
2026-07-29 13:52:26;OCESN6165F1187_F:OUI:FR:Line::3C11D08B-6F1C-416C-A388-63B4074018CB::87686006:87756056:7:1704:20260801;StopPoint:OCETGV INOUI-87757526;2026-07-29 16:22:00;1200;2026-07-29 16:25:00;1200;;;;;;;;;;;;;;;;;StopPoint:OCETGV INOUI-87757526;Saint-Raphaël Valescure;;43.4236310;6.76903700;;;0;StopArea:OCE87757526
2026-07-29 13:52:26;OCESN6165F1187_F:OUI:FR:Line::3C11D08B-6F1C-416C-A388-63B4074018CB::87686006:87756056:7:1704:20260801;StopPoint:OCETGV INOUI-87757625;2026-07-29 16:52:00;1200;2026-07-29 16:56:00;1200;;;;;;;;;;;;;;;;;StopPoint:OCETGV INOUI-87757625;Cannes;;43.5539080;7.01971100;;;0;StopArea:OCE87757625
2026-07-29 13:52:26;OCESN6165F1187_F:OUI:FR:Line::3C11D08B-6F1C-416C-A388-63B4074018CB::87686006:87756056:7:1704:20260801;StopPoint:OCETGV INOUI-87757674;2026-07-29 17:04:00;1200;2026-07-29 17:08:00;1200;;;;;;;;;;;;;;;;;StopPoint:OCETGV INOUI-87757674;Antibes;;43.5859710;7.11991300;;;0;StopArea:OCE87757674
2026-07-29 13:52:26;OCESN6165F1187_F:OUI:FR:Line::3C11D08B-6F1C-416C-A388-63B4074018CB::87686006:87756056:7:1704:20260801;StopPoint:OCETGV INOUI-87756056;2026-07-29 17:24:00;1200;;;;;;;;;;;;;;;;;;;StopPoint:OCETGV INOUI-87756056;Nice-Ville;;43.7045560;7.26190400;;;0;StopArea:OCE87756056
2026-07-29 13:52:26;OCESN14143F1187_F:IC:FR:Line::148cb049-2cd5-4f43-8640-5b4a3ae6e128::87611004:87673004:7:1516:20261030;StopPoint:OCEINTERCITES-87611137;2026-07-29 12:21:00;0;2026-07-29 12:33:00;600;;;;;;;;;;;;;;;;;;;;;;;;;
2026-07-29 13:52:26;OCESN14143F1187_F:IC:FR:Line::148cb049-2cd5-4f43-8640-5b4a3ae6e128::87611004:87673004:7:1516:20261030;StopPoint:OCEINTERCITES-87671008;2026-07-29 13:20:00;900;2026-07-29 13:23:00;900;;;;;;;;;;;;;;;;;;;;;;;;;
2026-07-29 13:52:26;OCESN14143F1187_F:IC:FR:Line::148cb049-2cd5-4f43-8640-5b4a3ae6e128::87611004:87673004:7:1516:20261030;StopPoint:OCEINTERCITES-87671339;2026-07-29 13:31:00;600;2026-07-29 13:35:00;600;;;;;;;;;;;;;;;;;;;;;;;;;
2026-07-29 13:52:26;OCESN14143F1187_F:IC:FR:Line::148cb049-2cd5-4f43-8640-5b4a3ae6e128::87611004:87673004:7:1516:20261030;StopPoint:OCEINTERCITES-87672006;2026-07-29 14:01:00;600;2026-07-29 14:04:00;600;;;;;;;;;;;;;;;;;;;;;;;;;
2026-07-29 13:52:26;OCESN14143F1187_F:IC:FR:Line::148cb049-2cd5-4f43-8640-5b4a3ae6e128::87611004:87673004:7:1516:20261030;StopPoint:OCEINTERCITES-87672253;2026-07-29 14:24:00;600;2026-07-29 14:26:00;600;;;;;;;;;;;;;;;;;;;;;;;;;
2026-07-29 13:52:26;OCESN14143F1187_F:IC:FR:Line::148cb049-2cd5-4f43-8640-5b4a3ae6e128::87611004:87673004:7:1516:20261030;StopPoint:OCEINTERCITES-87673004;2026-07-29 15:26:00;600;;;;;;;;;;;;;;;;;;;;;;;;;;;
2026-07-29 13:52:26;OCESN86985F1187_F:TER:FR:Line::C51AD929-0AAF-4A21-8B81-C1C0102525F5::87765008:71793150:26:1544:20260729;StopPoint:OCETrain TER-87765354;2026-07-29 13:26:00;6000;2026-07-29 13:27:00;6000;;;;;;;;;;;;;;;;;;;;;;;;;
2026-07-29 13:52:26;OCESN86985F1187_F:TER:FR:Line::C51AD929-0AAF-4A21-8B81-C1C0102525F5::87765008:71793150:26:1544:20260729;StopPoint:OCETrain TER-87775023;2026-07-29 13:28:00;6000;2026-07-29 13:29:00;6000;;;;;;;;;;;;;;;;;;;;;;;;;
2026-07-29 13:52:26;OCESN86985F1187_F:TER:FR:Line::C51AD929-0AAF-4A21-8B81-C1C0102525F5::87765008:71793150:26:1544:20260729;StopPoint:OCETrain TER-87703975;2026-07-29 13:39:00;6000;2026-07-29 13:51:00;6600;;;;;;;;;;;;;;;;;;;;;;;;;
2026-07-29 13:52:26;OCESN86985F1187_F:TER:FR:Line::C51AD929-0AAF-4A21-8B81-C1C0102525F5::87765008:71793150:26:1544:20260729;StopPoint:OCETrain TER-87775007;2026-07-29 14:00:00;6600;2026-07-29 14:03:00;6600;;;;;;;;;;;;;;;;;;;;;;;;;
2026-07-29 13:52:26;OCESN86985F1187_F:TER:FR:Line::C51AD929-0AAF-4A21-8B81-C1C0102525F5::87765008:71793150:26:1544:20260729;StopPoint:OCETrain TER-87775114;2026-07-29 14:12:00;6600;2026-07-29 14:13:00;6600;;;;;;;;;;;;;;;;;;;;;;;;;
2026-07-29 13:52:26;OCESN86985F1187_F:TER:FR:Line::C51AD929-0AAF-4A21-8B81-C1C0102525F5::87765008:71793150:26:1544:20260729;StopPoint:OCETrain TER-87773408;2026-07-29 14:19:00;6600;2026-07-29 14:21:00;6600;;;;;;;;;;;;;;;;;;;;;;;;;
2026-07-29 13:52:26;OCESN86985F1187_F:TER:FR:Line::C51AD929-0AAF-4A21-8B81-C1C0102525F5::87765008:71793150:26:1544:20260729;StopPoint:OCETrain TER-87773457;2026-07-29 14:27:00;6600;2026-07-29 14:28:00;6600;;;;;;;;;;;;;;;;;;;;;;;;;
2026-07-29 13:52:26;OCESN86985F1187_F:TER:FR:Line::C51AD929-0AAF-4A21-8B81-C1C0102525F5::87765008:71793150:26:1544:20260729;StopPoint:OCETrain TER-87773002;2026-07-29 14:37:00;6600;2026-07-29 14:41:00;6600;;;;;;;;;;;;;;;;;;;;;;;;;
2026-07-29 13:52:26;OCESN86985F1187_F:TER:FR:Line::C51AD929-0AAF-4A21-8B81-C1C0102525F5::87765008:71793150:26:1544:20260729;StopPoint:OCETrain TER-87773556;2026-07-29 14:52:00;6600;2026-07-29 14:53:00;6600;;;;;;;;;;;;;;;;;;;;;;;;;
2026-07-29 13:52:26;OCESN86985F1187_F:TER:FR:Line::C51AD929-0AAF-4A21-8B81-C1C0102525F5::87765008:71793150:26:1544:20260729;StopPoint:OCETrain TER-87773200;2026-07-29 14:58:00;6600;2026-07-29 15:00:00;6600;;;;;;;;;;;;;;;;;;;;;;;;;
2026-07-29 13:52:26;OCESN86985F1187_F:TER:FR:Line::C51AD929-0AAF-4A21-8B81-C1C0102525F5::87765008:71793150:26:1544:20260729;StopPoint:OCETrain TER-87781278;2026-07-29 15:12:00;6600;2026-07-29 15:14:00;6600;;;;;;;;;;;;;;;;;;;;;;;;;
2026-07-29 13:52:26;OCESN86985F1187_F:TER:FR:Line::C51AD929-0AAF-4A21-8B81-C1C0102525F5::87765008:71793150:26:1544:20260729;StopPoint:OCETrain TER-87781005;2026-07-29 15:27:00;6600;2026-07-29 15:29:00;6600;;;;;;;;;;;;;;;;;;;;;;;;;
2026-07-29 13:52:26;OCESN86985F1187_F:TER:FR:Line::C51AD929-0AAF-4A21-8B81-C1C0102525F5::87765008:71793150:26:1544:20260729;StopPoint:OCETrain TER-87781104;2026-07-29 15:43:00;6600;2026-07-29 15:47:00;6000;;;;;;;;;;;;;;;;;;;;;;;;;
2026-07-29 13:52:26;OCESN86985F1187_F:TER:FR:Line::C51AD929-0AAF-4A21-8B81-C1C0102525F5::87765008:71793150:26:1544:20260729;StopPoint:OCETrain TER-87781062;2026-07-29 15:59:00;6000;2026-07-29 16:00:00;6000;;;;;;;;;;;;;;;;;;;;;;;;;
2026-07-29 13:52:26;OCESN86985F1187_F:TER:FR:Line::C51AD929-0AAF-4A21-8B81-C1C0102525F5::87765008:71793150:26:1544:20260729;StopPoint:OCETrain TER-87781088;2026-07-29 16:06:00;6000;2026-07-29 16:07:00;6000;;;;;;;;;;;;;;;;;;;;;;;;;
2026-07-29 13:52:26;OCESN86985F1187_F:TER:FR:Line::C51AD929-0AAF-4A21-8B81-C1C0102525F5::87765008:71793150:26:1544:20260729;StopPoint:OCETrain TER-87784157;2026-07-29 16:16:00;6000;2026-07-29 16:17:00;6000;;;;;;;;;;;;;;;;;;;;;;;;;
2026-07-29 13:52:26;OCESN86985F1187_F:TER:FR:Line::C51AD929-0AAF-4A21-8B81-C1C0102525F5::87765008:71793150:26:1544:20260729;StopPoint:OCETrain TER-87784173;2026-07-29 16:23:00;6000;2026-07-29 16:24:00;6000;;;;;;;;;;;;;;;;;;;;;;;;;
2026-07-29 13:52:26;OCESN86985F1187_F:TER:FR:Line::C51AD929-0AAF-4A21-8B81-C1C0102525F5::87765008:71793150:26:1544:20260729;StopPoint:OCETrain TER-87784009;2026-07-29 16:30:00;6000;;;;;;;;;;;;;;;;;;;;;;;;;;;
2026-07-29 13:52:26;OCESN86985F1187_F:TER:FR:Line::C51AD929-0AAF-4A21-8B81-C1C0102525F5::87765008:71793150:26:1544:20260729;StopPoint:OCETrain TER-87784207;2026-07-29 16:43:00;6000;2026-07-29 16:44:00;6000;;;;;;;;;;;;;;;;;;;;;;;;;
2026-07-29 13:52:26;OCESN86985F1187_F:TER:FR:Line::C51AD929-0AAF-4A21-8B81-C1C0102525F5::87765008:71793150:26:1544:20260729;StopPoint:OCETrain TER-87784231;2026-07-29 16:49:00;6000;2026-07-29 16:50:00;6000;;;;;;;;;;;;;;;;;;;;;;;;;
2026-07-29 13:52:26;OCESN86985F1187_F:TER:FR:Line::C51AD929-0AAF-4A21-8B81-C1C0102525F5::87765008:71793150:26:1544:20260729;StopPoint:OCETrain TER-87784256;2026-07-29 16:54:00;6000;2026-07-29 16:55:00;6000;;;;;;;;;;;;;;;;;;;;;;;;;
2026-07-29 13:52:26;OCESN86985F1187_F:TER:FR:Line::C51AD929-0AAF-4A21-8B81-C1C0102525F5::87765008:71793150:26:1544:20260729;StopPoint:OCETrain TER-87784264;2026-07-29 16:58:00;6000;2026-07-29 16:59:00;6000;;;;;;;;;;;;;;;;;;;;;;;;;
2026-07-29 13:52:26;OCESN86985F1187_F:TER:FR:Line::C51AD929-0AAF-4A21-8B81-C1C0102525F5::87765008:71793150:26:1544:20260729;StopPoint:OCETrain TER-87784298;2026-07-29 17:03:00;6000;2026-07-29 17:04:00;6000;;;;;;;;;;;;;;;;;;;;;;;;;
2026-07-29 13:52:26;OCESN86985F1187_F:TER:FR:Line::C51AD929-0AAF-4A21-8B81-C1C0102525F5::87765008:71793150:26:1544:20260729;StopPoint:OCETrain TER-87785006;2026-07-29 17:10:00;6000;;;;;;;;;;;;;;;;;;;;;;;;;;;
2026-07-29 13:52:26;OCESN9218F1187_F:LYR:FR:Line::68841c81-3ddf-4568-b525-6e7110d66727::85030007:87686006:5:1538:20261025;StopPoint:OCELyria-87182063;;;2026-07-29 13:26:00;1800;;;;;;;;;;;;;;;;;StopPoint:OCELyria-87182063;Mulhouse;;47.7426910;7.34316000;;;0;StopArea:OCE87182063
2026-07-29 13:52:26;OCESN9218F1187_F:LYR:FR:Line::68841c81-3ddf-4568-b525-6e7110d66727::85030007:87686006:5:1538:20261025;StopPoint:OCELyria-87300822;2026-07-29 13:47:00;1800;2026-07-29 13:50:00;1800;;;;;;;;;;;;;;;;;StopPoint:OCELyria-87300822;Belfort - Montbéliard TGV;;47.5851050;6.89798400;;;0;StopArea:OCE87300822
2026-07-29 13:52:26;OCESN9218F1187_F:LYR:FR:Line::68841c81-3ddf-4568-b525-6e7110d66727::85030007:87686006:5:1538:20261025;StopPoint:OCELyria-87686006;2026-07-29 16:08:00;1800;;;;;;;;;;;;;;;;;;;StopPoint:OCELyria-87686006;Paris Gare de Lyon Hall 1 - 2;;48.8449450;2.37348100;;;0;StopArea:OCE87686006
2026-07-29 13:52:26;OCESN6111F1187_F:OUI:FR:Line::BAF1DE9A-72EC-4064-8BE9-C4EFF292CB6A::87686006:87751008:4:1457:20260731;StopPoint:OCETGV INOUI-87686006;;;2026-07-29 11:43:00;300;;;;;;;;;;;;;;;;;StopPoint:OCETGV INOUI-87686006;Paris Gare de Lyon Hall 1 - 2;;48.8449450;2.37348100;;;0;StopArea:OCE87686006
2026-07-29 13:52:26;OCESN7841F1187_F:OGO:FR:Line::CEF7AF34-67BB-4735-B487-128F1E5EA4FA::87286005:87751008:7:1608:20260816;StopPoint:OCEOUIGO-87286005;;;2026-07-29 12:08:00;1800;;;;;;;;;;;;;;;;;StopPoint:OCEOUIGO-87286005;Lille Flandres;;50.6365770;3.06987000;;;0;StopArea:OCE87286005
2026-07-29 13:52:26;OCESN7841F1187_F:OGO:FR:Line::CEF7AF34-67BB-4735-B487-128F1E5EA4FA::87286005:87751008:7:1608:20260816;StopPoint:OCEOUIGO-87271494;2026-07-29 13:01:00;1800;2026-07-29 13:05:00;1800;;;;;;;;;;;;;;;;;StopPoint:OCEOUIGO-87271494;Aéroport Charles de Gaulle 2 TGV;;49.0036180;2.57081200;;;0;StopArea:OCE87271494
2026-07-29 13:52:26;OCESN7841F1187_F:OGO:FR:Line::CEF7AF34-67BB-4735-B487-128F1E5EA4FA::87286005:87751008:7:1608:20260816;StopPoint:OCEOUIGO-87111849;2026-07-29 13:16:00;1800;2026-07-29 13:20:00;1800;;;;;;;;;;;;;;;;;StopPoint:OCEOUIGO-87111849;Marne-la-Vallée Chessy;;48.8698980;2.78262600;;;0;StopArea:OCE87111849
2026-07-29 13:52:26;OCESN7841F1187_F:OGO:FR:Line::CEF7AF34-67BB-4735-B487-128F1E5EA4FA::87286005:87751008:7:1608:20260816;StopPoint:OCEOUIGO-87762906;2026-07-29 15:03:00;1800;2026-07-29 15:07:00;1800;;;;;;;;;;;;;;;;;StopPoint:OCEOUIGO-87762906;Lyon Saint-Exupéry TGV;;45.7211090;5.07496900;;;0;StopArea:OCE87762906
2026-07-29 13:52:26;OCESN7841F1187_F:OGO:FR:Line::CEF7AF34-67BB-4735-B487-128F1E5EA4FA::87286005:87751008:7:1608:20260816;StopPoint:OCEOUIGO-87318964;2026-07-29 15:57:00;1800;2026-07-29 16:00:00;1800;;;;;;;;;;;;;;;;;StopPoint:OCEOUIGO-87318964;Avignon TGV;;43.9219400;4.78613600;;;0;StopArea:OCE87318964
2026-07-29 13:52:26;OCESN7841F1187_F:OGO:FR:Line::CEF7AF34-67BB-4735-B487-128F1E5EA4FA::87286005:87751008:7:1608:20260816;StopPoint:OCEOUIGO-87319012;2026-07-29 16:19:00;1800;2026-07-29 16:22:00;1800;;;;;;;;;;;;;;;;;StopPoint:OCEOUIGO-87319012;Aix-en-Provence TGV;;43.4552370;5.31753400;;;0;StopArea:OCE87319012
2026-07-29 13:52:26;OCESN7841F1187_F:OGO:FR:Line::CEF7AF34-67BB-4735-B487-128F1E5EA4FA::87286005:87751008:7:1608:20260816;StopPoint:OCEOUIGO-87751008;2026-07-29 16:38:00;1800;;;;;;;;;;;;;;;;;;;StopPoint:OCEOUIGO-87751008;Marseille Saint-Charles;;43.3026660;5.38040700;;;0;StopArea:OCE87751008
2026-07-29 13:52:26;OCESN3111F1187_F:TER:FR:Line::468B44B7-C327-4154-B85E-25C67C32B61E::87384008:87413013:3:1339:20261211;StopPoint:OCETrain TER-87384008;;;2026-07-29 12:00:00;1200;;;;;;;;;;;;;;;;;;;;;;;;;
2026-07-29 13:52:26;OCESN3111F1187_F:TER:FR:Line::468B44B7-C327-4154-B85E-25C67C32B61E::87384008:87413013:3:1339:20261211;StopPoint:OCETrain TER-87411017;2026-07-29 13:13:00;1200;2026-07-29 13:16:00;1200;;;;;;;;;;;;;;;;;;;;;;;;;
2026-07-29 13:52:26;OCESN3111F1187_F:TER:FR:Line::468B44B7-C327-4154-B85E-25C67C32B61E::87384008:87413013:3:1339:20261211;StopPoint:OCETrain TER-87413013;2026-07-29 14:04:00;1500;;;;;;;;;;;;;;;;;;;;;;;;;;;
2026-07-29 13:52:26;OCESN886560F1187_F:TER:FR:Line::b1eda504-6395-4189-9623-6460d66f2bae::87751008:87761007:21:1434:20261212;StopPoint:OCETrain TER-87753004;2026-07-29 12:21:00;0;2026-07-29 13:08:00;2700;;;;;;;;;;;;;;;;;;;;;;;;;
2026-07-29 13:52:26;OCESN886560F1187_F:TER:FR:Line::b1eda504-6395-4189-9623-6460d66f2bae::87751008:87761007:21:1434:20261212;StopPoint:OCETrain TER-87753681;2026-07-29 13:15:00;2400;2026-07-29 13:16:00;2400;;;;;;;;;;;;;;;;;;;;;;;;;
2026-07-29 13:52:26;OCESN886560F1187_F:TER:FR:Line::b1eda504-6395-4189-9623-6460d66f2bae::87751008:87761007:21:1434:20261212;StopPoint:OCETrain TER-87753657;2026-07-29 13:26:00;2400;2026-07-29 13:27:00;2400;;;;;;;;;;;;;;;;;;;;;;;;;
2026-07-29 13:52:26;OCESN886560F1187_F:TER:FR:Line::b1eda504-6395-4189-9623-6460d66f2bae::87751008:87761007:21:1434:20261212;StopPoint:OCETrain TER-87765008;2026-07-29 13:50:00;2700;2026-07-29 13:53:00;2700;;;;;;;;;;;;;;;;;;;;;;;;;
2026-07-29 13:52:26;OCESN886560F1187_F:TER:FR:Line::b1eda504-6395-4189-9623-6460d66f2bae::87751008:87761007:21:1434:20261212;StopPoint:OCETrain TER-87765206;2026-07-29 13:59:00;2700;2026-07-29 14:00:00;2700;;;;;;;;;;;;;;;;;;;;;;;;;
2026-07-29 13:52:26;OCESN886560F1187_F:TER:FR:Line::b1eda504-6395-4189-9623-6460d66f2bae::87751008:87761007:21:1434:20261212;StopPoint:OCETrain TER-87765198;2026-07-29 14:04:00;2700;2026-07-29 14:05:00;2700;;;;;;;;;;;;;;;;;;;;;;;;;
2026-07-29 13:52:26;OCESN886560F1187_F:TER:FR:Line::b1eda504-6395-4189-9623-6460d66f2bae::87751008:87761007:21:1434:20261212;StopPoint:OCETrain TER-87765180;2026-07-29 14:09:00;2700;2026-07-29 14:10:00;2700;;;;;;;;;;;;;;;;;;;;;;;;;
2026-07-29 13:52:26;OCESN886560F1187_F:TER:FR:Line::b1eda504-6395-4189-9623-6460d66f2bae::87751008:87761007:21:1434:20261212;StopPoint:OCETrain TER-87765107;2026-07-29 14:15:00;2700;2026-07-29 14:17:00;2700;;;;;;;;;;;;;;;;;;;;;;;;;
2026-07-29 13:52:26;OCESN886560F1187_F:TER:FR:Line::b1eda504-6395-4189-9623-6460d66f2bae::87751008:87761007:21:1434:20261212;StopPoint:OCETrain TER-87764357;2026-07-29 14:27:00;2700;2026-07-29 14:29:00;2700;;;;;;;;;;;;;;;;;;;;;;;;;
2026-07-29 13:52:26;OCESN886560F1187_F:TER:FR:Line::b1eda504-6395-4189-9623-6460d66f2bae::87751008:87761007:21:1434:20261212;StopPoint:OCETrain TER-87764308;2026-07-29 14:35:00;2700;2026-07-29 14:37:00;2700;;;;;;;;;;;;;;;;;;;;;;;;;
2026-07-29 13:52:26;OCESN886560F1187_F:TER:FR:Line::b1eda504-6395-4189-9623-6460d66f2bae::87751008:87761007:21:1434:20261212;StopPoint:OCETrain TER-87764290;2026-07-29 14:42:00;2700;2026-07-29 14:43:00;2700;;;;;;;;;;;;;;;;;;;;;;;;;
2026-07-29 13:52:26;OCESN886560F1187_F:TER:FR:Line::b1eda504-6395-4189-9623-6460d66f2bae::87751008:87761007:21:1434:20261212;StopPoint:OCETrain TER-87764001;2026-07-29 14:51:00;2700;2026-07-29 14:52:00;2700;;;;;;;;;;;;;;;;;;;;;;;;;
2026-07-29 13:52:26;OCESN886560F1187_F:TER:FR:Line::b1eda504-6395-4189-9623-6460d66f2bae::87751008:87761007:21:1434:20261212;StopPoint:OCETrain TER-87761262;2026-07-29 15:04:00;2700;2026-07-29 15:05:00;2700;;;;;;;;;;;;;;;;;;;;;;;;;
2026-07-29 13:52:26;OCESN886560F1187_F:TER:FR:Line::b1eda504-6395-4189-9623-6460d66f2bae::87751008:87761007:21:1434:20261212;StopPoint:OCETrain TER-87761247;2026-07-29 15:08:00;2700;2026-07-29 15:09:00;2700;;;;;;;;;;;;;;;;;;;;;;;;;
2026-07-29 13:52:26;OCESN886560F1187_F:TER:FR:Line::b1eda504-6395-4189-9623-6460d66f2bae::87751008:87761007:21:1434:20261212;StopPoint:OCETrain TER-87761007;2026-07-29 15:19:00;2700;;;;;;;;;;;;;;;;;;;;;;;;;;;
2026-07-29 13:52:26;OCESN9879F1187_F:OUI:FR:Line::4FA25873-A63A-4A2D-B62F-EF950E45D8A9::87191007:87773002:12:1908:20260729;StopPoint:OCETGV INOUI-87182063;2026-07-29 13:59:00;300;2026-07-29 14:02:00;300;;;;;;;;;;;;;;;;;StopPoint:OCETGV INOUI-87182063;Mulhouse;;47.7426910;7.34316000;;;0;StopArea:OCE87182063
2026-07-29 13:52:26;OCESN9879F1187_F:OUI:FR:Line::4FA25873-A63A-4A2D-B62F-EF950E45D8A9::87191007:87773002:12:1908:20260729;StopPoint:OCETGV INOUI-87300822;2026-07-29 14:23:00;300;2026-07-29 14:26:00;300;;;;;;;;;;;;;;;;;StopPoint:OCETGV INOUI-87300822;Belfort - Montbéliard TGV;;47.5851050;6.89798400;;;0;StopArea:OCE87300822
2026-07-29 13:52:26;OCESN9879F1187_F:OUI:FR:Line::4FA25873-A63A-4A2D-B62F-EF950E45D8A9::87191007:87773002:12:1908:20260729;StopPoint:OCETGV INOUI-87300863;2026-07-29 14:46:00;300;2026-07-29 14:49:00;300;;;;;;;;;;;;;;;;;StopPoint:OCETGV INOUI-87300863;Besançon Franche-Comté TGV;;47.3072150;5.95361300;;;0;StopArea:OCE87300863
2026-07-29 13:52:26;OCESN9879F1187_F:OUI:FR:Line::4FA25873-A63A-4A2D-B62F-EF950E45D8A9::87191007:87773002:12:1908:20260729;StopPoint:OCETGV INOUI-87713040;2026-07-29 15:16:00;300;2026-07-29 15:26:00;300;;;;;;;;;;;;;;;;;StopPoint:OCETGV INOUI-87713040;Dijon;;47.3234110;5.02725600;;;0;StopArea:OCE87713040
2026-07-29 13:52:26;OCESN9879F1187_F:OUI:FR:Line::4FA25873-A63A-4A2D-B62F-EF950E45D8A9::87191007:87773002:12:1908:20260729;StopPoint:OCETGV INOUI-87725689;2026-07-29 16:23:00;300;2026-07-29 16:26:00;300;;;;;;;;;;;;;;;;;StopPoint:OCETGV INOUI-87725689;Mâcon;;46.3025720;4.82488700;;;0;StopArea:OCE87725689
2026-07-29 13:52:26;OCESN9879F1187_F:OUI:FR:Line::4FA25873-A63A-4A2D-B62F-EF950E45D8A9::87191007:87773002:12:1908:20260729;StopPoint:OCETGV INOUI-87723197;2026-07-29 17:08:00;300;2026-07-29 17:15:00;300;;;;;;;;;;;;;;;;;StopPoint:OCETGV INOUI-87723197;Lyon Part Dieu;;45.7605960;4.85940900;;;0;StopArea:OCE87723197
2026-07-29 13:52:26;OCESN9879F1187_F:OUI:FR:Line::4FA25873-A63A-4A2D-B62F-EF950E45D8A9::87191007:87773002:12:1908:20260729;StopPoint:OCETGV INOUI-87763029;2026-07-29 17:50:00;300;2026-07-29 17:55:00;300;;;;;;;;;;;;;;;;;StopPoint:OCETGV INOUI-87763029;Valence TGV Rhône-Alpes Sud;;44.9919070;4.97865200;;;0;StopArea:OCE87763029
2026-07-29 13:52:26;OCESN9879F1187_F:OUI:FR:Line::4FA25873-A63A-4A2D-B62F-EF950E45D8A9::87191007:87773002:12:1908:20260729;StopPoint:OCETGV INOUI-87775007;2026-07-29 18:46:00;300;2026-07-29 18:49:00;300;;;;;;;;;;;;;;;;;StopPoint:OCETGV INOUI-87775007;Nîmes Centre;;43.8323130;4.36587200;;;0;StopArea:OCE87775007
2026-07-29 13:52:26;OCESN9879F1187_F:OUI:FR:Line::4FA25873-A63A-4A2D-B62F-EF950E45D8A9::87191007:87773002:12:1908:20260729;StopPoint:OCETGV INOUI-87773002;2026-07-29 19:13:00;300;;;;;;;;;;;;;;;;;;;StopPoint:OCETGV INOUI-87773002;Montpellier Saint-Roch;;43.6047380;3.88067400;;;0;StopArea:OCE87773002
2026-07-29 13:52:26;OCESN468253R1187_R:CTE:FR:Line::C83D5707-3453-4FB6-9CAA-062BA2BE94A9::87765008:87753004:13:1420:20261211;StopPoint:OCECar TER-87765420;2026-07-29 12:20:00;300;2026-07-29 12:20:00;300;;;;;;;;;;;;;;;;;;;;;;;;;
2026-07-29 13:52:26;OCESN468253R1187_R:CTE:FR:Line::C83D5707-3453-4FB6-9CAA-062BA2BE94A9::87765008:87753004:13:1420:20261211;StopPoint:OCECar TER-87765438;2026-07-29 12:30:00;300;2026-07-29 12:30:00;300;;;;;;;;;;;;;;;;;;;;;;;;;
2026-07-29 13:52:26;OCESN468253R1187_R:CTE:FR:Line::C83D5707-3453-4FB6-9CAA-062BA2BE94A9::87765008:87753004:13:1420:20261211;StopPoint:OCECar TER-87765446;2026-07-29 12:35:00;300;2026-07-29 12:35:00;300;;;;;;;;;;;;;;;;;;;;;;;;;
2026-07-29 13:52:26;OCESN7520F1187_F:OUI:FR:Line::69ABADD2-325C-47DC-BC61-D74DD87C5E3C::87317586:87271007:6:1432:20261211;StopPoint:OCETGV INOUI-87345009;2026-07-29 13:25:00;300;2026-07-29 13:28:00;300;;;;;;;;;;;;;;;;;StopPoint:OCETGV INOUI-87345009;Douai;;50.3716730;3.08995800;;;0;StopArea:OCE87345009
2026-07-29 13:52:26;OCESN7520F1187_F:OUI:FR:Line::69ABADD2-325C-47DC-BC61-D74DD87C5E3C::87317586:87271007:6:1432:20261211;StopPoint:OCETGV INOUI-87342014;2026-07-29 13:42:00;300;2026-07-29 13:47:00;300;;;;;;;;;;;;;;;;;StopPoint:OCETGV INOUI-87342014;Arras;;50.2869710;2.78131400;;;0;StopArea:OCE87342014
2026-07-29 13:52:26;OCESN7520F1187_F:OUI:FR:Line::69ABADD2-325C-47DC-BC61-D74DD87C5E3C::87317586:87271007:6:1432:20261211;StopPoint:OCETGV INOUI-87271007;2026-07-29 14:37:00;300;;;;;;;;;;;;;;;;;;;StopPoint:OCETGV INOUI-87271007;Paris Gare du Nord;;48.8801360;2.35485100;;;0;StopArea:OCE87271007
2026-07-29 13:52:26;OCESN879533F1187_F:TER:FR:Line::7B48FDEF-35FE-45ED-BA4D-A638BCE7E21A::87765008:87751008:10:1319:20261212;StopPoint:OCETrain TER-87765008;;;2026-07-29 12:33:00;2400;;;;;;;;;;;;;;;;;;;;;;;;;
2026-07-29 13:52:26;OCESN879533F1187_F:TER:FR:Line::7B48FDEF-35FE-45ED-BA4D-A638BCE7E21A::87765008:87751008:10:1319:20261212;StopPoint:OCETrain TER-87753657;2026-07-29 12:49:00;2400;2026-07-29 12:50:00;2400;;;;;;;;;;;;;;;;;;;;;;;;;
2026-07-29 13:52:26;OCESN879533F1187_F:TER:FR:Line::7B48FDEF-35FE-45ED-BA4D-A638BCE7E21A::87765008:87751008:10:1319:20261212;StopPoint:OCETrain TER-87753681;2026-07-29 12:59:00;2400;2026-07-29 13:00:00;2400;;;;;;;;;;;;;;;;;;;;;;;;;
2026-07-29 13:52:26;OCESN879533F1187_F:TER:FR:Line::7B48FDEF-35FE-45ED-BA4D-A638BCE7E21A::87765008:87751008:10:1319:20261212;StopPoint:OCETrain TER-87753004;2026-07-29 13:12:00;2400;2026-07-29 13:14:00;2400;;;;;;;;;;;;;;;;;;;;;;;;;
2026-07-29 13:52:26;OCESN879533F1187_F:TER:FR:Line::7B48FDEF-35FE-45ED-BA4D-A638BCE7E21A::87765008:87751008:10:1319:20261212;StopPoint:OCETrain TER-87753202;2026-07-29 13:18:00;2400;2026-07-29 13:19:00;2400;;;;;;;;;;;;;;;;;;;;;;;;;
2026-07-29 13:52:26;OCESN879533F1187_F:TER:FR:Line::7B48FDEF-35FE-45ED-BA4D-A638BCE7E21A::87765008:87751008:10:1319:20261212;StopPoint:OCETrain TER-87753251;2026-07-29 13:31:00;2400;2026-07-29 13:32:00;2400;;;;;;;;;;;;;;;;;;;;;;;;;
2026-07-29 13:52:26;OCESN879533F1187_F:TER:FR:Line::7B48FDEF-35FE-45ED-BA4D-A638BCE7E21A::87765008:87751008:10:1319:20261212;StopPoint:OCETrain TER-87439554;2026-07-29 13:37:00;2400;2026-07-29 13:38:00;2400;;;;;;;;;;;;;;;;;;;;;;;;;
2026-07-29 13:52:26;OCESN879533F1187_F:TER:FR:Line::7B48FDEF-35FE-45ED-BA4D-A638BCE7E21A::87765008:87751008:10:1319:20261212;StopPoint:OCETrain TER-87753285;2026-07-29 13:41:00;2400;2026-07-29 13:42:00;2400;;;;;;;;;;;;;;;;;;;;;;;;;
2026-07-29 13:52:26;OCESN879533F1187_F:TER:FR:Line::7B48FDEF-35FE-45ED-BA4D-A638BCE7E21A::87765008:87751008:10:1319:20261212;StopPoint:OCETrain TER-87751602;2026-07-29 13:49:00;2400;2026-07-29 13:50:00;2400;;;;;;;;;;;;;;;;;;;;;;;;;
2026-07-29 13:52:26;OCESN879533F1187_F:TER:FR:Line::7B48FDEF-35FE-45ED-BA4D-A638BCE7E21A::87765008:87751008:10:1319:20261212;StopPoint:OCETrain TER-87751008;2026-07-29 13:59:00;2400;;;;;;;;;;;;;;;;;;;;;;;;;;;
2026-07-29 13:52:26;OCESN866127F1187_F:TER:FR:Line::3ebed947-d25a-4cb1-ad23-a6db52a6f082::87581009:87581397:17:1357:20260828;StopPoint:OCETrain TER-87581199;2026-07-29 12:35:00;0;2026-07-29 12:41:00;300;;;;;;;;;;;;;;;;;;;;;;;;;
2026-07-29 13:52:26;OCESN866127F1187_F:TER:FR:Line::3ebed947-d25a-4cb1-ad23-a6db52a6f082::87581009:87581397:17:1357:20260828;StopPoint:OCETrain TER-87581215;2026-07-29 12:48:00;300;2026-07-29 12:49:00;300;;;;;;;;;;;;;;;;;;;;;;;;;
2026-07-29 13:52:26;OCESN866127F1187_F:TER:FR:Line::3ebed947-d25a-4cb1-ad23-a6db52a6f082::87581009:87581397:17:1357:20260828;StopPoint:OCETrain TER-87581231;2026-07-29 12:55:00;300;2026-07-29 12:56:00;300;;;;;;;;;;;;;;;;;;;;;;;;;
2026-07-29 13:52:26;OCESN866127F1187_F:TER:FR:Line::3ebed947-d25a-4cb1-ad23-a6db52a6f082::87581009:87581397:17:1357:20260828;StopPoint:OCETrain TER-87581256;2026-07-29 13:06:00;0;2026-07-29 13:27:00;1200;;;;;;;;;;;;;;;;;;;;;;;;;
2026-07-29 13:52:26;OCESN866127F1187_F:TER:FR:Line::3ebed947-d25a-4cb1-ad23-a6db52a6f082::87581009:87581397:17:1357:20260828;StopPoint:OCETrain TER-87581314;2026-07-29 13:41:00;1200;2026-07-29 13:42:00;1200;;;;;;;;;;;;;;;;;;;;;;;;;
2026-07-29 13:52:26;OCESN866127F1187_F:TER:FR:Line::3ebed947-d25a-4cb1-ad23-a6db52a6f082::87581009:87581397:17:1357:20260828;StopPoint:OCETrain TER-87581371;2026-07-29 14:04:00;1200;2026-07-29 14:05:00;1200;;;;;;;;;;;;;;;;;;;;;;;;;
2026-07-29 13:52:26;OCESN866127F1187_F:TER:FR:Line::3ebed947-d25a-4cb1-ad23-a6db52a6f082::87581009:87581397:17:1357:20260828;StopPoint:OCETrain TER-87581389;2026-07-29 14:13:00;1200;2026-07-29 14:14:00;1200;;;;;;;;;;;;;;;;;;;;;;;;;
2026-07-29 13:52:26;OCESN866127F1187_F:TER:FR:Line::3ebed947-d25a-4cb1-ad23-a6db52a6f082::87581009:87581397:17:1357:20260828;StopPoint:OCETrain TER-87581397;2026-07-29 14:17:00;1200;;;;;;;;;;;;;;;;;;;;;;;;;;;
2026-07-29 13:52:26;OCESN4087F1187_F:OGO:FR:Line::2381a54a-1f59-4452-88c7-303179dd472b::87547000:87481002:8:1617:20261211;StopPoint:OCEOUIGO-87547000;;;2026-07-29 12:16:00;1200;;;;;;;;;;;;;;;;;;;;;;;;;
2026-07-29 13:52:26;OCESN4087F1187_F:OGO:FR:Line::2381a54a-1f59-4452-88c7-303179dd472b::87547000:87481002:8:1617:20261211;StopPoint:OCEOUIGO-87545244;2026-07-29 12:30:00;1200;2026-07-29 12:33:00;1200;;;;;;;;;;;;;;;;;;;;;;;;;
2026-07-29 13:52:26;OCESN4087F1187_F:OGO:FR:Line::2381a54a-1f59-4452-88c7-303179dd472b::87547000:87481002:8:1617:20261211;StopPoint:OCEOUIGO-87393579;2026-07-29 12:54:00;1200;2026-07-29 12:57:00;1200;;;;;;;;;;;;;;;;;;;;;;;;;
2026-07-29 13:52:26;OCESN4087F1187_F:OGO:FR:Line::2381a54a-1f59-4452-88c7-303179dd472b::87547000:87481002:8:1617:20261211;StopPoint:OCEOUIGO-87393009;2026-07-29 13:14:00;1200;2026-07-29 13:17:00;1200;;;;;;;;;;;;;;;;;;;;;;;;;
2026-07-29 13:52:26;OCESN4087F1187_F:OGO:FR:Line::2381a54a-1f59-4452-88c7-303179dd472b::87547000:87481002:8:1617:20261211;StopPoint:OCEOUIGO-87394007;2026-07-29 13:55:00;1200;2026-07-29 13:58:00;1200;;;;;;;;;;;;;;;;;;;;;;;;;
2026-07-29 13:52:26;OCESN4087F1187_F:OGO:FR:Line::2381a54a-1f59-4452-88c7-303179dd472b::87547000:87481002:8:1617:20261211;StopPoint:OCEOUIGO-87396002;2026-07-29 14:57:00;1200;2026-07-29 15:00:00;1200;;;;;;;;;;;;;;;;;StopPoint:OCEOUIGO-87396002;Le Mans;;47.9956150;0.19261400;;;0;StopArea:OCE87396002
2026-07-29 13:52:26;OCESN4087F1187_F:OGO:FR:Line::2381a54a-1f59-4452-88c7-303179dd472b::87547000:87481002:8:1617:20261211;StopPoint:OCEOUIGO-87484006;2026-07-29 15:52:00;1200;2026-07-29 15:55:00;1200;;;;;;;;;;;;;;;;;StopPoint:OCEOUIGO-87484006;Angers Saint-Laud;;47.4646490;-0.5567700;;;0;StopArea:OCE87484006
2026-07-29 13:52:26;OCESN4087F1187_F:OGO:FR:Line::2381a54a-1f59-4452-88c7-303179dd472b::87547000:87481002:8:1617:20261211;StopPoint:OCEOUIGO-87481002;2026-07-29 16:37:00;1200;;;;;;;;;;;;;;;;;;;StopPoint:OCEOUIGO-87481002;Nantes;;47.2174910;-1.5420770;;;0;StopArea:OCE87481002
2026-07-29 13:52:26;OCESN856620F1187_F:TER:FR:Line::84107FF1-AF5C-45A9-B6D6-52A10C5F424A::87474098:87471003:10:1425:20260925;StopPoint:OCETrain TER-87474098;;;2026-07-29 12:07:00;300;;;;;;;;;;;;;;;;;;;;;;;;;
2026-07-29 13:52:26;OCESN856620F1187_F:TER:FR:Line::84107FF1-AF5C-45A9-B6D6-52A10C5F424A::87474098:87471003:10:1425:20260925;StopPoint:OCETrain TER-87474155;2026-07-29 12:23:00;600;2026-07-29 12:24:00;600;;;;;;;;;;;;;;;;;;;;;;;;;
2026-07-29 13:52:26;OCESN856620F1187_F:TER:FR:Line::84107FF1-AF5C-45A9-B6D6-52A10C5F424A::87474098:87471003:10:1425:20260925;StopPoint:OCETrain TER-87476317;2026-07-29 12:38:00;600;2026-07-29 12:39:00;600;;;;;;;;;;;;;;;;;;;;;;;;;
2026-07-29 13:52:26;OCESN856620F1187_F:TER:FR:Line::84107FF1-AF5C-45A9-B6D6-52A10C5F424A::87474098:87471003:10:1425:20260925;StopPoint:OCETrain TER-87476002;2026-07-29 12:50:00;600;2026-07-29 12:52:00;600;;;;;;;;;;;;;;;;;;;;;;;;;
2026-07-29 13:52:26;OCESN856620F1187_F:TER:FR:Line::84107FF1-AF5C-45A9-B6D6-52A10C5F424A::87474098:87471003:10:1425:20260925;StopPoint:OCETrain TER-87476259;2026-07-29 12:58:00;600;2026-07-29 12:59:00;600;;;;;;;;;;;;;;;;;;;;;;;;;
2026-07-29 13:52:26;OCESN856620F1187_F:TER:FR:Line::84107FF1-AF5C-45A9-B6D6-52A10C5F424A::87474098:87471003:10:1425:20260925;StopPoint:OCETrain TER-87476200;2026-07-29 13:11:00;600;2026-07-29 13:13:00;600;;;;;;;;;;;;;;;;;;;;;;;;;
2026-07-29 13:52:26;OCESN856620F1187_F:TER:FR:Line::84107FF1-AF5C-45A9-B6D6-52A10C5F424A::87474098:87471003:10:1425:20260925;StopPoint:OCETrain TER-87476606;2026-07-29 13:18:00;300;2026-07-29 13:20:00;300;;;;;;;;;;;;;;;;;;;;;;;;;
2026-07-29 13:52:26;OCESN856620F1187_F:TER:FR:Line::84107FF1-AF5C-45A9-B6D6-52A10C5F424A::87474098:87471003:10:1425:20260925;StopPoint:OCETrain TER-87476671;2026-07-29 13:33:00;300;2026-07-29 13:34:00;300;;;;;;;;;;;;;;;;;;;;;;;;;
2026-07-29 13:52:26;OCESN856620F1187_F:TER:FR:Line::84107FF1-AF5C-45A9-B6D6-52A10C5F424A::87474098:87471003:10:1425:20260925;StopPoint:OCETrain TER-87471300;2026-07-29 13:49:00;300;2026-07-29 13:54:00;300;;;;;;;;;;;;;;;;;;;;;;;;;
2026-07-29 13:52:26;OCESN856620F1187_F:TER:FR:Line::84107FF1-AF5C-45A9-B6D6-52A10C5F424A::87474098:87471003:10:1425:20260925;StopPoint:OCETrain TER-87471003;2026-07-29 14:30:00;300;;;;;;;;;;;;;;;;;;;;;;;;;;;
2026-07-29 13:52:26;OCESN858268F1187_F:TER:FR:Line::CB496029-4727-4221-A130-5296ECC1CA01::87474098:87481002:12:1446:20260924;StopPoint:OCETrain TER-87474098;;;2026-07-29 12:07:00;300;;;;;;;;;;;;;;;;;;;;;;;;;
2026-07-29 13:52:26;OCESN858268F1187_F:TER:FR:Line::CB496029-4727-4221-A130-5296ECC1CA01::87474098:87481002:12:1446:20260924;StopPoint:OCETrain TER-87474155;2026-07-29 12:23:00;600;2026-07-29 12:24:00;600;;;;;;;;;;;;;;;;;;;;;;;;;
2026-07-29 13:52:26;OCESN858268F1187_F:TER:FR:Line::CB496029-4727-4221-A130-5296ECC1CA01::87474098:87481002:12:1446:20260924;StopPoint:OCETrain TER-87476317;2026-07-29 12:38:00;600;2026-07-29 12:39:00;600;;;;;;;;;;;;;;;;;;;;;;;;;
2026-07-29 13:52:26;OCESN858268F1187_F:TER:FR:Line::CB496029-4727-4221-A130-5296ECC1CA01::87474098:87481002:12:1446:20260924;StopPoint:OCETrain TER-87476002;2026-07-29 12:50:00;600;2026-07-29 12:52:00;600;;;;;;;;;;;;;;;;;;;;;;;;;
2026-07-29 13:52:26;OCESN858268F1187_F:TER:FR:Line::CB496029-4727-4221-A130-5296ECC1CA01::87474098:87481002:12:1446:20260924;StopPoint:OCETrain TER-87476259;2026-07-29 12:58:00;600;2026-07-29 12:59:00;600;;;;;;;;;;;;;;;;;;;;;;;;;
2026-07-29 13:52:26;OCESN858268F1187_F:TER:FR:Line::CB496029-4727-4221-A130-5296ECC1CA01::87474098:87481002:12:1446:20260924;StopPoint:OCETrain TER-87476200;2026-07-29 13:11:00;600;2026-07-29 13:13:00;600;;;;;;;;;;;;;;;;;;;;;;;;;
2026-07-29 13:52:26;OCESN858268F1187_F:TER:FR:Line::CB496029-4727-4221-A130-5296ECC1CA01::87474098:87481002:12:1446:20260924;StopPoint:OCETrain TER-87476606;2026-07-29 13:18:00;300;2026-07-29 13:20:00;300;;;;;;;;;;;;;;;;;;;;;;;;;
2026-07-29 13:52:26;OCESN858268F1187_F:TER:FR:Line::CB496029-4727-4221-A130-5296ECC1CA01::87474098:87481002:12:1446:20260924;StopPoint:OCETrain TER-87476671;2026-07-29 13:33:00;300;2026-07-29 13:34:00;300;;;;;;;;;;;;;;;;;;;;;;;;;
2026-07-29 13:52:26;OCESN858268F1187_F:TER:FR:Line::CB496029-4727-4221-A130-5296ECC1CA01::87474098:87481002:12:1446:20260924;StopPoint:OCETrain TER-87471300;2026-07-29 13:49:00;300;2026-07-29 14:02:00;300;;;;;;;;;;;;;;;;;;;;;;;;;
2026-07-29 13:52:26;OCESN858268F1187_F:TER:FR:Line::CB496029-4727-4221-A130-5296ECC1CA01::87474098:87481002:12:1446:20260924;StopPoint:OCETrain TER-87481846;2026-07-29 14:18:00;300;2026-07-29 14:19:00;300;;;;;;;;;;;;;;;;;;;;;;;;;
2026-07-29 13:52:26;OCESN858268F1187_F:TER:FR:Line::CB496029-4727-4221-A130-5296ECC1CA01::87474098:87481002:12:1446:20260924;StopPoint:OCETrain TER-87481838;2026-07-29 14:27:00;300;2026-07-29 14:28:00;300;;;;;;;;;;;;;;;;;;;;;;;;;
2026-07-29 13:52:26;OCESN858268F1187_F:TER:FR:Line::CB496029-4727-4221-A130-5296ECC1CA01::87474098:87481002:12:1446:20260924;StopPoint:OCETrain TER-87481002;2026-07-29 14:51:00;300;;;;;;;;;;;;;;;;;;;;;;;;;;;
2026-07-29 13:52:26;OCESN875708F1187_F:TER:FR:Line::D79097CD-B3F9-4C30-8676-74078751808C::87734004:87722025:7:1440:20260927;StopPoint:OCETrain TER-87734053;2026-07-29 12:10:00;0;2026-07-29 12:16:00;300;;;;;;;;;;;;;;;;;;;;;;;;;
2026-07-29 13:52:26;OCESN875708F1187_F:TER:FR:Line::D79097CD-B3F9-4C30-8676-74078751808C::87734004:87722025:7:1440:20260927;StopPoint:OCETrain TER-87732008;2026-07-29 12:37:00;300;2026-07-29 12:39:00;300;;;;;;;;;;;;;;;;;;;;;;;;;
2026-07-29 13:52:26;OCESN875708F1187_F:TER:FR:Line::D79097CD-B3F9-4C30-8676-74078751808C::87734004:87722025:7:1440:20260927;StopPoint:OCETrain TER-87726802;2026-07-29 13:22:00;300;2026-07-29 13:24:00;300;;;;;;;;;;;;;;;;;;;;;;;;;
2026-07-29 13:52:26;OCESN875708F1187_F:TER:FR:Line::D79097CD-B3F9-4C30-8676-74078751808C::87734004:87722025:7:1440:20260927;StopPoint:OCETrain TER-87721472;2026-07-29 13:55:00;300;2026-07-29 13:56:00;300;;;;;;;;;;;;;;;;;;;;;;;;;
2026-07-29 13:52:26;OCESN875708F1187_F:TER:FR:Line::D79097CD-B3F9-4C30-8676-74078751808C::87734004:87722025:7:1440:20260927;StopPoint:OCETrain TER-87723197;2026-07-29 14:31:00;300;2026-07-29 14:37:00;300;;;;;;;;;;;;;;;;;;;;;;;;;
2026-07-29 13:52:26;OCESN875708F1187_F:TER:FR:Line::D79097CD-B3F9-4C30-8676-74078751808C::87734004:87722025:7:1440:20260927;StopPoint:OCETrain TER-87722025;2026-07-29 14:45:00;300;;;;;;;;;;;;;;;;;;;;;;;;;;;
2026-07-29 13:52:26;OCESN8090F1187_F:OUI:FR:Line::18B0FAF0-44B1-4D0A-A8AD-2E32B7602EAD::87478107:87391003:3:1417:20261211;StopPoint:OCETGV INOUI-87391003;2026-07-29 14:27:00;600;;;;;;;;;;;;;;;;;;;StopPoint:OCETGV INOUI-87391003;Paris Montparnasse Hall 1 - 2;;48.8411720;2.32051400;;;0;StopArea:OCE87391003
2026-07-29 13:52:26;OCESN861428F1187_F:TER:FR:Line::ac845a4d-e111-4511-bad2-14c177ba4686::87597120:87543009:13:1356:20261211;StopPoint:OCETrain TER-87597005;2026-07-29 12:24:00;300;2026-07-29 12:31:00;600;;;;;;;;;;;;;;;;;;;;;;;;;
2026-07-29 13:52:26;OCESN861428F1187_F:TER:FR:Line::ac845a4d-e111-4511-bad2-14c177ba4686::87597120:87543009:13:1356:20261211;StopPoint:OCETrain TER-87597070;2026-07-29 12:35:00;360;2026-07-29 12:35:00;300;;;;;;;;;;;;;;;;;;;;;;;;;
2026-07-29 13:52:26;OCESN861428F1187_F:TER:FR:Line::ac845a4d-e111-4511-bad2-14c177ba4686::87597120:87543009:13:1356:20261211;StopPoint:OCETrain TER-87597062;2026-07-29 12:42:00;300;2026-07-29 12:43:00;300;;;;;;;;;;;;;;;;;;;;;;;;;
2026-07-29 13:52:26;OCESN33292R1187_R:CTE:FR:Line::A57CFA44-0C60-40FC-AAA6-D0624CF259FE::87742007:87741009:10:1423:20261211;StopPoint:OCECar TER-87742320;2026-07-29 12:46:00;300;2026-07-29 12:46:00;300;;;;;;;;;;;;;;;;;;;;;;;;;
2026-07-29 13:52:26;OCESN33292R1187_R:CTE:FR:Line::A57CFA44-0C60-40FC-AAA6-D0624CF259FE::87742007:87741009:10:1423:20261211;StopPoint:OCECar TER-87741306;2026-07-29 13:01:00;300;2026-07-29 13:01:00;300;;;;;;;;;;;;;;;;;;;;;;;;;
2026-07-29 13:52:26;OCESN3911F1187_F:TER:FR:Line::13DADBDA-4FB1-4AA3-8DAB-60E24EF4AAFF::87547000:87576207:5:1411:20261210;StopPoint:OCETrain TER-87543017;2026-07-29 13:15:00;300;2026-07-29 13:18:00;300;;;;;;;;;;;;;;;;;;;;;;;;;
2026-07-29 13:52:26;OCESN3911F1187_F:TER:FR:Line::13DADBDA-4FB1-4AA3-8DAB-60E24EF4AAFF::87547000:87576207:5:1411:20261210;StopPoint:OCETrain TER-87543165;2026-07-29 13:42:00;300;2026-07-29 13:44:00;300;;;;;;;;;;;;;;;;;;;;;;;;;
2026-07-29 13:52:26;OCESN3911F1187_F:TER:FR:Line::13DADBDA-4FB1-4AA3-8DAB-60E24EF4AAFF::87547000:87576207:5:1411:20261210;StopPoint:OCETrain TER-87576009;2026-07-29 13:57:00;300;2026-07-29 13:59:00;300;;;;;;;;;;;;;;;;;;;;;;;;;
2026-07-29 13:52:26;OCESN3911F1187_F:TER:FR:Line::13DADBDA-4FB1-4AA3-8DAB-60E24EF4AAFF::87547000:87576207:5:1411:20261210;StopPoint:OCETrain TER-87576207;2026-07-29 14:16:00;300;;;;;;;;;;;;;;;;;;;;;;;;;;;
2026-07-29 13:52:26;OCESN17978F1187_F:TER:FR:Line::6F1D7ABC-B729-498A-B3BD-DE55587C60E2::87723197:87746008:6:1407:20260926;StopPoint:OCETrain TER-87741132;2026-07-29 13:23:00;300;2026-07-29 13:30:00;300;;;;;;;;;;;;;;;;;;;;;;;;;
2026-07-29 13:52:26;OCESN17978F1187_F:TER:FR:Line::6F1D7ABC-B729-498A-B3BD-DE55587C60E2::87723197:87746008:6:1407:20260926;StopPoint:OCETrain TER-87746115;2026-07-29 13:39:00;300;2026-07-29 13:41:00;300;;;;;;;;;;;;;;;;;;;;;;;;;
2026-07-29 13:52:26;OCESN17978F1187_F:TER:FR:Line::6F1D7ABC-B729-498A-B3BD-DE55587C60E2::87723197:87746008:6:1407:20260926;StopPoint:OCETrain TER-87746149;2026-07-29 13:48:00;300;2026-07-29 13:49:00;300;;;;;;;;;;;;;;;;;;;;;;;;;
2026-07-29 13:52:26;OCESN17978F1187_F:TER:FR:Line::6F1D7ABC-B729-498A-B3BD-DE55587C60E2::87723197:87746008:6:1407:20260926;StopPoint:OCETrain TER-87746008;2026-07-29 14:12:00;300;;;;;;;;;;;;;;;;;;;;;;;;;;;
2026-07-29 13:52:26;OCESN895505F1187_F:TER:FR:Line::79F02D11-43E5-467F-ACFC-6DDA1A594575::87715102:87743633:9:1355:20260730;StopPoint:OCETrain TER-87715102;;;2026-07-29 12:14:00;300;;;;;;;;;;;;;;;;;;;;;;;;;
2026-07-29 13:52:26;OCESN895505F1187_F:TER:FR:Line::79F02D11-43E5-467F-ACFC-6DDA1A594575::87715102:87743633:9:1355:20260730;StopPoint:OCETrain TER-87715326;2026-07-29 12:26:00;300;2026-07-29 12:27:00;300;;;;;;;;;;;;;;;;;;;;;;;;;
2026-07-29 13:52:26;OCESN895505F1187_F:TER:FR:Line::79F02D11-43E5-467F-ACFC-6DDA1A594575::87715102:87743633:9:1355:20260730;StopPoint:OCETrain TER-87352047;2026-07-29 12:29:00;300;2026-07-29 12:30:00;300;;;;;;;;;;;;;;;;;;;;;;;;;
2026-07-29 13:52:26;OCESN895505F1187_F:TER:FR:Line::79F02D11-43E5-467F-ACFC-6DDA1A594575::87715102:87743633:9:1355:20260730;StopPoint:OCETrain TER-87715383;2026-07-29 12:43:00;300;2026-07-29 12:44:00;300;;;;;;;;;;;;;;;;;;;;;;;;;
2026-07-29 13:52:26;OCESN895505F1187_F:TER:FR:Line::79F02D11-43E5-467F-ACFC-6DDA1A594575::87715102:87743633:9:1355:20260730;StopPoint:OCETrain TER-87715391;2026-07-29 12:54:00;300;2026-07-29 12:55:00;300;;;;;;;;;;;;;;;;;;;;;;;;;
2026-07-29 13:52:26;OCESN895505F1187_F:TER:FR:Line::79F02D11-43E5-467F-ACFC-6DDA1A594575::87715102:87743633:9:1355:20260730;StopPoint:OCETrain TER-87715417;2026-07-29 13:01:00;300;2026-07-29 13:02:00;300;;;;;;;;;;;;;;;;;;;;;;;;;
2026-07-29 13:52:26;OCESN895505F1187_F:TER:FR:Line::79F02D11-43E5-467F-ACFC-6DDA1A594575::87715102:87743633:9:1355:20260730;StopPoint:OCETrain TER-87715433;2026-07-29 13:16:00;600;2026-07-29 13:17:00;600;;;;;;;;;;;;;;;;;;;;;;;;;
2026-07-29 13:52:26;OCESN895505F1187_F:TER:FR:Line::79F02D11-43E5-467F-ACFC-6DDA1A594575::87715102:87743633:9:1355:20260730;StopPoint:OCETrain TER-87715441;2026-07-29 13:26:00;600;2026-07-29 13:33:00;600;;;;;;;;;;;;;;;;;;;;;;;;;
2026-07-29 13:52:26;OCESN895505F1187_F:TER:FR:Line::79F02D11-43E5-467F-ACFC-6DDA1A594575::87715102:87743633:9:1355:20260730;StopPoint:OCETrain TER-87743633;2026-07-29 14:05:00;600;;;;;;;;;;;;;;;;;;;;;;;;;;;
2026-07-29 13:52:26;OCESA86035F5111_F:TER:FR:Line::0c436faa-ccd8-4cb5-9b79-1c8a701364c4::87757617:83045013:19:1350:20260729;StopPoint:OCETrain TER-87756403;2026-07-29 13:22:00;300;2026-07-29 13:25:00;300;;;;;;;;;;;;;;;;;;;;;;;;;
2026-07-29 13:52:26;OCESA86035F5111_F:TER:FR:Line::0c436faa-ccd8-4cb5-9b79-1c8a701364c4::87757617:83045013:19:1350:20260729;StopPoint:OCETrain TER-87756486;2026-07-29 13:42:00;600;2026-07-29 13:43:00;600;;;;;;;;;;;;;;;;;;;;;;;;;
2026-07-29 13:52:26;OCESA86035F5111_F:TER:FR:Line::0c436faa-ccd8-4cb5-9b79-1c8a701364c4::87757617:83045013:19:1350:20260729;StopPoint:OCETrain TER-87756494;2026-07-29 13:47:00;600;2026-07-29 13:48:00;600;;;;;;;;;;;;;;;;;;;;;;;;;
2026-07-29 13:52:26;OCESA86035F5111_F:TER:FR:Line::0c436faa-ccd8-4cb5-9b79-1c8a701364c4::87757617:83045013:19:1350:20260729;StopPoint:OCETrain TER-83045013;2026-07-29 14:00:00;600;;;;;;;;;;;;;;;;;;;;;;;;;;;
2026-07-29 13:52:26;OCESN9246F1187_F:OUI:FR:Line::2FFF7F96-0EBC-4AA1-B417-38EBD492057E::83016451:87686006:7:1914:20261212;StopPoint:OCETGV INOUI-83000356;2026-07-29 13:54:00;900;2026-07-29 13:56:00;900;;;;;;;;;;;;;;;;;StopPoint:OCETGV INOUI-83000356;Turin Porta Susa;;45.0741180;7.66667500;;;0;StopArea:OCE83000356
2026-07-29 13:52:26;OCESN9246F1187_F:OUI:FR:Line::2FFF7F96-0EBC-4AA1-B417-38EBD492057E::83016451:87686006:7:1914:20261212;StopPoint:OCETGV INOUI-83002048;2026-07-29 14:47:00;900;2026-07-29 14:49:00;900;;;;;;;;;;;;;;;;;StopPoint:OCETGV INOUI-83002048;OULX CESANA CLAVIERE SESTRIERE;;45.0387950;6.83143100;;;0;StopArea:OCE83002048
2026-07-29 13:52:26;OCESN9246F1187_F:OUI:FR:Line::2FFF7F96-0EBC-4AA1-B417-38EBD492057E::83016451:87686006:7:1914:20261212;StopPoint:OCETGV INOUI-87742007;2026-07-29 15:03:00;0;2026-07-29 15:26:00;600;;;;;;;;;;;;;;;;;;;;;;;;;
2026-07-29 13:52:26;OCESN9246F1187_F:OUI:FR:Line::2FFF7F96-0EBC-4AA1-B417-38EBD492057E::83016451:87686006:7:1914:20261212;StopPoint:OCETGV INOUI-87741009;2026-07-29 16:23:00;300;2026-07-29 16:28:00;300;;;;;;;;;;;;;;;;;StopPoint:OCETGV INOUI-87741009;Chambéry - Challes-les-Eaux;;45.5713020;5.91954700;;;0;StopArea:OCE87741009
2026-07-29 13:52:26;OCESN9246F1187_F:OUI:FR:Line::2FFF7F96-0EBC-4AA1-B417-38EBD492057E::83016451:87686006:7:1914:20261212;StopPoint:OCETGV INOUI-87725705;2026-07-29 17:40:00;300;2026-07-29 17:43:00;300;;;;;;;;;;;;;;;;;StopPoint:OCETGV INOUI-87725705;Mâcon - Loché TGV;;46.2829120;4.77892400;;;0;StopArea:OCE87725705
2026-07-29 13:52:26;OCESN9246F1187_F:OUI:FR:Line::2FFF7F96-0EBC-4AA1-B417-38EBD492057E::83016451:87686006:7:1914:20261212;StopPoint:OCETGV INOUI-87686006;2026-07-29 19:19:00;300;;;;;;;;;;;;;;;;;;;StopPoint:OCETGV INOUI-87686006;Paris Gare de Lyon Hall 1 - 2;;48.8449450;2.37348100;;;0;StopArea:OCE87686006
2026-07-29 13:52:26;OCESN7320F1187_F:OUI:FR:Line::409E20F1-3A95-426A-B174-0008A078BE1F::87281006:87271007:6:1432:20260828;StopPoint:OCETGV INOUI-87342014;2026-07-29 13:29:00;0;2026-07-29 13:47:00;300;;;;;;;;;;;;;;;;;StopPoint:OCETGV INOUI-87342014;Arras;;50.2869710;2.78131400;;;0;StopArea:OCE87342014
2026-07-29 13:52:26;OCESN7320F1187_F:OUI:FR:Line::409E20F1-3A95-426A-B174-0008A078BE1F::87281006:87271007:6:1432:20260828;StopPoint:OCETGV INOUI-87271007;2026-07-29 14:37:00;300;;;;;;;;;;;;;;;;;;;StopPoint:OCETGV INOUI-87271007;Paris Gare du Nord;;48.8801360;2.35485100;;;0;StopArea:OCE87271007
2026-07-29 13:52:26;OCESN852058F1187_F:TER:FR:Line::A6CE6325-08D1-4C25-9D15-15C2DC5E7BD0::87411017:87444000:9:1356:20260814;StopPoint:OCETrain TER-87411017;;;2026-07-29 12:21:00;600;;;;;;;;;;;;;;;;;;;;;;;;;
2026-07-29 13:52:26;OCESN852058F1187_F:TER:FR:Line::A6CE6325-08D1-4C25-9D15-15C2DC5E7BD0::87411017:87444000:9:1356:20260814;StopPoint:OCETrain TER-87411173;2026-07-29 12:30:00;300;2026-07-29 12:31:00;300;;;;;;;;;;;;;;;;;;;;;;;;;
2026-07-29 13:52:26;OCESN852058F1187_F:TER:FR:Line::A6CE6325-08D1-4C25-9D15-15C2DC5E7BD0::87411017:87444000:9:1356:20260814;StopPoint:OCETrain TER-87415323;2026-07-29 12:41:00;300;2026-07-29 12:42:00;300;;;;;;;;;;;;;;;;;;;;;;;;;
2026-07-29 13:52:26;OCESN852058F1187_F:TER:FR:Line::A6CE6325-08D1-4C25-9D15-15C2DC5E7BD0::87411017:87444000:9:1356:20260814;StopPoint:OCETrain TER-87415364;2026-07-29 12:56:00;300;2026-07-29 12:57:00;300;;;;;;;;;;;;;;;;;;;;;;;;;
2026-07-29 13:52:26;OCESN852058F1187_F:TER:FR:Line::A6CE6325-08D1-4C25-9D15-15C2DC5E7BD0::87411017:87444000:9:1356:20260814;StopPoint:OCETrain TER-87444315;2026-07-29 13:03:00;300;2026-07-29 13:04:00;300;;;;;;;;;;;;;;;;;;;;;;;;;
2026-07-29 13:52:26;OCESN852058F1187_F:TER:FR:Line::A6CE6325-08D1-4C25-9D15-15C2DC5E7BD0::87411017:87444000:9:1356:20260814;StopPoint:OCETrain TER-87444299;2026-07-29 13:11:00;300;2026-07-29 13:12:00;300;;;;;;;;;;;;;;;;;;;;;;;;;
2026-07-29 13:52:26;OCESN852058F1187_F:TER:FR:Line::A6CE6325-08D1-4C25-9D15-15C2DC5E7BD0::87411017:87444000:9:1356:20260814;StopPoint:OCETrain TER-87444265;2026-07-29 13:29:00;300;2026-07-29 13:30:00;300;;;;;;;;;;;;;;;;;;;;;;;;;
2026-07-29 13:52:26;OCESN12566F1187_F:OUI:FR:Line::A6C76228-9224-4C48-8B92-80FC80F093E2::87751008:87223263:7:1659:20261211;StopPoint:OCETGV INOUI-87751008;;;2026-07-29 12:17:00;300;;;;;;;;;;;;;;;;;StopPoint:OCETGV INOUI-87751008;Marseille Saint-Charles;;43.3026660;5.38040700;;;0;StopArea:OCE87751008
2026-07-29 13:52:26;OCESN12566F1187_F:OUI:FR:Line::A6C76228-9224-4C48-8B92-80FC80F093E2::87751008:87223263:7:1659:20261211;StopPoint:OCETGV INOUI-87319012;2026-07-29 12:28:00;300;2026-07-29 12:31:00;300;;;;;;;;;;;;;;;;;StopPoint:OCETGV INOUI-87319012;Aix-en-Provence TGV;;43.4552370;5.31753400;;;0;StopArea:OCE87319012
2026-07-29 13:52:26;OCESN12566F1187_F:OUI:FR:Line::A6C76228-9224-4C48-8B92-80FC80F093E2::87751008:87223263:7:1659:20261211;StopPoint:OCETGV INOUI-87318964;2026-07-29 12:51:00;300;2026-07-29 12:54:00;300;;;;;;;;;;;;;;;;;StopPoint:OCETGV INOUI-87318964;Avignon TGV;;43.9219400;4.78613600;;;0;StopArea:OCE87318964
2026-07-29 13:52:26;OCESN12566F1187_F:OUI:FR:Line::A6C76228-9224-4C48-8B92-80FC80F093E2::87751008:87223263:7:1659:20261211;StopPoint:OCETGV INOUI-87723197;2026-07-29 13:58:00;300;2026-07-29 14:05:00;300;;;;;;;;;;;;;;;;;StopPoint:OCETGV INOUI-87723197;Lyon Part Dieu;;45.7605960;4.85940900;;;0;StopArea:OCE87723197
2026-07-29 13:52:26;OCESN12566F1187_F:OUI:FR:Line::A6C76228-9224-4C48-8B92-80FC80F093E2::87751008:87223263:7:1659:20261211;StopPoint:OCETGV INOUI-87111849;2026-07-29 15:51:00;300;2026-07-29 15:55:00;300;;;;;;;;;;;;;;;;;StopPoint:OCETGV INOUI-87111849;Marne-la-Vallée Chessy;;48.8698980;2.78262600;;;0;StopArea:OCE87111849
2026-07-29 13:52:26;OCESN12566F1187_F:OUI:FR:Line::A6C76228-9224-4C48-8B92-80FC80F093E2::87751008:87223263:7:1659:20261211;StopPoint:OCETGV INOUI-87271494;2026-07-29 16:07:00;300;2026-07-29 16:13:00;300;;;;;;;;;;;;;;;;;StopPoint:OCETGV INOUI-87271494;Aéroport Charles de Gaulle 2 TGV;;49.0036180;2.57081200;;;0;StopArea:OCE87271494
2026-07-29 13:52:26;OCESN12566F1187_F:OUI:FR:Line::A6C76228-9224-4C48-8B92-80FC80F093E2::87751008:87223263:7:1659:20261211;StopPoint:OCETGV INOUI-87223263;2026-07-29 17:04:00;300;;;;;;;;;;;;;;;;;;;StopPoint:OCETGV INOUI-87223263;Lille Europe;;50.6394000;3.07572100;;;0;StopArea:OCE87223263
2026-07-29 13:52:26;OCESN6694F1187_F:OUI:FR:Line::7B14F95D-1FA0-4908-B4C6-18EB63888CD7::87726000:87686006:3:1500:20260731;StopPoint:OCETGV INOUI-87726000;;;2026-07-29 12:17:00;300;;;;;;;;;;;;;;;;;StopPoint:OCETGV INOUI-87726000;Saint-Étienne Châteaucreux;;45.4433660;4.39972200;;;0;StopArea:OCE87726000
2026-07-29 13:52:26;OCESN6694F1187_F:OUI:FR:Line::7B14F95D-1FA0-4908-B4C6-18EB63888CD7::87726000:87686006:3:1500:20260731;StopPoint:OCETGV INOUI-87723197;2026-07-29 12:59:00;300;2026-07-29 13:14:00;600;;;;;;;;;;;;;;;;;StopPoint:OCETGV INOUI-87723197;Lyon Part Dieu;;45.7605960;4.85940900;;;0;StopArea:OCE87723197
2026-07-29 13:52:26;OCESN6694F1187_F:OUI:FR:Line::7B14F95D-1FA0-4908-B4C6-18EB63888CD7::87726000:87686006:3:1500:20260731;StopPoint:OCETGV INOUI-87686006;2026-07-29 15:10:00;600;;;;;;;;;;;;;;;;;;;StopPoint:OCETGV INOUI-87686006;Paris Gare de Lyon Hall 1 - 2;;48.8449450;2.37348100;;;0;StopArea:OCE87686006
2026-07-29 13:52:26;OCESN9866F1187_F:OUI:FR:Line::A6C76228-9224-4C48-8B92-80FC80F093E2::87751008:88140010:8:1743:20261212;StopPoint:OCETGV INOUI-87319012;2026-07-29 12:28:00;300;2026-07-29 12:31:00;300;;;;;;;;;;;;;;;;;StopPoint:OCETGV INOUI-87319012;Aix-en-Provence TGV;;43.4552370;5.31753400;;;0;StopArea:OCE87319012
2026-07-29 13:52:26;OCESN9866F1187_F:OUI:FR:Line::A6C76228-9224-4C48-8B92-80FC80F093E2::87751008:88140010:8:1743:20261212;StopPoint:OCETGV INOUI-87318964;2026-07-29 12:51:00;300;2026-07-29 12:54:00;300;;;;;;;;;;;;;;;;;StopPoint:OCETGV INOUI-87318964;Avignon TGV;;43.9219400;4.78613600;;;0;StopArea:OCE87318964
2026-07-29 13:52:26;OCESN9866F1187_F:OUI:FR:Line::A6C76228-9224-4C48-8B92-80FC80F093E2::87751008:88140010:8:1743:20261212;StopPoint:OCETGV INOUI-87723197;2026-07-29 13:58:00;300;2026-07-29 14:05:00;300;;;;;;;;;;;;;;;;;StopPoint:OCETGV INOUI-87723197;Lyon Part Dieu;;45.7605960;4.85940900;;;0;StopArea:OCE87723197
2026-07-29 13:52:26;OCESN9866F1187_F:OUI:FR:Line::A6C76228-9224-4C48-8B92-80FC80F093E2::87751008:88140010:8:1743:20261212;StopPoint:OCETGV INOUI-87111849;2026-07-29 15:51:00;300;2026-07-29 15:55:00;300;;;;;;;;;;;;;;;;;StopPoint:OCETGV INOUI-87111849;Marne-la-Vallée Chessy;;48.8698980;2.78262600;;;0;StopArea:OCE87111849
2026-07-29 13:52:26;OCESN9866F1187_F:OUI:FR:Line::A6C76228-9224-4C48-8B92-80FC80F093E2::87751008:88140010:8:1743:20261212;StopPoint:OCETGV INOUI-87271494;2026-07-29 16:07:00;300;2026-07-29 16:13:00;300;;;;;;;;;;;;;;;;;StopPoint:OCETGV INOUI-87271494;Aéroport Charles de Gaulle 2 TGV;;49.0036180;2.57081200;;;0;StopArea:OCE87271494
2026-07-29 13:52:26;OCESN9866F1187_F:OUI:FR:Line::A6C76228-9224-4C48-8B92-80FC80F093E2::87751008:88140010:8:1743:20261212;StopPoint:OCETGV INOUI-87223263;2026-07-29 17:04:00;300;2026-07-29 17:14:00;300;;;;;;;;;;;;;;;;;StopPoint:OCETGV INOUI-87223263;Lille Europe;;50.6394000;3.07572100;;;0;StopArea:OCE87223263
2026-07-29 13:52:26;OCESN9866F1187_F:OUI:FR:Line::A6C76228-9224-4C48-8B92-80FC80F093E2::87751008:88140010:8:1743:20261212;StopPoint:OCETGV INOUI-88140010;2026-07-29 17:48:00;300;;;;;;;;;;;;;;;;;;;StopPoint:OCETGV INOUI-88140010;Bruxelles Midi;;50.8360000;4.33600000;;;0;StopArea:OCE88140010
2026-07-29 13:52:26;OCESN151841F;StopArea:OCE87684126;2026-07-29 13:24:00;60;2026-07-29 13:25:00;60;;;;;;;;;;;;;;;;;;;;;;;;;
2026-07-29 13:52:26;OCESN450411R1187_R:CTE:FR:Line::d48b61ba-0334-4424-8a6e-a7add79dd1dd::87594093:87594499:6:1354:20260730;StopPoint:OCECar TER-87594168;2026-07-29 13:10:00;600;2026-07-29 13:10:00;600;;;;;;;;;;;;;;;;;;;;;;;;;
2026-07-29 13:52:26;OCESN450411R1187_R:CTE:FR:Line::d48b61ba-0334-4424-8a6e-a7add79dd1dd::87594093:87594499:6:1354:20260730;StopPoint:OCECar TER-87594135;2026-07-29 13:17:00;120;2026-07-29 13:17:00;120;;;;;;;;;;;;;;;;;;;;;;;;;
2026-07-29 13:52:26;OCESN8512F1187_F:OUI:FR:Line::A74B127A-8882-4043-BAAA-F49A6703DE54::87611004:87391003:5:1716:20260824;StopPoint:OCETGV INOUI-87586008;2026-07-29 13:28:00;300;2026-07-29 13:31:00;300;;;;;;;;;;;;;;;;;StopPoint:OCETGV INOUI-87586008;Agen;;44.2079670;0.62086700;;;0;StopArea:OCE87586008
2026-07-29 13:52:26;OCESN8512F1187_F:OUI:FR:Line::A74B127A-8882-4043-BAAA-F49A6703DE54::87611004:87391003:5:1716:20260824;StopPoint:OCETGV INOUI-87581009;2026-07-29 14:45:00;300;2026-07-29 14:51:00;300;;;;;;;;;;;;;;;;;StopPoint:OCETGV INOUI-87581009;Bordeaux Saint-Jean;;44.8258730;-0.5566970;;;0;StopArea:OCE87581009
2026-07-29 13:52:26;OCESN8512F1187_F:OUI:FR:Line::A74B127A-8882-4043-BAAA-F49A6703DE54::87611004:87391003:5:1716:20260824;StopPoint:OCETGV INOUI-87583005;2026-07-29 15:26:00;300;2026-07-29 15:30:00;300;;;;;;;;;;;;;;;;;StopPoint:OCETGV INOUI-87583005;Angoulême;;45.6535720;0.16460800;;;0;StopArea:OCE87583005
2026-07-29 13:52:26;OCESN8512F1187_F:OUI:FR:Line::A74B127A-8882-4043-BAAA-F49A6703DE54::87611004:87391003:5:1716:20260824;StopPoint:OCETGV INOUI-87391003;2026-07-29 17:21:00;300;;;;;;;;;;;;;;;;;;;StopPoint:OCETGV INOUI-87391003;Paris Montparnasse Hall 1 - 2;;48.8411720;2.32051400;;;0;StopArea:OCE87391003
2026-07-29 13:52:26;OCESN866130F1187_F:TER:FR:Line::3ebed947-d25a-4cb1-ad23-a6db52a6f082::87581397:87581009:17:1412:20260828;StopPoint:OCETrain TER-87581397;;;2026-07-29 12:35:00;1200;;;;;;;;;;;;;;;;;;;;;;;;;
2026-07-29 13:52:26;OCESN866130F1187_F:TER:FR:Line::3ebed947-d25a-4cb1-ad23-a6db52a6f082::87581397:87581009:17:1412:20260828;StopPoint:OCETrain TER-87581389;2026-07-29 12:38:00;1200;2026-07-29 12:39:00;1200;;;;;;;;;;;;;;;;;;;;;;;;;
2026-07-29 13:52:26;OCESN866130F1187_F:TER:FR:Line::3ebed947-d25a-4cb1-ad23-a6db52a6f082::87581397:87581009:17:1412:20260828;StopPoint:OCETrain TER-87581371;2026-07-29 12:50:00;1500;2026-07-29 12:51:00;1500;;;;;;;;;;;;;;;;;;;;;;;;;
2026-07-29 13:52:26;OCESN866130F1187_F:TER:FR:Line::3ebed947-d25a-4cb1-ad23-a6db52a6f082::87581397:87581009:17:1412:20260828;StopPoint:OCETrain TER-87581314;2026-07-29 13:14:00;1500;2026-07-29 13:15:00;1500;;;;;;;;;;;;;;;;;;;;;;;;;
2026-07-29 13:52:26;OCESN866130F1187_F:TER:FR:Line::3ebed947-d25a-4cb1-ad23-a6db52a6f082::87581397:87581009:17:1412:20260828;StopPoint:OCETrain TER-87581256;2026-07-29 13:30:00;1500;2026-07-29 13:33:00;1500;;;;;;;;;;;;;;;;;;;;;;;;;
2026-07-29 13:52:26;OCESN866130F1187_F:TER:FR:Line::3ebed947-d25a-4cb1-ad23-a6db52a6f082::87581397:87581009:17:1412:20260828;StopPoint:OCETrain TER-87581231;2026-07-29 13:44:00;1500;2026-07-29 13:45:00;1500;;;;;;;;;;;;;;;;;;;;;;;;;
2026-07-29 13:52:26;OCESN866130F1187_F:TER:FR:Line::3ebed947-d25a-4cb1-ad23-a6db52a6f082::87581397:87581009:17:1412:20260828;StopPoint:OCETrain TER-87581215;2026-07-29 13:51:00;1500;2026-07-29 13:52:00;1500;;;;;;;;;;;;;;;;;;;;;;;;;
2026-07-29 13:52:26;OCESN866130F1187_F:TER:FR:Line::3ebed947-d25a-4cb1-ad23-a6db52a6f082::87581397:87581009:17:1412:20260828;StopPoint:OCETrain TER-87581199;2026-07-29 13:57:00;1500;2026-07-29 14:00:00;1500;;;;;;;;;;;;;;;;;;;;;;;;;
2026-07-29 13:52:26;OCESN866130F1187_F:TER:FR:Line::3ebed947-d25a-4cb1-ad23-a6db52a6f082::87581397:87581009:17:1412:20260828;StopPoint:OCETrain TER-87581181;2026-07-29 14:04:00;1500;2026-07-29 14:05:00;1500;;;;;;;;;;;;;;;;;;;;;;;;;
2026-07-29 13:52:26;OCESN866130F1187_F:TER:FR:Line::3ebed947-d25a-4cb1-ad23-a6db52a6f082::87581397:87581009:17:1412:20260828;StopPoint:OCETrain TER-87581710;2026-07-29 14:08:00;1500;2026-07-29 14:08:00;1500;;;;;;;;;;;;;;;;;;;;;;;;;
2026-07-29 13:52:26;OCESN866130F1187_F:TER:FR:Line::3ebed947-d25a-4cb1-ad23-a6db52a6f082::87581397:87581009:17:1412:20260828;StopPoint:OCETrain TER-87581728;2026-07-29 14:11:00;1500;2026-07-29 14:12:00;1500;;;;;;;;;;;;;;;;;;;;;;;;;
2026-07-29 13:52:26;OCESN866130F1187_F:TER:FR:Line::3ebed947-d25a-4cb1-ad23-a6db52a6f082::87581397:87581009:17:1412:20260828;StopPoint:OCETrain TER-87581736;2026-07-29 14:16:00;1500;2026-07-29 14:17:00;1500;;;;;;;;;;;;;;;;;;;;;;;;;
2026-07-29 13:52:26;OCESN866130F1187_F:TER:FR:Line::3ebed947-d25a-4cb1-ad23-a6db52a6f082::87581397:87581009:17:1412:20260828;StopPoint:OCETrain TER-87738096;2026-07-29 14:20:00;1500;2026-07-29 14:21:00;1500;;;;;;;;;;;;;;;;;;;;;;;;;
2026-07-29 13:52:26;OCESN866130F1187_F:TER:FR:Line::3ebed947-d25a-4cb1-ad23-a6db52a6f082::87581397:87581009:17:1412:20260828;StopPoint:OCETrain TER-87581538;2026-07-29 14:24:00;1500;2026-07-29 14:25:00;1500;;;;;;;;;;;;;;;;;;;;;;;;;
2026-07-29 13:52:26;OCESN866130F1187_F:TER:FR:Line::3ebed947-d25a-4cb1-ad23-a6db52a6f082::87581397:87581009:17:1412:20260828;StopPoint:OCETrain TER-87278259;2026-07-29 14:27:00;1500;2026-07-29 14:28:00;1500;;;;;;;;;;;;;;;;;;;;;;;;;
2026-07-29 13:52:26;OCESN866130F1187_F:TER:FR:Line::3ebed947-d25a-4cb1-ad23-a6db52a6f082::87581397:87581009:17:1412:20260828;StopPoint:OCETrain TER-87748350;2026-07-29 14:31:00;1500;2026-07-29 14:32:00;1500;;;;;;;;;;;;;;;;;;;;;;;;;
2026-07-29 13:52:26;OCESN866130F1187_F:TER:FR:Line::3ebed947-d25a-4cb1-ad23-a6db52a6f082::87581397:87581009:17:1412:20260828;StopPoint:OCETrain TER-87581009;2026-07-29 14:37:00;1500;;;;;;;;;;;;;;;;;;;;;;;;;;;
2026-07-29 13:52:26;OCESN13134F1187_F:TER:FR:Line::97E911FA-C8F2-4861-AD3C-C36CF4750A49::87411017:87384008:6:1348:20261211;StopPoint:OCETrain TER-87411017;;;2026-07-29 12:26:00;600;;;;;;;;;;;;;;;;;;;;;;;;;
2026-07-29 13:52:26;OCESN13134F1187_F:TER:FR:Line::97E911FA-C8F2-4861-AD3C-C36CF4750A49::87411017:87384008:6:1348:20261211;StopPoint:OCETrain TER-87411207;2026-07-29 12:35:00;600;2026-07-29 12:36:00;600;;;;;;;;;;;;;;;;;;;;;;;;;
2026-07-29 13:52:26;OCESN13134F1187_F:TER:FR:Line::97E911FA-C8F2-4861-AD3C-C36CF4750A49::87411017:87384008:6:1348:20261211;StopPoint:OCETrain TER-87415877;2026-07-29 12:40:00;360;2026-07-29 12:40:00;300;;;;;;;;;;;;;;;;;;;;;;;;;
2026-07-29 13:52:26;OCESN13134F1187_F:TER:FR:Line::97E911FA-C8F2-4861-AD3C-C36CF4750A49::87411017:87384008:6:1348:20261211;StopPoint:OCETrain TER-87415620;2026-07-29 12:50:00;300;2026-07-29 12:51:00;300;;;;;;;;;;;;;;;;;;;;;;;;;
2026-07-29 13:52:26;OCESN13134F1187_F:TER:FR:Line::97E911FA-C8F2-4861-AD3C-C36CF4750A49::87411017:87384008:6:1348:20261211;StopPoint:OCETrain TER-87415604;2026-07-29 12:58:00;300;2026-07-29 13:00:00;300;;;;;;;;;;;;;;;;;;;;;;;;;
2026-07-29 13:52:26;OCESN13134F1187_F:TER:FR:Line::97E911FA-C8F2-4861-AD3C-C36CF4750A49::87411017:87384008:6:1348:20261211;StopPoint:OCETrain TER-87384008;2026-07-29 13:53:00;300;;;;;;;;;;;;;;;;;;;;;;;;;;;
2026-07-29 13:52:26;OCESN873056F1187_F:TER:FR:Line::6A73FB31-69FE-4B0C-A440-2AFC4D7F8084::87734004:87641001:12:1358:20260819;StopPoint:OCETrain TER-87734004;;;2026-07-29 12:23:00;300;;;;;;;;;;;;;;;;;;;;;;;;;
2026-07-29 13:52:26;OCESN873056F1187_F:TER:FR:Line::6A73FB31-69FE-4B0C-A440-2AFC4D7F8084::87734004:87641001:12:1358:20260819;StopPoint:OCETrain TER-87734046;2026-07-29 12:28:00;300;2026-07-29 12:29:00;300;;;;;;;;;;;;;;;;;;;;;;;;;
2026-07-29 13:52:26;OCESN873056F1187_F:TER:FR:Line::6A73FB31-69FE-4B0C-A440-2AFC4D7F8084::87734004:87641001:12:1358:20260819;StopPoint:OCETrain TER-87734053;2026-07-29 12:44:00;900;2026-07-29 12:45:00;900;;;;;;;;;;;;;;;;;;;;;;;;;
2026-07-29 13:52:26;OCESN873056F1187_F:TER:FR:Line::6A73FB31-69FE-4B0C-A440-2AFC4D7F8084::87734004:87641001:12:1358:20260819;StopPoint:OCETrain TER-87734103;2026-07-29 12:56:00;1200;2026-07-29 12:57:00;1200;;;;;;;;;;;;;;;;;;;;;;;;;
2026-07-29 13:52:26;OCESN873056F1187_F:TER:FR:Line::6A73FB31-69FE-4B0C-A440-2AFC4D7F8084::87734004:87641001:12:1358:20260819;StopPoint:OCETrain TER-87734129;2026-07-29 13:03:00;1200;2026-07-29 13:04:00;1200;;;;;;;;;;;;;;;;;;;;;;;;;
2026-07-29 13:52:26;OCESN873056F1187_F:TER:FR:Line::6A73FB31-69FE-4B0C-A440-2AFC4D7F8084::87734004:87641001:12:1358:20260819;StopPoint:OCETrain TER-87732404;2026-07-29 13:12:00;1200;2026-07-29 13:13:00;1200;;;;;;;;;;;;;;;;;;;;;;;;;
2026-07-29 13:52:26;OCESN873056F1187_F:TER:FR:Line::6A73FB31-69FE-4B0C-A440-2AFC4D7F8084::87734004:87641001:12:1358:20260819;StopPoint:OCETrain TER-87641076;2026-07-29 13:21:00;1200;2026-07-29 13:22:00;1200;;;;;;;;;;;;;;;;;;;;;;;;;
2026-07-29 13:52:26;OCESN873056F1187_F:TER:FR:Line::6A73FB31-69FE-4B0C-A440-2AFC4D7F8084::87734004:87641001:12:1358:20260819;StopPoint:OCETrain TER-87641068;2026-07-29 13:31:00;1200;2026-07-29 13:33:00;1200;;;;;;;;;;;;;;;;;;;;;;;;;
2026-07-29 13:52:26;OCESN873056F1187_F:TER:FR:Line::6A73FB31-69FE-4B0C-A440-2AFC4D7F8084::87734004:87641001:12:1358:20260819;StopPoint:OCETrain TER-87641050;2026-07-29 13:41:00;1200;2026-07-29 13:42:00;1200;;;;;;;;;;;;;;;;;;;;;;;;;
2026-07-29 13:52:26;OCESN873056F1187_F:TER:FR:Line::6A73FB31-69FE-4B0C-A440-2AFC4D7F8084::87734004:87641001:12:1358:20260819;StopPoint:OCETrain TER-87641043;2026-07-29 13:50:00;1200;2026-07-29 13:51:00;1200;;;;;;;;;;;;;;;;;;;;;;;;;
2026-07-29 13:52:26;OCESN873056F1187_F:TER:FR:Line::6A73FB31-69FE-4B0C-A440-2AFC4D7F8084::87734004:87641001:12:1358:20260819;StopPoint:OCETrain TER-87641415;2026-07-29 14:05:00;1200;2026-07-29 14:06:00;1200;;;;;;;;;;;;;;;;;;;;;;;;;
2026-07-29 13:52:26;OCESN873056F1187_F:TER:FR:Line::6A73FB31-69FE-4B0C-A440-2AFC4D7F8084::87734004:87641001:12:1358:20260819;StopPoint:OCETrain TER-87641001;2026-07-29 14:18:00;1200;;;;;;;;;;;;;;;;;;;;;;;;;;;
2026-07-29 13:52:26;OCESN31118R1187_R:CTE:FR:Line::AFC81FD4-2ACF-4BD1-96D0-E02D47FFBB4B::87734699:87734004:12:1502:20261211;StopPoint:OCECar TER-87734251;2026-07-29 13:45:00;300;2026-07-29 13:45:00;300;;;;;;;;;;;;;;;;;;;;;;;;;
2026-07-29 13:52:26;OCESN31118R1187_R:CTE:FR:Line::AFC81FD4-2ACF-4BD1-96D0-E02D47FFBB4B::87734699:87734004:12:1502:20261211;StopPoint:OCECar TER-87734244;2026-07-29 13:57:00;300;2026-07-29 13:57:00;300;;;;;;;;;;;;;;;;;;;;;;;;;
2026-07-29 13:52:26;OCESN31118R1187_R:CTE:FR:Line::AFC81FD4-2ACF-4BD1-96D0-E02D47FFBB4B::87734699:87734004:12:1502:20261211;StopPoint:OCECar TER-87721696;2026-07-29 14:03:00;300;2026-07-29 14:03:00;300;;;;;;;;;;;;;;;;;;;;;;;;;
2026-07-29 13:52:26;OCESN31118R1187_R:CTE:FR:Line::AFC81FD4-2ACF-4BD1-96D0-E02D47FFBB4B::87734699:87734004:12:1502:20261211;StopPoint:OCECar TER-87734228;2026-07-29 14:12:00;300;2026-07-29 14:12:00;300;;;;;;;;;;;;;;;;;;;;;;;;;
2026-07-29 13:52:26;OCESN31118R1187_R:CTE:FR:Line::AFC81FD4-2ACF-4BD1-96D0-E02D47FFBB4B::87734699:87734004:12:1502:20261211;StopPoint:OCECar TER-87734202;2026-07-29 14:27:00;300;2026-07-29 14:27:00;300;;;;;;;;;;;;;;;;;;;;;;;;;
2026-07-29 13:52:26;OCESN31118R1187_R:CTE:FR:Line::AFC81FD4-2ACF-4BD1-96D0-E02D47FFBB4B::87734699:87734004:12:1502:20261211;StopPoint:OCECar TER-87734004;2026-07-29 15:07:00;300;;;;;;;;;;;;;;;;;;;;;;;;;;;
2026-07-29 13:52:26;OCESN44775R1187_R:CTE:FR:Line::5E1E8A00-EE09-4F92-9E83-4C809674828F::87141002:87144279:3:1343:20261212;StopPoint:OCECar TER-87144279;2026-07-29 13:48:00;300;;;;;;;;;;;;;;;;;;;;;;;;;;;
2026-07-29 13:52:26;OCESN873108F1187_F:TER:FR:Line::6A73FB31-69FE-4B0C-A440-2AFC4D7F8084::87641001:87734004:11:1406:20260821;StopPoint:OCETrain TER-87641068;2026-07-29 13:10:00;0;2026-07-29 13:32:00;1200;;;;;;;;;;;;;;;;;;;;;;;;;
2026-07-29 13:52:26;OCESN873108F1187_F:TER:FR:Line::6A73FB31-69FE-4B0C-A440-2AFC4D7F8084::87641001:87734004:11:1406:20260821;StopPoint:OCETrain TER-87641076;2026-07-29 13:41:00;1200;2026-07-29 13:42:00;1200;;;;;;;;;;;;;;;;;;;;;;;;;
2026-07-29 13:52:26;OCESN873108F1187_F:TER:FR:Line::6A73FB31-69FE-4B0C-A440-2AFC4D7F8084::87641001:87734004:11:1406:20260821;StopPoint:OCETrain TER-87732404;2026-07-29 13:51:00;1200;2026-07-29 13:54:00;1200;;;;;;;;;;;;;;;;;;;;;;;;;
2026-07-29 13:52:26;OCESN873108F1187_F:TER:FR:Line::6A73FB31-69FE-4B0C-A440-2AFC4D7F8084::87641001:87734004:11:1406:20260821;StopPoint:OCETrain TER-87734129;2026-07-29 14:02:00;1200;2026-07-29 14:04:00;1200;;;;;;;;;;;;;;;;;;;;;;;;;
2026-07-29 13:52:26;OCESN873108F1187_F:TER:FR:Line::6A73FB31-69FE-4B0C-A440-2AFC4D7F8084::87641001:87734004:11:1406:20260821;StopPoint:OCETrain TER-87734053;2026-07-29 14:14:00;1200;2026-07-29 14:27:00;1800;;;;;;;;;;;;;;;;;;;;;;;;;
2026-07-29 13:52:26;OCESN873108F1187_F:TER:FR:Line::6A73FB31-69FE-4B0C-A440-2AFC4D7F8084::87641001:87734004:11:1406:20260821;StopPoint:OCETrain TER-87734004;2026-07-29 14:36:00;1800;;;;;;;;;;;;;;;;;;;;;;;;;;;
2026-07-29 13:52:26;OCESN876307F1187_F:TER:FR:Line::0202671B-7107-429E-A37B-473C55E0254C::87765008:87773002:13:1341:20260729;StopPoint:OCETrain TER-87765008;;;2026-07-29 13:30:00;4200;;;;;;;;;;;;;;;;;;;;;;;;;
2026-07-29 13:52:26;OCESN876307F1187_F:TER:FR:Line::0202671B-7107-429E-A37B-473C55E0254C::87765008:87773002:13:1341:20260729;StopPoint:OCETrain TER-87765354;2026-07-29 13:42:00;4200;2026-07-29 13:43:00;4200;;;;;;;;;;;;;;;;;;;;;;;;;
2026-07-29 13:52:26;OCESN876307F1187_F:TER:FR:Line::0202671B-7107-429E-A37B-473C55E0254C::87765008:87773002:13:1341:20260729;StopPoint:OCETrain TER-87775023;2026-07-29 13:45:00;4200;2026-07-29 13:46:00;4200;;;;;;;;;;;;;;;;;;;;;;;;;
2026-07-29 13:52:26;OCESN876307F1187_F:TER:FR:Line::0202671B-7107-429E-A37B-473C55E0254C::87765008:87773002:13:1341:20260729;StopPoint:OCETrain TER-87703975;2026-07-29 13:55:00;4200;2026-07-29 13:57:00;4200;;;;;;;;;;;;;;;;;;;;;;;;;
2026-07-29 13:52:26;OCESN876307F1187_F:TER:FR:Line::0202671B-7107-429E-A37B-473C55E0254C::87765008:87773002:13:1341:20260729;StopPoint:OCETrain TER-87775007;2026-07-29 14:06:00;4200;2026-07-29 14:09:00;4200;;;;;;;;;;;;;;;;;;;;;;;;;
2026-07-29 13:52:26;OCESN876307F1187_F:TER:FR:Line::0202671B-7107-429E-A37B-473C55E0254C::87765008:87773002:13:1341:20260729;StopPoint:OCETrain TER-87775072;2026-07-29 14:12:00;4200;2026-07-29 14:13:00;4200;;;;;;;;;;;;;;;;;;;;;;;;;
2026-07-29 13:52:26;OCESN876307F1187_F:TER:FR:Line::0202671B-7107-429E-A37B-473C55E0254C::87765008:87773002:13:1341:20260729;StopPoint:OCETrain TER-87775114;2026-07-29 14:20:00;4200;2026-07-29 14:21:00;4200;;;;;;;;;;;;;;;;;;;;;;;;;
2026-07-29 13:52:26;OCESN876307F1187_F:TER:FR:Line::0202671B-7107-429E-A37B-473C55E0254C::87765008:87773002:13:1341:20260729;StopPoint:OCETrain TER-87773408;2026-07-29 14:27:00;4200;2026-07-29 14:29:00;4200;;;;;;;;;;;;;;;;;;;;;;;;;
2026-07-29 13:52:26;OCESN876307F1187_F:TER:FR:Line::0202671B-7107-429E-A37B-473C55E0254C::87765008:87773002:13:1341:20260729;StopPoint:OCETrain TER-87773424;2026-07-29 14:31:00;4200;2026-07-29 14:32:00;4200;;;;;;;;;;;;;;;;;;;;;;;;;
2026-07-29 13:52:26;OCESN876307F1187_F:TER:FR:Line::0202671B-7107-429E-A37B-473C55E0254C::87765008:87773002:13:1341:20260729;StopPoint:OCETrain TER-87773432;2026-07-29 14:35:00;4200;2026-07-29 14:36:00;4200;;;;;;;;;;;;;;;;;;;;;;;;;
2026-07-29 13:52:26;OCESN876307F1187_F:TER:FR:Line::0202671B-7107-429E-A37B-473C55E0254C::87765008:87773002:13:1341:20260729;StopPoint:OCETrain TER-87773457;2026-07-29 14:39:00;4200;2026-07-29 14:40:00;4200;;;;;;;;;;;;;;;;;;;;;;;;;
2026-07-29 13:52:26;OCESN876307F1187_F:TER:FR:Line::0202671B-7107-429E-A37B-473C55E0254C::87765008:87773002:13:1341:20260729;StopPoint:OCETrain TER-87773465;2026-07-29 14:43:00;4200;2026-07-29 14:44:00;4200;;;;;;;;;;;;;;;;;;;;;;;;;
2026-07-29 13:52:26;OCESN876307F1187_F:TER:FR:Line::0202671B-7107-429E-A37B-473C55E0254C::87765008:87773002:13:1341:20260729;StopPoint:OCETrain TER-87773002;2026-07-29 14:51:00;4200;;;;;;;;;;;;;;;;;;;;;;;;;;;
2026-07-29 13:52:26;OCESN895861F1187_F:TER:FR:Line::AA458197-5792-4FC6-A6CA-4B6EA3876108::87718007:87743005:16:1430:20260730;StopPoint:OCETrain TER-87718841;2026-07-29 13:41:00;3000;2026-07-29 13:42:00;3000;;;;;;;;;;;;;;;;;;;;;;;;;
2026-07-29 13:52:26;OCESN895861F1187_F:TER:FR:Line::AA458197-5792-4FC6-A6CA-4B6EA3876108::87718007:87743005:16:1430:20260730;StopPoint:OCETrain TER-87718833;2026-07-29 13:47:00;3000;2026-07-29 13:50:00;3000;;;;;;;;;;;;;;;;;;;;;;;;;
2026-07-29 13:52:26;OCESN895861F1187_F:TER:FR:Line::AA458197-5792-4FC6-A6CA-4B6EA3876108::87718007:87743005:16:1430:20260730;StopPoint:OCETrain TER-87718155;2026-07-29 13:57:00;3000;2026-07-29 13:59:00;3000;;;;;;;;;;;;;;;;;;;;;;;;;
2026-07-29 13:52:26;OCESN895861F1187_F:TER:FR:Line::AA458197-5792-4FC6-A6CA-4B6EA3876108::87718007:87743005:16:1430:20260730;StopPoint:OCETrain TER-87718189;2026-07-29 14:07:00;3000;2026-07-29 14:08:00;3000;;;;;;;;;;;;;;;;;;;;;;;;;
2026-07-29 13:52:26;OCESN895861F1187_F:TER:FR:Line::AA458197-5792-4FC6-A6CA-4B6EA3876108::87718007:87743005:16:1430:20260730;StopPoint:OCETrain TER-87718197;2026-07-29 14:16:00;3000;2026-07-29 14:17:00;3000;;;;;;;;;;;;;;;;;;;;;;;;;
2026-07-29 13:52:26;OCESN895861F1187_F:TER:FR:Line::AA458197-5792-4FC6-A6CA-4B6EA3876108::87718007:87743005:16:1430:20260730;StopPoint:OCETrain TER-87718213;2026-07-29 14:24:00;3000;2026-07-29 14:25:00;3000;;;;;;;;;;;;;;;;;;;;;;;;;
2026-07-29 13:52:26;OCESN895861F1187_F:TER:FR:Line::AA458197-5792-4FC6-A6CA-4B6EA3876108::87718007:87743005:16:1430:20260730;StopPoint:OCETrain TER-87718239;2026-07-29 14:35:00;3000;2026-07-29 14:37:00;3000;;;;;;;;;;;;;;;;;;;;;;;;;
2026-07-29 13:52:26;OCESN895861F1187_F:TER:FR:Line::AA458197-5792-4FC6-A6CA-4B6EA3876108::87718007:87743005:16:1430:20260730;StopPoint:OCETrain TER-87718270;2026-07-29 14:53:00;3000;2026-07-29 14:55:00;3000;;;;;;;;;;;;;;;;;;;;;;;;;
2026-07-29 13:52:26;OCESN895861F1187_F:TER:FR:Line::AA458197-5792-4FC6-A6CA-4B6EA3876108::87718007:87743005:16:1430:20260730;StopPoint:OCETrain TER-87718296;2026-07-29 15:03:00;3000;2026-07-29 15:04:00;3000;;;;;;;;;;;;;;;;;;;;;;;;;
2026-07-29 13:52:26;OCESN895861F1187_F:TER:FR:Line::AA458197-5792-4FC6-A6CA-4B6EA3876108::87718007:87743005:16:1430:20260730;StopPoint:OCETrain TER-87743005;2026-07-29 15:20:00;3000;;;;;;;;;;;;;;;;;;;;;;;;;;;
2026-07-29 13:52:26;OCESN96224F1187_F:TER:FR:Line::297ec911-6fdb-4544-9c77-12ea9183d1b1::85000109:87212027:6:1339:20261211;StopPoint:OCETrain TER-85000109;;;2026-07-29 12:31:00;600;;;;;;;;;;;;;;;;;;;;;;;;;
2026-07-29 13:52:26;OCESN96224F1187_F:TER:FR:Line::297ec911-6fdb-4544-9c77-12ea9183d1b1::85000109:87212027:6:1339:20261211;StopPoint:OCETrain TER-87182139;2026-07-29 12:39:00;600;2026-07-29 12:40:00;600;;;;;;;;;;;;;;;;;;;;;;;;;
2026-07-29 13:52:26;OCESN96224F1187_F:TER:FR:Line::297ec911-6fdb-4544-9c77-12ea9183d1b1::85000109:87212027:6:1339:20261211;StopPoint:OCETrain TER-87182063;2026-07-29 12:53:00;600;2026-07-29 13:05:00;1200;;;;;;;;;;;;;;;;;;;;;;;;;
2026-07-29 13:52:26;OCESN96224F1187_F:TER:FR:Line::297ec911-6fdb-4544-9c77-12ea9183d1b1::85000109:87212027:6:1339:20261211;StopPoint:OCETrain TER-87182014;2026-07-29 13:24:00;1200;2026-07-29 13:26:00;1200;;;;;;;;;;;;;;;;;;;;;;;;;
2026-07-29 13:52:26;OCESN96224F1187_F:TER:FR:Line::297ec911-6fdb-4544-9c77-12ea9183d1b1::85000109:87212027:6:1339:20261211;StopPoint:OCETrain TER-87214056;2026-07-29 13:37:00;1200;2026-07-29 13:39:00;1200;;;;;;;;;;;;;;;;;;;;;;;;;
2026-07-29 13:52:26;OCESN96224F1187_F:TER:FR:Line::297ec911-6fdb-4544-9c77-12ea9183d1b1::85000109:87212027:6:1339:20261211;StopPoint:OCETrain TER-87212027;2026-07-29 13:59:00;1200;;;;;;;;;;;;;;;;;;;;;;;;;;;
2026-07-29 13:52:26;OCESN8582F1187_F:OUI:FR:Line::2881AC3D-A347-4440-BEF8-23ACAB159588::87671008:87391003:7:1756:20260729;StopPoint:OCETGV INOUI-87581009;2026-07-29 16:10:00;1800;2026-07-29 16:16:00;1800;;;;;;;;;;;;;;;;;StopPoint:OCETGV INOUI-87581009;Bordeaux Saint-Jean;;44.8258730;-0.5566970;;;0;StopArea:OCE87581009
2026-07-29 13:52:26;OCESN8582F1187_F:OUI:FR:Line::2881AC3D-A347-4440-BEF8-23ACAB159588::87671008:87391003:7:1756:20260729;StopPoint:OCETGV INOUI-87391003;2026-07-29 18:26:00;1800;;;;;;;;;;;;;;;;;;;StopPoint:OCETGV INOUI-87391003;Paris Montparnasse Hall 1 - 2;;48.8411720;2.32051400;;;0;StopArea:OCE87391003
2026-07-29 13:52:26;OCESN860587F1187_F:TER:FR:Line::89BD9468-3499-4B6B-B3CB-50073CDD3F95::87547000:87543009:13:1403:20261022;StopPoint:OCETrain TER-87545137;2026-07-29 12:59:00;300;2026-07-29 13:01:00;300;;;;;;;;;;;;;;;;;;;;;;;;;
2026-07-29 13:52:26;OCESN860587F1187_F:TER:FR:Line::89BD9468-3499-4B6B-B3CB-50073CDD3F95::87547000:87543009:13:1403:20261022;StopPoint:OCETrain TER-87545129;2026-07-29 13:07:00;300;2026-07-29 13:08:00;300;;;;;;;;;;;;;;;;;;;;;;;;;
2026-07-29 13:52:26;OCESN860587F1187_F:TER:FR:Line::89BD9468-3499-4B6B-B3CB-50073CDD3F95::87547000:87543009:13:1403:20261022;StopPoint:OCETrain TER-87545111;2026-07-29 13:12:00;300;2026-07-29 13:13:00;300;;;;;;;;;;;;;;;;;;;;;;;;;
2026-07-29 13:52:26;OCESN860587F1187_F:TER:FR:Line::89BD9468-3499-4B6B-B3CB-50073CDD3F95::87547000:87543009:13:1403:20261022;StopPoint:OCETrain TER-87543090;2026-07-29 13:17:00;300;2026-07-29 13:18:00;300;;;;;;;;;;;;;;;;;;;;;;;;;
2026-07-29 13:52:26;OCESN860587F1187_F:TER:FR:Line::89BD9468-3499-4B6B-B3CB-50073CDD3F95::87547000:87543009:13:1403:20261022;StopPoint:OCETrain TER-87543082;2026-07-29 13:23:00;300;2026-07-29 13:24:00;300;;;;;;;;;;;;;;;;;;;;;;;;;
2026-07-29 13:52:26;OCESN860587F1187_F:TER:FR:Line::89BD9468-3499-4B6B-B3CB-50073CDD3F95::87547000:87543009:13:1403:20261022;StopPoint:OCETrain TER-87543074;2026-07-29 13:29:00;300;2026-07-29 13:30:00;300;;;;;;;;;;;;;;;;;;;;;;;;;
2026-07-29 13:52:26;OCESN860587F1187_F:TER:FR:Line::89BD9468-3499-4B6B-B3CB-50073CDD3F95::87547000:87543009:13:1403:20261022;StopPoint:OCETrain TER-87543066;2026-07-29 13:35:00;300;2026-07-29 13:36:00;300;;;;;;;;;;;;;;;;;;;;;;;;;
2026-07-29 13:52:26;OCESN860587F1187_F:TER:FR:Line::89BD9468-3499-4B6B-B3CB-50073CDD3F95::87547000:87543009:13:1403:20261022;StopPoint:OCETrain TER-87543058;2026-07-29 13:43:00;300;2026-07-29 13:44:00;300;;;;;;;;;;;;;;;;;;;;;;;;;
2026-07-29 13:52:26;OCESN860587F1187_F:TER:FR:Line::89BD9468-3499-4B6B-B3CB-50073CDD3F95::87547000:87543009:13:1403:20261022;StopPoint:OCETrain TER-87543041;2026-07-29 13:49:00;300;2026-07-29 13:50:00;300;;;;;;;;;;;;;;;;;;;;;;;;;
2026-07-29 13:52:26;OCESN860587F1187_F:TER:FR:Line::89BD9468-3499-4B6B-B3CB-50073CDD3F95::87547000:87543009:13:1403:20261022;StopPoint:OCETrain TER-87543033;2026-07-29 13:54:00;300;2026-07-29 13:55:00;300;;;;;;;;;;;;;;;;;;;;;;;;;
2026-07-29 13:52:26;OCESN860587F1187_F:TER:FR:Line::89BD9468-3499-4B6B-B3CB-50073CDD3F95::87547000:87543009:13:1403:20261022;StopPoint:OCETrain TER-87543017;2026-07-29 14:02:00;300;2026-07-29 14:04:00;300;;;;;;;;;;;;;;;;;;;;;;;;;
2026-07-29 13:52:26;OCESN860587F1187_F:TER:FR:Line::89BD9468-3499-4B6B-B3CB-50073CDD3F95::87547000:87543009:13:1403:20261022;StopPoint:OCETrain TER-87543009;2026-07-29 14:08:00;300;;;;;;;;;;;;;;;;;;;;;;;;;;;
2026-07-29 13:52:26;OCESN886922F1187_F:TER:FR:Line::00F7208C-CEBC-4521-A792-6EC3ABB65811::87726000:87726802:10:1334:20260831;StopPoint:OCETrain TER-87726216;2026-07-29 12:41:00;300;2026-07-29 12:42:00;300;;;;;;;;;;;;;;;;;;;;;;;;;
2026-07-29 13:52:26;OCESN886922F1187_F:TER:FR:Line::00F7208C-CEBC-4521-A792-6EC3ABB65811::87726000:87726802:10:1334:20260831;StopPoint:OCETrain TER-87726208;2026-07-29 12:47:00;300;2026-07-29 12:48:00;300;;;;;;;;;;;;;;;;;;;;;;;;;
2026-07-29 13:52:26;OCESN886922F1187_F:TER:FR:Line::00F7208C-CEBC-4521-A792-6EC3ABB65811::87726000:87726802:10:1334:20260831;StopPoint:OCETrain TER-87726885;2026-07-29 12:55:00;300;2026-07-29 12:56:00;300;;;;;;;;;;;;;;;;;;;;;;;;;
2026-07-29 13:52:26;OCESN886922F1187_F:TER:FR:Line::00F7208C-CEBC-4521-A792-6EC3ABB65811::87726000:87726802:10:1334:20260831;StopPoint:OCETrain TER-87726877;2026-07-29 13:03:00;300;2026-07-29 13:04:00;300;;;;;;;;;;;;;;;;;;;;;;;;;
2026-07-29 13:52:26;OCESN886922F1187_F:TER:FR:Line::00F7208C-CEBC-4521-A792-6EC3ABB65811::87726000:87726802:10:1334:20260831;StopPoint:OCETrain TER-87726869;2026-07-29 13:10:00;300;2026-07-29 13:11:00;300;;;;;;;;;;;;;;;;;;;;;;;;;
2026-07-29 13:52:26;OCESN886922F1187_F:TER:FR:Line::00F7208C-CEBC-4521-A792-6EC3ABB65811::87726000:87726802:10:1334:20260831;StopPoint:OCETrain TER-87726851;2026-07-29 13:19:00;300;2026-07-29 13:20:00;300;;;;;;;;;;;;;;;;;;;;;;;;;
2026-07-29 13:52:26;OCESN886922F1187_F:TER:FR:Line::00F7208C-CEBC-4521-A792-6EC3ABB65811::87726000:87726802:10:1334:20260831;StopPoint:OCETrain TER-87726828;2026-07-29 13:44:00;900;2026-07-29 13:45:00;900;;;;;;;;;;;;;;;;;;;;;;;;;
2026-07-29 13:52:26;OCESN886922F1187_F:TER:FR:Line::00F7208C-CEBC-4521-A792-6EC3ABB65811::87726000:87726802:10:1334:20260831;StopPoint:OCETrain TER-87726802;2026-07-29 13:49:00;900;;;;;;;;;;;;;;;;;;;;;;;;;;;
2026-07-29 13:52:26;OCESN37283R1187_R:CTE:FR:Line::4D2207B0-5022-4525-982D-7806A16FF6FF::87683573:87696617:9:1416:20260730;StopPoint:OCECar TER-87696856;2026-07-29 13:19:00;300;2026-07-29 13:19:00;300;;;;;;;;;;;;;;;;;;;;;;;;;
2026-07-29 13:52:26;OCESN37283R1187_R:CTE:FR:Line::4D2207B0-5022-4525-982D-7806A16FF6FF::87683573:87696617:9:1416:20260730;StopPoint:OCECar TER-87696831;2026-07-29 13:34:00;300;2026-07-29 13:34:00;300;;;;;;;;;;;;;;;;;;;;;;;;;
2026-07-29 13:52:26;OCESN860588F1187_F:TER:FR:Line::89BD9468-3499-4B6B-B3CB-50073CDD3F95::87543009:87547000:12:1404:20261016;StopPoint:OCETrain TER-87547000;2026-07-29 14:09:00;300;;;;;;;;;;;;;;;;;;;;;;;;;;;
2026-07-29 13:52:26;OCESN3379F1187_F:TER:FR:Line::03A83359-7D9D-4301-9C87-92FED4666451::87384008:87444372:6:1442:20261211;StopPoint:OCETrain TER-87384008;;;2026-07-29 12:49:00;1200;;;;;;;;;;;;;;;;;;;;;;;;;
2026-07-29 13:52:26;OCESN3379F1187_F:TER:FR:Line::03A83359-7D9D-4301-9C87-92FED4666451::87384008:87444372:6:1442:20261211;StopPoint:OCETrain TER-87387001;2026-07-29 13:43:00;900;2026-07-29 13:45:00;900;;;;;;;;;;;;;;;;;;;;;;;;;
2026-07-29 13:52:26;OCESN3379F1187_F:TER:FR:Line::03A83359-7D9D-4301-9C87-92FED4666451::87384008:87444372:6:1442:20261211;StopPoint:OCETrain TER-87444299;2026-07-29 14:10:00;900;2026-07-29 14:11:00;900;;;;;;;;;;;;;;;;;;;;;;;;;
2026-07-29 13:52:26;OCESN3379F1187_F:TER:FR:Line::03A83359-7D9D-4301-9C87-92FED4666451::87384008:87444372:6:1442:20261211;StopPoint:OCETrain TER-87444265;2026-07-29 14:26:00;900;2026-07-29 14:27:00;900;;;;;;;;;;;;;;;;;;;;;;;;;
2026-07-29 13:52:26;OCESN3379F1187_F:TER:FR:Line::03A83359-7D9D-4301-9C87-92FED4666451::87384008:87444372:6:1442:20261211;StopPoint:OCETrain TER-87444349;2026-07-29 14:47:00;900;2026-07-29 14:48:00;900;;;;;;;;;;;;;;;;;;;;;;;;;
2026-07-29 13:52:26;OCESN3379F1187_F:TER:FR:Line::03A83359-7D9D-4301-9C87-92FED4666451::87384008:87444372:6:1442:20261211;StopPoint:OCETrain TER-87444372;2026-07-29 14:57:00;900;;;;;;;;;;;;;;;;;;;;;;;;;;;
2026-07-29 13:52:26;OCESN6972F1187_F:OUI:FR:Line::60faff89-b743-4b4b-a86b-3c0537769bfa::87746008:87686006:5:1616:20260801;StopPoint:OCETGV INOUI-87741009;2026-07-29 13:09:00;0;2026-07-29 13:33:00;600;;;;;;;;;;;;;;;;;StopPoint:OCETGV INOUI-87741009;Chambéry - Challes-les-Eaux;;45.5713020;5.91954700;;;0;StopArea:OCE87741009
2026-07-29 13:52:26;OCESN6972F1187_F:OUI:FR:Line::60faff89-b743-4b4b-a86b-3c0537769bfa::87746008:87686006:5:1616:20260801;StopPoint:OCETGV INOUI-87725705;2026-07-29 14:46:00;600;2026-07-29 14:49:00;600;;;;;;;;;;;;;;;;;StopPoint:OCETGV INOUI-87725705;Mâcon - Loché TGV;;46.2829120;4.77892400;;;0;StopArea:OCE87725705
2026-07-29 13:52:26;OCESN6972F1187_F:OUI:FR:Line::60faff89-b743-4b4b-a86b-3c0537769bfa::87746008:87686006:5:1616:20260801;StopPoint:OCETGV INOUI-87686006;2026-07-29 16:26:00;600;;;;;;;;;;;;;;;;;;;StopPoint:OCETGV INOUI-87686006;Paris Gare de Lyon Hall 1 - 2;;48.8449450;2.37348100;;;0;StopArea:OCE87686006
2026-07-29 13:52:26;OCESN406237R1187_R:CTE:FR:Line::2DF95135-3422-4DBA-9B8B-B9D470AC18EC::87721605:87698340:14:1341:20260821;StopPoint:OCECar TER-87566919;2026-07-29 12:56:00;300;2026-07-29 12:56:00;300;;;;;;;;;;;;;;;;;;;;;;;;;
2026-07-29 13:52:26;OCESN406237R1187_R:CTE:FR:Line::2DF95135-3422-4DBA-9B8B-B9D470AC18EC::87721605:87698340:14:1341:20260821;StopPoint:OCECar TER-87698324;2026-07-29 13:03:00;300;2026-07-29 13:03:00;300;;;;;;;;;;;;;;;;;;;;;;;;;
2026-07-29 13:52:26;OCESN406237R1187_R:CTE:FR:Line::2DF95135-3422-4DBA-9B8B-B9D470AC18EC::87721605:87698340:14:1341:20260821;StopPoint:OCECar TER-87698316;2026-07-29 13:05:00;300;2026-07-29 13:05:00;300;;;;;;;;;;;;;;;;;;;;;;;;;
2026-07-29 13:52:26;OCESN406237R1187_R:CTE:FR:Line::2DF95135-3422-4DBA-9B8B-B9D470AC18EC::87721605:87698340:14:1341:20260821;StopPoint:OCECar TER-87208553;2026-07-29 13:14:00;600;2026-07-29 13:14:00;600;;;;;;;;;;;;;;;;;;;;;;;;;
2026-07-29 13:52:26;OCESN406237R1187_R:CTE:FR:Line::2DF95135-3422-4DBA-9B8B-B9D470AC18EC::87721605:87698340:14:1341:20260821;StopPoint:OCECar TER-87721530;2026-07-29 13:16:00;600;2026-07-29 13:16:00;600;;;;;;;;;;;;;;;;;;;;;;;;;
2026-07-29 13:52:26;OCESN406237R1187_R:CTE:FR:Line::2DF95135-3422-4DBA-9B8B-B9D470AC18EC::87721605:87698340:14:1341:20260821;StopPoint:OCECar TER-87721522;2026-07-29 13:19:00;600;2026-07-29 13:19:00;600;;;;;;;;;;;;;;;;;;;;;;;;;
2026-07-29 13:52:26;OCESN406237R1187_R:CTE:FR:Line::2DF95135-3422-4DBA-9B8B-B9D470AC18EC::87721605:87698340:14:1341:20260821;StopPoint:OCECar TER-87698738;2026-07-29 13:23:00;600;2026-07-29 13:23:00;600;;;;;;;;;;;;;;;;;;;;;;;;;
2026-07-29 13:52:26;OCESN406237R1187_R:CTE:FR:Line::2DF95135-3422-4DBA-9B8B-B9D470AC18EC::87721605:87698340:14:1341:20260821;StopPoint:OCECar TER-87698274;2026-07-29 13:27:00;600;2026-07-29 13:27:00;600;;;;;;;;;;;;;;;;;;;;;;;;;
2026-07-29 13:52:26;OCESN406237R1187_R:CTE:FR:Line::2DF95135-3422-4DBA-9B8B-B9D470AC18EC::87721605:87698340:14:1341:20260821;StopPoint:OCECar TER-87721175;2026-07-29 13:36:00;600;2026-07-29 13:36:00;600;;;;;;;;;;;;;;;;;;;;;;;;;
2026-07-29 13:52:26;OCESN406237R1187_R:CTE:FR:Line::2DF95135-3422-4DBA-9B8B-B9D470AC18EC::87721605:87698340:14:1341:20260821;StopPoint:OCECar TER-87698340;2026-07-29 13:51:00;600;;;;;;;;;;;;;;;;;;;;;;;;;;;
2026-07-29 13:52:26;OCESN448267R1187_R:CTE:FR:Line::f8d44b31-cc60-468f-b077-b682835c2cbe::87575001:87583005:10:1514:20261106;StopPoint:OCECar TER-87577403;2026-07-29 12:59:00;300;2026-07-29 12:59:00;300;;;;;;;;;;;;;;;;;;;;;;;;;
2026-07-29 13:52:26;OCESN448267R1187_R:CTE:FR:Line::f8d44b31-cc60-468f-b077-b682835c2cbe::87575001:87583005:10:1514:20261106;StopPoint:OCECar TER-87575332;2026-07-29 13:28:00;300;2026-07-29 13:28:00;300;;;;;;;;;;;;;;;;;;;;;;;;;
2026-07-29 13:52:26;OCESN448267R1187_R:CTE:FR:Line::f8d44b31-cc60-468f-b077-b682835c2cbe::87575001:87583005:10:1514:20261106;StopPoint:OCECar TER-87575357;2026-07-29 13:49:00;300;2026-07-29 13:49:00;300;;;;;;;;;;;;;;;;;;;;;;;;;
2026-07-29 13:52:26;OCESN448267R1187_R:CTE:FR:Line::f8d44b31-cc60-468f-b077-b682835c2cbe::87575001:87583005:10:1514:20261106;StopPoint:OCECar TER-87575365;2026-07-29 14:04:00;300;2026-07-29 14:04:00;300;;;;;;;;;;;;;;;;;;;;;;;;;
2026-07-29 13:52:26;OCESN448267R1187_R:CTE:FR:Line::f8d44b31-cc60-468f-b077-b682835c2cbe::87575001:87583005:10:1514:20261106;StopPoint:OCECar TER-87583849;2026-07-29 14:19:00;300;2026-07-29 14:19:00;300;;;;;;;;;;;;;;;;;;;;;;;;;
2026-07-29 13:52:26;OCESN448267R1187_R:CTE:FR:Line::f8d44b31-cc60-468f-b077-b682835c2cbe::87575001:87583005:10:1514:20261106;StopPoint:OCECar TER-87583823;2026-07-29 14:44:00;300;2026-07-29 14:44:00;300;;;;;;;;;;;;;;;;;;;;;;;;;
2026-07-29 13:52:26;OCESN448267R1187_R:CTE:FR:Line::f8d44b31-cc60-468f-b077-b682835c2cbe::87575001:87583005:10:1514:20261106;StopPoint:OCECar TER-87583005;2026-07-29 15:19:00;300;;;;;;;;;;;;;;;;;;;;;;;;;;;
2026-07-29 13:52:26;OCESN468254R1187_R:CTE:FR:Line::C83D5707-3453-4FB6-9CAA-062BA2BE94A9::87753004:87765008:13:1500:20261211;StopPoint:OCECar TER-87753731;2026-07-29 13:10:00;300;2026-07-29 13:10:00;300;;;;;;;;;;;;;;;;;;;;;;;;;
2026-07-29 13:52:26;OCESN468254R1187_R:CTE:FR:Line::C83D5707-3453-4FB6-9CAA-062BA2BE94A9::87753004:87765008:13:1500:20261211;StopPoint:OCECar TER-87753715;2026-07-29 13:20:00;300;2026-07-29 13:20:00;300;;;;;;;;;;;;;;;;;;;;;;;;;
2026-07-29 13:52:26;OCESN876366F1187_F:TER:FR:Line::0202671B-7107-429E-A37B-473C55E0254C::87773002:87765008:11:1352:20260729;StopPoint:OCETrain TER-87775007;2026-07-29 13:15:00;0;2026-07-29 13:33:00;900;;;;;;;;;;;;;;;;;;;;;;;;;
2026-07-29 13:52:26;OCESN876366F1187_F:TER:FR:Line::0202671B-7107-429E-A37B-473C55E0254C::87773002:87765008:11:1352:20260729;StopPoint:OCETrain TER-87765008;2026-07-29 14:07:00;900;;;;;;;;;;;;;;;;;;;;;;;;;;;
2026-07-29 13:52:26;OCESN872705F1187_F:TER:FR:Line::BE27A9C7-13DC-4189-A2DF-7DDE28924201::87611004:87671008:11:1420:20261212;StopPoint:OCETrain TER-87611137;2026-07-29 13:30:00;0;2026-07-29 13:36:00;300;;;;;;;;;;;;;;;;;;;;;;;;;
2026-07-29 13:52:26;OCESN872705F1187_F:TER:FR:Line::BE27A9C7-13DC-4189-A2DF-7DDE28924201::87611004:87671008:11:1420:20261212;StopPoint:OCETrain TER-87611152;2026-07-29 13:50:00;600;2026-07-29 13:51:00;600;;;;;;;;;;;;;;;;;;;;;;;;;
2026-07-29 13:52:26;OCESN872705F1187_F:TER:FR:Line::BE27A9C7-13DC-4189-A2DF-7DDE28924201::87611004:87671008:11:1420:20261212;StopPoint:OCETrain TER-87671123;2026-07-29 14:03:00;600;2026-07-29 14:04:00;600;;;;;;;;;;;;;;;;;;;;;;;;;
2026-07-29 13:52:26;OCESN872705F1187_F:TER:FR:Line::BE27A9C7-13DC-4189-A2DF-7DDE28924201::87611004:87671008:11:1420:20261212;StopPoint:OCETrain TER-87671172;2026-07-29 14:16:00;600;2026-07-29 14:17:00;600;;;;;;;;;;;;;;;;;;;;;;;;;
2026-07-29 13:52:26;OCESN872705F1187_F:TER:FR:Line::BE27A9C7-13DC-4189-A2DF-7DDE28924201::87611004:87671008:11:1420:20261212;StopPoint:OCETrain TER-87671008;2026-07-29 14:30:00;600;;;;;;;;;;;;;;;;;;;;;;;;;;;
2026-07-29 13:52:26;OCESN886120F1187_F:TER:FR:Line::fa2002df-4eab-4035-87a0-4c030f916558::87761007:87723197:8:1340:20260927;StopPoint:OCETrain TER-87722587;2026-07-29 13:19:00;0;2026-07-29 13:31:00;600;;;;;;;;;;;;;;;;;;;;;;;;;
2026-07-29 13:52:26;OCESN886120F1187_F:TER:FR:Line::fa2002df-4eab-4035-87a0-4c030f916558::87761007:87723197:8:1340:20260927;StopPoint:OCETrain TER-87723197;2026-07-29 13:50:00;600;;;;;;;;;;;;;;;;;;;;;;;;;;;
2026-07-29 13:52:26;OCESN872460F1187_F:TER:FR:Line::6B259509-7C17-4FB6-9FCC-895FA3DE16D4::87615542:87611004:11:1408:20261212;StopPoint:OCETrain TER-87328021;2026-07-29 13:49:00;1200;2026-07-29 14:09:00;2400;;;;;;;;;;;;;;;;;;;;;;;;;
2026-07-29 13:52:26;OCESN872460F1187_F:TER:FR:Line::6B259509-7C17-4FB6-9FCC-895FA3DE16D4::87615542:87611004:11:1408:20261212;StopPoint:OCETrain TER-87615344;2026-07-29 14:16:00;2400;2026-07-29 14:17:00;2400;;;;;;;;;;;;;;;;;;;;;;;;;
2026-07-29 13:52:26;OCESN872460F1187_F:TER:FR:Line::6B259509-7C17-4FB6-9FCC-895FA3DE16D4::87615542:87611004:11:1408:20261212;StopPoint:OCETrain TER-87615369;2026-07-29 14:26:00;2400;2026-07-29 14:27:00;2400;;;;;;;;;;;;;;;;;;;;;;;;;
2026-07-29 13:52:26;OCESN872460F1187_F:TER:FR:Line::6B259509-7C17-4FB6-9FCC-895FA3DE16D4::87615542:87611004:11:1408:20261212;StopPoint:OCETrain TER-87611848;2026-07-29 14:39:00;2400;2026-07-29 14:40:00;2400;;;;;;;;;;;;;;;;;;;;;;;;;
2026-07-29 13:52:26;OCESN872460F1187_F:TER:FR:Line::6B259509-7C17-4FB6-9FCC-895FA3DE16D4::87615542:87611004:11:1408:20261212;StopPoint:OCETrain TER-87611004;2026-07-29 14:48:00;2400;;;;;;;;;;;;;;;;;;;;;;;;;;;
2026-07-29 13:52:26;OCESN894107F1187_F:TER:FR:Line::9BD0D04F-0EBE-4E25-954C-3089850CA2C1::87718007:87184002:13:1358:20260730;StopPoint:OCETrain TER-87718403;2026-07-29 12:43:00;300;2026-07-29 12:44:00;300;;;;;;;;;;;;;;;;;;;;;;;;;
2026-07-29 13:52:26;OCESN894107F1187_F:TER:FR:Line::9BD0D04F-0EBE-4E25-954C-3089850CA2C1::87718007:87184002:13:1358:20260730;StopPoint:OCETrain TER-87718411;2026-07-29 12:47:00;300;2026-07-29 12:48:00;300;;;;;;;;;;;;;;;;;;;;;;;;;
2026-07-29 13:52:26;OCESN894107F1187_F:TER:FR:Line::9BD0D04F-0EBE-4E25-954C-3089850CA2C1::87718007:87184002:13:1358:20260730;StopPoint:OCETrain TER-87718429;2026-07-29 12:52:00;300;2026-07-29 12:53:00;300;;;;;;;;;;;;;;;;;;;;;;;;;
2026-07-29 13:52:26;OCESN894107F1187_F:TER:FR:Line::9BD0D04F-0EBE-4E25-954C-3089850CA2C1::87718007:87184002:13:1358:20260730;StopPoint:OCETrain TER-87718437;2026-07-29 12:56:00;300;2026-07-29 12:57:00;300;;;;;;;;;;;;;;;;;;;;;;;;;
2026-07-29 13:52:26;OCESN894107F1187_F:TER:FR:Line::9BD0D04F-0EBE-4E25-954C-3089850CA2C1::87718007:87184002:13:1358:20260730;StopPoint:OCETrain TER-87718460;2026-07-29 13:06:00;300;2026-07-29 13:07:00;300;;;;;;;;;;;;;;;;;;;;;;;;;
2026-07-29 13:52:26;OCESN894107F1187_F:TER:FR:Line::9BD0D04F-0EBE-4E25-954C-3089850CA2C1::87718007:87184002:13:1358:20260730;StopPoint:OCETrain TER-87184622;2026-07-29 13:19:00;300;2026-07-29 13:19:00;300;;;;;;;;;;;;;;;;;;;;;;;;;
2026-07-29 13:52:26;OCESN894107F1187_F:TER:FR:Line::9BD0D04F-0EBE-4E25-954C-3089850CA2C1::87718007:87184002:13:1358:20260730;StopPoint:OCETrain TER-87184572;2026-07-29 13:26:00;300;2026-07-29 13:27:00;300;;;;;;;;;;;;;;;;;;;;;;;;;
2026-07-29 13:52:26;OCESN894107F1187_F:TER:FR:Line::9BD0D04F-0EBE-4E25-954C-3089850CA2C1::87718007:87184002:13:1358:20260730;StopPoint:OCETrain TER-87184556;2026-07-29 13:34:00;300;2026-07-29 13:35:00;300;;;;;;;;;;;;;;;;;;;;;;;;;
2026-07-29 13:52:26;OCESN894107F1187_F:TER:FR:Line::9BD0D04F-0EBE-4E25-954C-3089850CA2C1::87718007:87184002:13:1358:20260730;StopPoint:OCETrain TER-87184531;2026-07-29 13:40:00;300;2026-07-29 13:41:00;300;;;;;;;;;;;;;;;;;;;;;;;;;
2026-07-29 13:52:26;OCESN894107F1187_F:TER:FR:Line::9BD0D04F-0EBE-4E25-954C-3089850CA2C1::87718007:87184002:13:1358:20260730;StopPoint:OCETrain TER-87184523;2026-07-29 13:46:00;300;2026-07-29 13:47:00;300;;;;;;;;;;;;;;;;;;;;;;;;;
2026-07-29 13:52:26;OCESN894107F1187_F:TER:FR:Line::9BD0D04F-0EBE-4E25-954C-3089850CA2C1::87718007:87184002:13:1358:20260730;StopPoint:OCETrain TER-87184507;2026-07-29 13:53:00;300;2026-07-29 13:54:00;300;;;;;;;;;;;;;;;;;;;;;;;;;
2026-07-29 13:52:26;OCESN894107F1187_F:TER:FR:Line::9BD0D04F-0EBE-4E25-954C-3089850CA2C1::87718007:87184002:13:1358:20260730;StopPoint:OCETrain TER-87184002;2026-07-29 14:03:00;300;;;;;;;;;;;;;;;;;;;;;;;;;;;
2026-07-29 13:52:26;OCESN886119F1187_F:TER:FR:Line::d1bc94ff-90a2-45c6-9617-258fb5f8f54a::87725689:87761007:19:1451:20260926;StopPoint:OCETrain TER-87722025;2026-07-29 13:34:00;0;2026-07-29 13:46:00;300;;;;;;;;;;;;;;;;;;;;;;;;;
2026-07-29 13:52:26;OCESN886119F1187_F:TER:FR:Line::d1bc94ff-90a2-45c6-9617-258fb5f8f54a::87725689:87761007:19:1451:20260926;StopPoint:OCETrain TER-87282624;2026-07-29 13:48:00;300;2026-07-29 13:50:00;300;;;;;;;;;;;;;;;;;;;;;;;;;
2026-07-29 13:52:26;OCESN886119F1187_F:TER:FR:Line::d1bc94ff-90a2-45c6-9617-258fb5f8f54a::87725689:87761007:19:1451:20260926;StopPoint:OCETrain TER-87722587;2026-07-29 14:06:00;300;2026-07-29 14:08:00;300;;;;;;;;;;;;;;;;;;;;;;;;;
2026-07-29 13:52:26;OCESN886119F1187_F:TER:FR:Line::d1bc94ff-90a2-45c6-9617-258fb5f8f54a::87725689:87761007:19:1451:20260926;StopPoint:OCETrain TER-87722652;2026-07-29 14:15:00;300;2026-07-29 14:16:00;300;;;;;;;;;;;;;;;;;;;;;;;;;
2026-07-29 13:52:26;OCESN886119F1187_F:TER:FR:Line::d1bc94ff-90a2-45c6-9617-258fb5f8f54a::87725689:87761007:19:1451:20260926;StopPoint:OCETrain TER-87722678;2026-07-29 14:21:00;300;2026-07-29 14:22:00;300;;;;;;;;;;;;;;;;;;;;;;;;;
2026-07-29 13:52:26;OCESN886119F1187_F:TER:FR:Line::d1bc94ff-90a2-45c6-9617-258fb5f8f54a::87725689:87761007:19:1451:20260926;StopPoint:OCETrain TER-87761106;2026-07-29 14:27:00;300;2026-07-29 14:28:00;300;;;;;;;;;;;;;;;;;;;;;;;;;
2026-07-29 13:52:26;OCESN886119F1187_F:TER:FR:Line::d1bc94ff-90a2-45c6-9617-258fb5f8f54a::87725689:87761007:19:1451:20260926;StopPoint:OCETrain TER-87761130;2026-07-29 14:36:00;300;2026-07-29 14:37:00;300;;;;;;;;;;;;;;;;;;;;;;;;;
2026-07-29 13:52:26;OCESN886119F1187_F:TER:FR:Line::d1bc94ff-90a2-45c6-9617-258fb5f8f54a::87725689:87761007:19:1451:20260926;StopPoint:OCETrain TER-87761163;2026-07-29 14:45:00;300;2026-07-29 14:46:00;300;;;;;;;;;;;;;;;;;;;;;;;;;
2026-07-29 13:52:26;OCESN886119F1187_F:TER:FR:Line::d1bc94ff-90a2-45c6-9617-258fb5f8f54a::87725689:87761007:19:1451:20260926;StopPoint:OCETrain TER-87761007;2026-07-29 14:56:00;300;;;;;;;;;;;;;;;;;;;;;;;;;;;
2026-07-29 13:52:26;OCESN894010F1187_F:TER:FR:Line::757716c9-9565-495a-8dd8-38a926d7b502::87184002:87718007:7:1347:20260730;StopPoint:OCETrain TER-87184572;2026-07-29 13:54:00;3000;2026-07-29 13:55:00;3000;;;;;;;;;;;;;;;;;;;;;;;;;
2026-07-29 13:52:26;OCESN894010F1187_F:TER:FR:Line::757716c9-9565-495a-8dd8-38a926d7b502::87184002:87718007:7:1347:20260730;StopPoint:OCETrain TER-87184622;2026-07-29 14:02:00;3000;2026-07-29 14:03:00;3000;;;;;;;;;;;;;;;;;;;;;;;;;
2026-07-29 13:52:26;OCESN894010F1187_F:TER:FR:Line::757716c9-9565-495a-8dd8-38a926d7b502::87184002:87718007:7:1347:20260730;StopPoint:OCETrain TER-87718460;2026-07-29 14:14:00;3000;2026-07-29 14:15:00;3000;;;;;;;;;;;;;;;;;;;;;;;;;
2026-07-29 13:52:26;OCESN894010F1187_F:TER:FR:Line::757716c9-9565-495a-8dd8-38a926d7b502::87184002:87718007:7:1347:20260730;StopPoint:OCETrain TER-87718007;2026-07-29 14:37:00;3000;;;;;;;;;;;;;;;;;;;;;;;;;;;
2026-07-29 13:52:26;OCESN860557F1187_F:TER:FR:Line::10F46E5D-89F3-4F87-8660-54AECA5D3A62::87547000:87543009:3:1349:20260820;StopPoint:OCETrain TER-87543017;2026-07-29 13:42:00;300;2026-07-29 13:45:00;60;;;;;;;;;;;;;;;;;;;;;;;;;
2026-07-29 13:52:26;OCESN17771F1187_F:TER:FR:Line::B10C45A0-C32C-4232-85F2-4BB81B810084::87713040:87723197:10:1444:20260730;StopPoint:OCETrain TER-87713040;;;2026-07-29 13:00:00;1200;;;;;;;;;;;;;;;;;;;;;;;;;
2026-07-29 13:52:26;OCESN17771F1187_F:TER:FR:Line::B10C45A0-C32C-4232-85F2-4BB81B810084::87713040:87723197:10:1444:20260730;StopPoint:OCETrain TER-87713545;2026-07-29 13:15:00;900;2026-07-29 13:17:00;900;;;;;;;;;;;;;;;;;;;;;;;;;
2026-07-29 13:52:26;OCESN17771F1187_F:TER:FR:Line::B10C45A0-C32C-4232-85F2-4BB81B810084::87713040:87723197:10:1444:20260730;StopPoint:OCETrain TER-87713578;2026-07-29 13:25:00;900;2026-07-29 13:26:00;900;;;;;;;;;;;;;;;;;;;;;;;;;
2026-07-29 13:52:26;OCESN17771F1187_F:TER:FR:Line::B10C45A0-C32C-4232-85F2-4BB81B810084::87713040:87723197:10:1444:20260730;StopPoint:OCETrain TER-87725002;2026-07-29 13:37:00;900;2026-07-29 13:39:00;900;;;;;;;;;;;;;;;;;;;;;;;;;
2026-07-29 13:52:26;OCESN17771F1187_F:TER:FR:Line::B10C45A0-C32C-4232-85F2-4BB81B810084::87713040:87723197:10:1444:20260730;StopPoint:OCETrain TER-87725622;2026-07-29 13:47:00;600;2026-07-29 13:48:00;600;;;;;;;;;;;;;;;;;;;;;;;;;
2026-07-29 13:52:26;OCESN17771F1187_F:TER:FR:Line::B10C45A0-C32C-4232-85F2-4BB81B810084::87713040:87723197:10:1444:20260730;StopPoint:OCETrain TER-87725689;2026-07-29 14:03:00;600;2026-07-29 14:05:00;600;;;;;;;;;;;;;;;;;;;;;;;;;
2026-07-29 13:52:26;OCESN17771F1187_F:TER:FR:Line::B10C45A0-C32C-4232-85F2-4BB81B810084::87713040:87723197:10:1444:20260730;StopPoint:OCETrain TER-87721357;2026-07-29 14:18:00;600;2026-07-29 14:20:00;600;;;;;;;;;;;;;;;;;;;;;;;;;
2026-07-29 13:52:26;OCESN17771F1187_F:TER:FR:Line::B10C45A0-C32C-4232-85F2-4BB81B810084::87713040:87723197:10:1444:20260730;StopPoint:OCETrain TER-87721332;2026-07-29 14:28:00;600;2026-07-29 14:29:00;600;;;;;;;;;;;;;;;;;;;;;;;;;
2026-07-29 13:52:26;OCESN17771F1187_F:TER:FR:Line::B10C45A0-C32C-4232-85F2-4BB81B810084::87713040:87723197:10:1444:20260730;StopPoint:OCETrain TER-87721282;2026-07-29 14:38:00;600;2026-07-29 14:39:00;600;;;;;;;;;;;;;;;;;;;;;;;;;
2026-07-29 13:52:26;OCESN17771F1187_F:TER:FR:Line::B10C45A0-C32C-4232-85F2-4BB81B810084::87713040:87723197:10:1444:20260730;StopPoint:OCETrain TER-87723197;2026-07-29 14:54:00;600;;;;;;;;;;;;;;;;;;;;;;;;;;;
2026-07-29 13:52:26;OCESN847430F1187_F:TER:FR:Line::439230F8-6729-42A9-8A9A-760F906CC1A4::87313510:87271007:9:1357:20260814;StopPoint:OCETrain TER-87313510;;;2026-07-29 12:50:00;600;;;;;;;;;;;;;;;;;;;;;;;;;
2026-07-29 13:52:26;OCESN847430F1187_F:TER:FR:Line::439230F8-6729-42A9-8A9A-760F906CC1A4::87313510:87271007:9:1357:20260814;StopPoint:OCETrain TER-87313684;2026-07-29 12:58:00;600;2026-07-29 12:59:00;600;;;;;;;;;;;;;;;;;;;;;;;;;
2026-07-29 13:52:26;OCESN847430F1187_F:TER:FR:Line::439230F8-6729-42A9-8A9A-760F906CC1A4::87313510:87271007:9:1357:20260814;StopPoint:OCETrain TER-87313676;2026-07-29 13:02:00;420;2026-07-29 13:02:00;360;;;;;;;;;;;;;;;;;;;;;;;;;
2026-07-29 13:52:26;OCESN847430F1187_F:TER:FR:Line::439230F8-6729-42A9-8A9A-760F906CC1A4::87313510:87271007:9:1357:20260814;StopPoint:OCETrain TER-87313668;2026-07-29 13:06:00;300;2026-07-29 13:07:00;300;;;;;;;;;;;;;;;;;;;;;;;;;
2026-07-29 13:52:26;OCESN847430F1187_F:TER:FR:Line::439230F8-6729-42A9-8A9A-760F906CC1A4::87313510:87271007:9:1357:20260814;StopPoint:OCETrain TER-87272096;2026-07-29 13:11:00;300;2026-07-29 13:12:00;300;;;;;;;;;;;;;;;;;;;;;;;;;
2026-07-29 13:52:26;OCESN847430F1187_F:TER:FR:Line::439230F8-6729-42A9-8A9A-760F906CC1A4::87313510:87271007:9:1357:20260814;StopPoint:OCETrain TER-87276717;2026-07-29 13:15:00;300;2026-07-29 13:16:00;300;;;;;;;;;;;;;;;;;;;;;;;;;
2026-07-29 13:52:26;OCESN847430F1187_F:TER:FR:Line::439230F8-6729-42A9-8A9A-760F906CC1A4::87313510:87271007:9:1357:20260814;StopPoint:OCETrain TER-87276725;2026-07-29 13:20:00;300;2026-07-29 13:21:00;300;;;;;;;;;;;;;;;;;;;;;;;;;
2026-07-29 13:52:26;OCESN847430F1187_F:TER:FR:Line::439230F8-6729-42A9-8A9A-760F906CC1A4::87313510:87271007:9:1357:20260814;StopPoint:OCETrain TER-87276469;2026-07-29 13:26:00;300;2026-07-29 13:27:00;300;;;;;;;;;;;;;;;;;;;;;;;;;
2026-07-29 13:52:26;OCESN847430F1187_F:TER:FR:Line::439230F8-6729-42A9-8A9A-760F906CC1A4::87313510:87271007:9:1357:20260814;StopPoint:OCETrain TER-87271007;2026-07-29 14:02:00;300;;;;;;;;;;;;;;;;;;;;;;;;;;;
2026-07-29 13:52:26;OCESN44880R1187_R:CTE:FR:Line::2474299f-32b6-4da6-bef4-69ae2cdcae85::87144006:87144014:15:1429:20261211;StopPoint:OCECar TER-87716829;2026-07-29 13:46:00;300;2026-07-29 13:46:00;300;;;;;;;;;;;;;;;;;;;;;;;;;
2026-07-29 13:52:26;OCESN873358F1187_F:TER:FR:Line::1C9277F1-D8AC-4D6F-9DAD-E2A807CBC4FA::87734004:87696328:7:1345:20260912;StopPoint:OCETrain TER-87696336;2026-07-29 13:41:00;300;2026-07-29 13:42:00;300;;;;;;;;;;;;;;;;;;;;;;;;;
2026-07-29 13:52:26;OCESN873358F1187_F:TER:FR:Line::1C9277F1-D8AC-4D6F-9DAD-E2A807CBC4FA::87734004:87696328:7:1345:20260912;StopPoint:OCETrain TER-87696328;2026-07-29 13:50:00;300;;;;;;;;;;;;;;;;;;;;;;;;;;;
2026-07-29 13:52:26;OCESN887123F1187_F:TER:FR:Line::84762773-6B8B-4442-9CC3-2B637DB175D6::87721332:87722587:16:1353:20260927;StopPoint:OCETrain TER-87722546;2026-07-29 13:42:00;300;2026-07-29 13:43:00;300;;;;;;;;;;;;;;;;;;;;;;;;;
2026-07-29 13:52:26;OCESN887123F1187_F:TER:FR:Line::84762773-6B8B-4442-9CC3-2B637DB175D6::87721332:87722587:16:1353:20260927;StopPoint:OCETrain TER-87722561;2026-07-29 13:47:00;300;2026-07-29 13:48:00;300;;;;;;;;;;;;;;;;;;;;;;;;;
2026-07-29 13:52:26;OCESN887123F1187_F:TER:FR:Line::84762773-6B8B-4442-9CC3-2B637DB175D6::87721332:87722587:16:1353:20260927;StopPoint:OCETrain TER-87722579;2026-07-29 13:53:00;300;2026-07-29 13:54:00;300;;;;;;;;;;;;;;;;;;;;;;;;;
2026-07-29 13:52:26;OCESN887123F1187_F:TER:FR:Line::84762773-6B8B-4442-9CC3-2B637DB175D6::87721332:87722587:16:1353:20260927;StopPoint:OCETrain TER-87722587;2026-07-29 13:58:00;300;;;;;;;;;;;;;;;;;;;;;;;;;;;
2026-07-29 13:52:26;OCESN854836F1187_F:TER:FR:Line::E80D977A-22AC-4348-A2FB-B2003700F671::87474007:87474098:6:1355:20260828;StopPoint:OCETrain TER-87474007;;;2026-07-29 12:47:00;300;;;;;;;;;;;;;;;;;;;;;;;;;
2026-07-29 13:52:26;OCESN854836F1187_F:TER:FR:Line::E80D977A-22AC-4348-A2FB-B2003700F671::87474007:87474098:6:1355:20260828;StopPoint:OCETrain TER-87474239;2026-07-29 12:57:00;300;2026-07-29 12:58:00;300;;;;;;;;;;;;;;;;;;;;;;;;;
2026-07-29 13:52:26;OCESN854836F1187_F:TER:FR:Line::E80D977A-22AC-4348-A2FB-B2003700F671::87474007:87474098:6:1355:20260828;StopPoint:OCETrain TER-87474015;2026-07-29 13:07:00;300;2026-07-29 13:09:00;300;;;;;;;;;;;;;;;;;;;;;;;;;
2026-07-29 13:52:26;OCESN854836F1187_F:TER:FR:Line::E80D977A-22AC-4348-A2FB-B2003700F671::87474007:87474098:6:1355:20260828;StopPoint:OCETrain TER-87474056;2026-07-29 13:31:00;300;2026-07-29 13:32:00;300;;;;;;;;;;;;;;;;;;;;;;;;;
2026-07-29 13:52:26;OCESN854836F1187_F:TER:FR:Line::E80D977A-22AC-4348-A2FB-B2003700F671::87474007:87474098:6:1355:20260828;StopPoint:OCETrain TER-87474064;2026-07-29 13:38:00;300;2026-07-29 13:39:00;300;;;;;;;;;;;;;;;;;;;;;;;;;
2026-07-29 13:52:26;OCESN854836F1187_F:TER:FR:Line::E80D977A-22AC-4348-A2FB-B2003700F671::87474007:87474098:6:1355:20260828;StopPoint:OCETrain TER-87474098;2026-07-29 14:00:00;300;;;;;;;;;;;;;;;;;;;;;;;;;;;
2026-07-29 13:52:26;OCESN867246F1187_F:TER:FR:Line::b8b05af7-0857-4c78-982b-5adcdd0aa039::87673202:87671008:9:1420:20261009;StopPoint:OCETrain TER-87672212;2026-07-29 13:26:00;300;2026-07-29 13:27:00;300;;;;;;;;;;;;;;;;;;;;;;;;;
2026-07-29 13:52:26;OCESN867246F1187_F:TER:FR:Line::b8b05af7-0857-4c78-982b-5adcdd0aa039::87673202:87671008:9:1420:20261009;StopPoint:OCETrain TER-87672006;2026-07-29 13:38:00;300;2026-07-29 13:41:00;300;;;;;;;;;;;;;;;;;;;;;;;;;
2026-07-29 13:52:26;OCESN867246F1187_F:TER:FR:Line::b8b05af7-0857-4c78-982b-5adcdd0aa039::87673202:87671008:9:1420:20261009;StopPoint:OCETrain TER-87672162;2026-07-29 13:46:00;300;2026-07-29 13:47:00;300;;;;;;;;;;;;;;;;;;;;;;;;;
2026-07-29 13:52:26;OCESN867246F1187_F:TER:FR:Line::b8b05af7-0857-4c78-982b-5adcdd0aa039::87673202:87671008:9:1420:20261009;StopPoint:OCETrain TER-87672139;2026-07-29 13:53:00;300;2026-07-29 13:54:00;300;;;;;;;;;;;;;;;;;;;;;;;;;
2026-07-29 13:52:26;OCESN867246F1187_F:TER:FR:Line::b8b05af7-0857-4c78-982b-5adcdd0aa039::87673202:87671008:9:1420:20261009;StopPoint:OCETrain TER-87671339;2026-07-29 14:09:00;300;2026-07-29 14:10:00;300;;;;;;;;;;;;;;;;;;;;;;;;;
2026-07-29 13:52:26;OCESN867246F1187_F:TER:FR:Line::b8b05af7-0857-4c78-982b-5adcdd0aa039::87673202:87671008:9:1420:20261009;StopPoint:OCETrain TER-87671008;2026-07-29 14:25:00;300;;;;;;;;;;;;;;;;;;;;;;;;;;;
2026-07-29 13:52:26;OCEEA848718F5235_F:TER:FR:Line::d2dccdf7-2e92-4b61-9a07-598259072d02::87313874:87276006:13:1352:20261212;StopPoint:OCETrain TER-87313049;2026-07-29 12:48:00;0;2026-07-29 13:04:00;900;;;;;;;;;;;;;;;;;;;;;;;;;
2026-07-29 13:52:26;OCEEA848718F5235_F:TER:FR:Line::d2dccdf7-2e92-4b61-9a07-598259072d02::87313874:87276006:13:1352:20261212;StopPoint:OCETrain TER-87313213;2026-07-29 13:07:00;900;2026-07-29 13:08:00;900;;;;;;;;;;;;;;;;;;;;;;;;;
2026-07-29 13:52:26;OCEEA848718F5235_F:TER:FR:Line::d2dccdf7-2e92-4b61-9a07-598259072d02::87313874:87276006:13:1352:20261212;StopPoint:OCETrain TER-87316109;2026-07-29 13:12:00;900;2026-07-29 13:13:00;900;;;;;;;;;;;;;;;;;;;;;;;;;
2026-07-29 13:52:26;OCEEA848718F5235_F:TER:FR:Line::d2dccdf7-2e92-4b61-9a07-598259072d02::87313874:87276006:13:1352:20261212;StopPoint:OCETrain TER-87313221;2026-07-29 13:17:00;900;2026-07-29 13:18:00;900;;;;;;;;;;;;;;;;;;;;;;;;;
2026-07-29 13:52:26;OCEEA848718F5235_F:TER:FR:Line::d2dccdf7-2e92-4b61-9a07-598259072d02::87313874:87276006:13:1352:20261212;StopPoint:OCETrain TER-87313239;2026-07-29 13:23:00;900;2026-07-29 13:24:00;900;;;;;;;;;;;;;;;;;;;;;;;;;
2026-07-29 13:52:26;OCEEA848718F5235_F:TER:FR:Line::d2dccdf7-2e92-4b61-9a07-598259072d02::87313874:87276006:13:1352:20261212;StopPoint:OCETrain TER-87313247;2026-07-29 13:25:00;600;2026-07-29 13:26:00;600;;;;;;;;;;;;;;;;;;;;;;;;;
2026-07-29 13:52:26;OCEEA848718F5235_F:TER:FR:Line::d2dccdf7-2e92-4b61-9a07-598259072d02::87313874:87276006:13:1352:20261212;StopPoint:OCETrain TER-87313270;2026-07-29 13:34:00;600;2026-07-29 13:35:00;600;;;;;;;;;;;;;;;;;;;;;;;;;
2026-07-29 13:52:26;OCEEA848718F5235_F:TER:FR:Line::d2dccdf7-2e92-4b61-9a07-598259072d02::87313874:87276006:13:1352:20261212;StopPoint:OCETrain TER-87313296;2026-07-29 13:40:00;600;2026-07-29 13:41:00;600;;;;;;;;;;;;;;;;;;;;;;;;;
2026-07-29 13:52:26;OCEEA848718F5235_F:TER:FR:Line::d2dccdf7-2e92-4b61-9a07-598259072d02::87313874:87276006:13:1352:20261212;StopPoint:OCETrain TER-87313304;2026-07-29 13:46:00;600;2026-07-29 13:47:00;600;;;;;;;;;;;;;;;;;;;;;;;;;
2026-07-29 13:52:26;OCEEA848718F5235_F:TER:FR:Line::d2dccdf7-2e92-4b61-9a07-598259072d02::87313874:87276006:13:1352:20261212;StopPoint:OCETrain TER-87276212;2026-07-29 13:52:00;600;2026-07-29 13:53:00;600;;;;;;;;;;;;;;;;;;;;;;;;;
2026-07-29 13:52:26;OCEEA848718F5235_F:TER:FR:Line::d2dccdf7-2e92-4b61-9a07-598259072d02::87313874:87276006:13:1352:20261212;StopPoint:OCETrain TER-87276204;2026-07-29 13:56:00;600;2026-07-29 13:57:00;600;;;;;;;;;;;;;;;;;;;;;;;;;
2026-07-29 13:52:26;OCEEA848718F5235_F:TER:FR:Line::d2dccdf7-2e92-4b61-9a07-598259072d02::87313874:87276006:13:1352:20261212;StopPoint:OCETrain TER-87276006;2026-07-29 14:02:00;600;;;;;;;;;;;;;;;;;;;;;;;;;;;
2026-07-29 13:52:26;OCESN17524F1187_F:TER:FR:Line::F28D551A-A369-44D2-A99B-0E546CDBEC87::87746008:87761007:17:1543:20260927;StopPoint:OCETrain TER-87741009;2026-07-29 13:36:00;0;2026-07-29 13:44:00;300;;;;;;;;;;;;;;;;;;;;;;;;;
2026-07-29 13:52:26;OCESN17524F1187_F:TER:FR:Line::F28D551A-A369-44D2-A99B-0E546CDBEC87::87746008:87761007:17:1543:20260927;StopPoint:OCETrain TER-87741181;2026-07-29 13:53:00;300;2026-07-29 13:54:00;300;;;;;;;;;;;;;;;;;;;;;;;;;
2026-07-29 13:52:26;OCESN17524F1187_F:TER:FR:Line::F28D551A-A369-44D2-A99B-0E546CDBEC87::87746008:87761007:17:1543:20260927;StopPoint:OCETrain TER-87747493;2026-07-29 14:00:00;300;2026-07-29 14:02:00;300;;;;;;;;;;;;;;;;;;;;;;;;;
2026-07-29 13:52:26;OCESN17524F1187_F:TER:FR:Line::F28D551A-A369-44D2-A99B-0E546CDBEC87::87746008:87761007:17:1543:20260927;StopPoint:OCETrain TER-87747402;2026-07-29 14:21:00;300;2026-07-29 14:23:00;300;;;;;;;;;;;;;;;;;;;;;;;;;
2026-07-29 13:52:26;OCESN17524F1187_F:TER:FR:Line::F28D551A-A369-44D2-A99B-0E546CDBEC87::87746008:87761007:17:1543:20260927;StopPoint:OCETrain TER-87747006;2026-07-29 14:32:00;300;2026-07-29 14:35:00;300;;;;;;;;;;;;;;;;;;;;;;;;;
2026-07-29 13:52:26;OCESN17524F1187_F:TER:FR:Line::F28D551A-A369-44D2-A99B-0E546CDBEC87::87746008:87761007:17:1543:20260927;StopPoint:OCETrain TER-87747329;2026-07-29 14:46:00;300;2026-07-29 14:47:00;300;;;;;;;;;;;;;;;;;;;;;;;;;
2026-07-29 13:52:26;OCESN17524F1187_F:TER:FR:Line::F28D551A-A369-44D2-A99B-0E546CDBEC87::87746008:87761007:17:1543:20260927;StopPoint:OCETrain TER-87761759;2026-07-29 14:53:00;300;2026-07-29 14:54:00;300;;;;;;;;;;;;;;;;;;;;;;;;;
2026-07-29 13:52:26;OCESN17524F1187_F:TER:FR:Line::F28D551A-A369-44D2-A99B-0E546CDBEC87::87746008:87761007:17:1543:20260927;StopPoint:OCETrain TER-87761718;2026-07-29 15:08:00;300;2026-07-29 15:10:00;300;;;;;;;;;;;;;;;;;;;;;;;;;
2026-07-29 13:52:26;OCESN17524F1187_F:TER:FR:Line::F28D551A-A369-44D2-A99B-0E546CDBEC87::87746008:87761007:17:1543:20260927;StopPoint:OCETrain TER-87761684;2026-07-29 15:18:00;300;2026-07-29 15:19:00;300;;;;;;;;;;;;;;;;;;;;;;;;;
2026-07-29 13:52:26;OCESN17524F1187_F:TER:FR:Line::F28D551A-A369-44D2-A99B-0E546CDBEC87::87746008:87761007:17:1543:20260927;StopPoint:OCETrain TER-87761650;2026-07-29 15:30:00;300;2026-07-29 15:32:00;300;;;;;;;;;;;;;;;;;;;;;;;;;
2026-07-29 13:52:26;OCESN17524F1187_F:TER:FR:Line::F28D551A-A369-44D2-A99B-0E546CDBEC87::87746008:87761007:17:1543:20260927;StopPoint:OCETrain TER-87763029;2026-07-29 15:38:00;300;2026-07-29 15:40:00;300;;;;;;;;;;;;;;;;;;;;;;;;;
2026-07-29 13:52:26;OCESN17524F1187_F:TER:FR:Line::F28D551A-A369-44D2-A99B-0E546CDBEC87::87746008:87761007:17:1543:20260927;StopPoint:OCETrain TER-87761007;2026-07-29 15:48:00;300;;;;;;;;;;;;;;;;;;;;;;;;;;;
2026-07-29 13:52:26;OCESN17439F1187_F:TER:FR:Line::D8A35CDB-1E23-4664-AC9E-4A8272915DC3::87763607:87751008:19:1719:20261212;StopPoint:OCETrain TER-87763425;2026-07-29 13:53:00;300;2026-07-29 13:54:00;300;;;;;;;;;;;;;;;;;;;;;;;;;
2026-07-29 13:52:26;OCESN17439F1187_F:TER:FR:Line::D8A35CDB-1E23-4664-AC9E-4A8272915DC3::87763607:87751008:19:1719:20261212;StopPoint:OCETrain TER-87763003;2026-07-29 14:07:00;300;2026-07-29 14:10:00;300;;;;;;;;;;;;;;;;;;;;;;;;;
2026-07-29 13:52:26;OCESN17439F1187_F:TER:FR:Line::D8A35CDB-1E23-4664-AC9E-4A8272915DC3::87763607:87751008:19:1719:20261212;StopPoint:OCETrain TER-87763300;2026-07-29 14:31:00;300;2026-07-29 14:34:00;300;;;;;;;;;;;;;;;;;;;;;;;;;
2026-07-29 13:52:26;OCESN17439F1187_F:TER:FR:Line::D8A35CDB-1E23-4664-AC9E-4A8272915DC3::87763607:87751008:19:1719:20261212;StopPoint:OCETrain TER-87763722;2026-07-29 14:48:00;300;2026-07-29 14:49:00;300;;;;;;;;;;;;;;;;;;;;;;;;;
2026-07-29 13:52:26;OCESN17439F1187_F:TER:FR:Line::D8A35CDB-1E23-4664-AC9E-4A8272915DC3::87763607:87751008:19:1719:20261212;StopPoint:OCETrain TER-87763755;2026-07-29 15:01:00;300;2026-07-29 15:02:00;300;;;;;;;;;;;;;;;;;;;;;;;;;
2026-07-29 13:52:26;OCESN17439F1187_F:TER:FR:Line::D8A35CDB-1E23-4664-AC9E-4A8272915DC3::87763607:87751008:19:1719:20261212;StopPoint:OCETrain TER-87751206;2026-07-29 15:17:00;300;2026-07-29 15:21:00;300;;;;;;;;;;;;;;;;;;;;;;;;;
2026-07-29 13:52:26;OCESN17439F1187_F:TER:FR:Line::D8A35CDB-1E23-4664-AC9E-4A8272915DC3::87763607:87751008:19:1719:20261212;StopPoint:OCETrain TER-87751230;2026-07-29 15:33:00;300;2026-07-29 15:34:00;300;;;;;;;;;;;;;;;;;;;;;;;;;
2026-07-29 13:52:26;OCESN17439F1187_F:TER:FR:Line::D8A35CDB-1E23-4664-AC9E-4A8272915DC3::87763607:87751008:19:1719:20261212;StopPoint:OCETrain TER-87751271;2026-07-29 15:46:00;300;2026-07-29 15:48:00;300;;;;;;;;;;;;;;;;;;;;;;;;;
2026-07-29 13:52:26;OCESN17439F1187_F:TER:FR:Line::D8A35CDB-1E23-4664-AC9E-4A8272915DC3::87763607:87751008:19:1719:20261212;StopPoint:OCETrain TER-87751321;2026-07-29 15:59:00;300;2026-07-29 16:01:00;300;;;;;;;;;;;;;;;;;;;;;;;;;
2026-07-29 13:52:26;OCESN17439F1187_F:TER:FR:Line::D8A35CDB-1E23-4664-AC9E-4A8272915DC3::87763607:87751008:19:1719:20261212;StopPoint:OCETrain TER-87751370;2026-07-29 16:22:00;300;2026-07-29 16:24:00;300;;;;;;;;;;;;;;;;;;;;;;;;;
2026-07-29 13:52:26;OCESN17439F1187_F:TER:FR:Line::D8A35CDB-1E23-4664-AC9E-4A8272915DC3::87763607:87751008:19:1719:20261212;StopPoint:OCETrain TER-87751404;2026-07-29 16:43:00;300;2026-07-29 16:45:00;300;;;;;;;;;;;;;;;;;;;;;;;;;
2026-07-29 13:52:26;OCESN17439F1187_F:TER:FR:Line::D8A35CDB-1E23-4664-AC9E-4A8272915DC3::87763607:87751008:19:1719:20261212;StopPoint:OCETrain TER-87751420;2026-07-29 16:53:00;300;2026-07-29 16:54:00;300;;;;;;;;;;;;;;;;;;;;;;;;;
2026-07-29 13:52:26;OCESN17439F1187_F:TER:FR:Line::D8A35CDB-1E23-4664-AC9E-4A8272915DC3::87763607:87751008:19:1719:20261212;StopPoint:OCETrain TER-87751438;2026-07-29 16:59:00;300;2026-07-29 17:00:00;300;;;;;;;;;;;;;;;;;;;;;;;;;
2026-07-29 13:52:26;OCESN17439F1187_F:TER:FR:Line::D8A35CDB-1E23-4664-AC9E-4A8272915DC3::87763607:87751008:19:1719:20261212;StopPoint:OCETrain TER-87751826;2026-07-29 17:13:00;300;2026-07-29 17:14:00;300;;;;;;;;;;;;;;;;;;;;;;;;;
2026-07-29 13:52:26;OCESN17439F1187_F:TER:FR:Line::D8A35CDB-1E23-4664-AC9E-4A8272915DC3::87763607:87751008:19:1719:20261212;StopPoint:OCETrain TER-87751008;2026-07-29 17:24:00;300;;;;;;;;;;;;;;;;;;;;;;;;;;;
2026-07-29 13:52:26;OCESN18554F1187_F:TER:FR:Line::2993074B-2B66-490B-B4C2-5593D87237FB::87741009:87723197:6:1410:20260926;StopPoint:OCETrain TER-87741439;2026-07-29 12:59:00;0;2026-07-29 13:06:00;300;;;;;;;;;;;;;;;;;;;;;;;;;
2026-07-29 13:52:26;OCESN18554F1187_F:TER:FR:Line::2993074B-2B66-490B-B4C2-5593D87237FB::87741009:87723197:6:1410:20260926;StopPoint:OCETrain TER-87741470;2026-07-29 13:15:00;300;2026-07-29 13:19:00;300;;;;;;;;;;;;;;;;;;;;;;;;;
2026-07-29 13:52:26;OCESN5306F1187_F:OUI:FR:Line::3544567F-7F17-4253-85BB-D1E6A7B27A9A::87481002:87722025:7:1749:20260801;StopPoint:OCETGV INOUI-87484006;2026-07-29 13:28:00;300;2026-07-29 13:31:00;300;;;;;;;;;;;;;;;;;StopPoint:OCETGV INOUI-87484006;Angers Saint-Laud;;47.4646490;-0.5567700;;;0;StopArea:OCE87484006
2026-07-29 13:52:26;OCESN5306F1187_F:OUI:FR:Line::3544567F-7F17-4253-85BB-D1E6A7B27A9A::87481002:87722025:7:1749:20260801;StopPoint:OCETGV INOUI-87487603;2026-07-29 13:52:00;300;2026-07-29 13:55:00;300;;;;;;;;;;;;;;;;;StopPoint:OCETGV INOUI-87487603;Saumur;;47.2689940;-0.0714030;;;0;StopArea:OCE87487603
2026-07-29 13:52:26;OCESN861411F1187_F:TER:FR:Line::ac845a4d-e111-4511-bad2-14c177ba4686::87543009:87597005:12:1425:20261211;StopPoint:OCETrain TER-87576009;2026-07-29 13:54:00;900;2026-07-29 13:56:00;900;;;;;;;;;;;;;;;;;;;;;;;;;
2026-07-29 13:52:26;OCESN861411F1187_F:TER:FR:Line::ac845a4d-e111-4511-bad2-14c177ba4686::87543009:87597005:12:1425:20261211;StopPoint:OCETrain TER-87597039;2026-07-29 14:08:00;900;2026-07-29 14:09:00;900;;;;;;;;;;;;;;;;;;;;;;;;;
2026-07-29 13:52:26;OCESN861411F1187_F:TER:FR:Line::ac845a4d-e111-4511-bad2-14c177ba4686::87543009:87597005:12:1425:20261211;StopPoint:OCETrain TER-87597062;2026-07-29 14:20:00;900;2026-07-29 14:21:00;900;;;;;;;;;;;;;;;;;;;;;;;;;
2026-07-29 13:52:26;OCESN861411F1187_F:TER:FR:Line::ac845a4d-e111-4511-bad2-14c177ba4686::87543009:87597005:12:1425:20261211;StopPoint:OCETrain TER-87597070;2026-07-29 14:29:00;900;2026-07-29 14:30:00;900;;;;;;;;;;;;;;;;;;;;;;;;;
2026-07-29 13:52:26;OCESN861411F1187_F:TER:FR:Line::ac845a4d-e111-4511-bad2-14c177ba4686::87543009:87597005:12:1425:20261211;StopPoint:OCETrain TER-87597005;2026-07-29 14:40:00;900;;;;;;;;;;;;;;;;;;;;;;;;;;;
2026-07-29 13:52:26;OCESN857956F1187_F:TER:FR:Line::FAD7386C-4ABB-426F-8352-4BDB8298A5D7::87478404:87396002:10:1350:20260925;StopPoint:OCETrain TER-87396234;2026-07-29 13:27:00;300;2026-07-29 13:28:00;300;;;;;;;;;;;;;;;;;;;;;;;;;
2026-07-29 13:52:26;OCESN857956F1187_F:TER:FR:Line::FAD7386C-4ABB-426F-8352-4BDB8298A5D7::87478404:87396002:10:1350:20260925;StopPoint:OCETrain TER-87396218;2026-07-29 13:35:00;300;2026-07-29 13:36:00;300;;;;;;;;;;;;;;;;;;;;;;;;;
2026-07-29 13:52:26;OCESN857956F1187_F:TER:FR:Line::FAD7386C-4ABB-426F-8352-4BDB8298A5D7::87478404:87396002:10:1350:20260925;StopPoint:OCETrain TER-87396200;2026-07-29 13:39:00;300;2026-07-29 13:40:00;300;;;;;;;;;;;;;;;;;;;;;;;;;
2026-07-29 13:52:26;OCESN12268F1187_F:OUI:FR:Line::bfee86bc-5225-4c40-a6e6-785cfd43eae6::87581009:87391003:2:1455:20261206;StopPoint:OCETGV INOUI-87391003;2026-07-29 15:00:00;300;;;;;;;;;;;;;;;;;;;StopPoint:OCETGV INOUI-87391003;Paris Montparnasse Hall 1 - 2;;48.8411720;2.32051400;;;0;StopArea:OCE87391003
2026-07-29 13:52:26;OCESN152845F;StopArea:OCE87686006;;;2026-07-29 12:47:00;60;;;;;;;;;;;;;;;;;StopArea:OCE87686006;Paris Gare de Lyon Hall 1 - 2;;48.8449450;2.37348100;;;1;
2026-07-29 13:52:26;OCESN152845F;StopArea:OCE87682302;2026-07-29 13:52:00;480;;;;;;;;;;;;;;;;;;;;;;;;;;;
2026-07-29 13:52:26;OCESN871407F1187_F:TER:FR:Line::9076088F-48FF-42F3-BABE-1AA476103702::87611004:87611616:12:1359:20261211;StopPoint:OCETrain TER-87611400;2026-07-29 13:20:00;1200;2026-07-29 13:21:00;1200;;;;;;;;;;;;;;;;;;;;;;;;;
2026-07-29 13:52:26;OCESN871407F1187_F:TER:FR:Line::9076088F-48FF-42F3-BABE-1AA476103702::87611004:87611616:12:1359:20261211;StopPoint:OCETrain TER-87618116;2026-07-29 13:26:00;1200;2026-07-29 13:27:00;1200;;;;;;;;;;;;;;;;;;;;;;;;;
2026-07-29 13:52:26;OCESN871407F1187_F:TER:FR:Line::9076088F-48FF-42F3-BABE-1AA476103702::87611004:87611616:12:1359:20261211;StopPoint:OCETrain TER-87611392;2026-07-29 13:30:00;1200;2026-07-29 13:31:00;1200;;;;;;;;;;;;;;;;;;;;;;;;;
2026-07-29 13:52:26;OCESN871407F1187_F:TER:FR:Line::9076088F-48FF-42F3-BABE-1AA476103702::87611004:87611616:12:1359:20261211;StopPoint:OCETrain TER-87611384;2026-07-29 13:38:00;1200;2026-07-29 13:44:00;1500;;;;;;;;;;;;;;;;;;;;;;;;;
2026-07-29 13:52:26;OCESN871407F1187_F:TER:FR:Line::9076088F-48FF-42F3-BABE-1AA476103702::87611004:87611616:12:1359:20261211;StopPoint:OCETrain TER-87611376;2026-07-29 13:48:00;1500;2026-07-29 13:49:00;1500;;;;;;;;;;;;;;;;;;;;;;;;;
2026-07-29 13:52:26;OCESN871407F1187_F:TER:FR:Line::9076088F-48FF-42F3-BABE-1AA476103702::87611004:87611616:12:1359:20261211;StopPoint:OCETrain TER-87611368;2026-07-29 13:55:00;1500;2026-07-29 13:57:00;1500;;;;;;;;;;;;;;;;;;;;;;;;;
2026-07-29 13:52:26;OCESN871407F1187_F:TER:FR:Line::9076088F-48FF-42F3-BABE-1AA476103702::87611004:87611616:12:1359:20261211;StopPoint:OCETrain TER-87611350;2026-07-29 14:02:00;1500;2026-07-29 14:03:00;1500;;;;;;;;;;;;;;;;;;;;;;;;;
2026-07-29 13:52:26;OCESN871407F1187_F:TER:FR:Line::9076088F-48FF-42F3-BABE-1AA476103702::87611004:87611616:12:1359:20261211;StopPoint:OCETrain TER-87611343;2026-07-29 14:10:00;1500;2026-07-29 14:11:00;1500;;;;;;;;;;;;;;;;;;;;;;;;;
2026-07-29 13:52:26;OCESN871407F1187_F:TER:FR:Line::9076088F-48FF-42F3-BABE-1AA476103702::87611004:87611616:12:1359:20261211;StopPoint:OCETrain TER-87611327;2026-07-29 14:17:00;1500;2026-07-29 14:18:00;1500;;;;;;;;;;;;;;;;;;;;;;;;;
2026-07-29 13:52:26;OCESN871407F1187_F:TER:FR:Line::9076088F-48FF-42F3-BABE-1AA476103702::87611004:87611616:12:1359:20261211;StopPoint:OCETrain TER-87611616;2026-07-29 14:24:00;1500;;;;;;;;;;;;;;;;;;;;;;;;;;;
2026-07-29 13:52:26;OCESN4082F1187_F:OGO:FR:Line::2381a54a-1f59-4452-88c7-303179dd472b::87481002:87547000:8:1708:20261211;StopPoint:OCEOUIGO-87484006;2026-07-29 14:00:00;1800;2026-07-29 14:03:00;1800;;;;;;;;;;;;;;;;;StopPoint:OCEOUIGO-87484006;Angers Saint-Laud;;47.4646490;-0.5567700;;;0;StopArea:OCE87484006
2026-07-29 13:52:26;OCESN4082F1187_F:OGO:FR:Line::2381a54a-1f59-4452-88c7-303179dd472b::87481002:87547000:8:1708:20261211;StopPoint:OCEOUIGO-87396002;2026-07-29 14:49:00;1800;2026-07-29 14:52:00;1800;;;;;;;;;;;;;;;;;StopPoint:OCEOUIGO-87396002;Le Mans;;47.9956150;0.19261400;;;0;StopArea:OCE87396002
2026-07-29 13:52:26;OCESN4082F1187_F:OGO:FR:Line::2381a54a-1f59-4452-88c7-303179dd472b::87481002:87547000:8:1708:20261211;StopPoint:OCEOUIGO-87394007;2026-07-29 15:51:00;1800;2026-07-29 15:54:00;1800;;;;;;;;;;;;;;;;;;;;;;;;;
2026-07-29 13:52:26;OCESN4082F1187_F:OGO:FR:Line::2381a54a-1f59-4452-88c7-303179dd472b::87481002:87547000:8:1708:20261211;StopPoint:OCEOUIGO-87393009;2026-07-29 16:33:00;1800;2026-07-29 16:36:00;1800;;;;;;;;;;;;;;;;;;;;;;;;;
2026-07-29 13:52:26;OCESN4082F1187_F:OGO:FR:Line::2381a54a-1f59-4452-88c7-303179dd472b::87481002:87547000:8:1708:20261211;StopPoint:OCEOUIGO-87393579;2026-07-29 16:59:00;1800;2026-07-29 17:02:00;1800;;;;;;;;;;;;;;;;;;;;;;;;;
2026-07-29 13:52:26;OCESN4082F1187_F:OGO:FR:Line::2381a54a-1f59-4452-88c7-303179dd472b::87481002:87547000:8:1708:20261211;StopPoint:OCEOUIGO-87545244;2026-07-29 17:22:00;1800;2026-07-29 17:24:00;1800;;;;;;;;;;;;;;;;;;;;;;;;;
2026-07-29 13:52:26;OCESN4082F1187_F:OGO:FR:Line::2381a54a-1f59-4452-88c7-303179dd472b::87481002:87547000:8:1708:20261211;StopPoint:OCEOUIGO-87547000;2026-07-29 17:38:00;1800;;;;;;;;;;;;;;;;;;;;;;;;;;;
2026-07-29 13:52:26;OCESN6618F1187_F:OUI:FR:Line::5B76AFB9-244D-4AC6-9720-8142DC7F6A91::87722025:87686006:3:1500:20260729;StopPoint:OCETGV INOUI-87723197;2026-07-29 13:08:00;600;2026-07-29 13:14:00;600;;;;;;;;;;;;;;;;;StopPoint:OCETGV INOUI-87723197;Lyon Part Dieu;;45.7605960;4.85940900;;;0;StopArea:OCE87723197
2026-07-29 13:52:26;OCESN6618F1187_F:OUI:FR:Line::5B76AFB9-244D-4AC6-9720-8142DC7F6A91::87722025:87686006:3:1500:20260729;StopPoint:OCETGV INOUI-87686006;2026-07-29 15:10:00;600;;;;;;;;;;;;;;;;;;;StopPoint:OCETGV INOUI-87686006;Paris Gare de Lyon Hall 1 - 2;;48.8449450;2.37348100;;;0;StopArea:OCE87686006
2026-07-29 13:52:26;OCESN165607F;StopArea:OCE87393009;2026-07-29 13:17:00;120;2026-07-29 13:19:00;180;;;;;;;;;;;;;;;;;StopArea:OCE87393009;Versailles Chantiers;;48.7958260;2.13588300;;;1;
2026-07-29 13:52:26;OCESN33347R1187_R:CTE:FR:Line::2295DCB3-5ABB-4028-8431-F6E4F94D0299::87741645:87741728:8:1343:20261127;StopPoint:OCECar TER-87741678;2026-07-29 13:11:00;300;2026-07-29 13:11:00;300;;;;;;;;;;;;;;;;;;;;;;;;;
2026-07-29 13:52:26;OCESN33347R1187_R:CTE:FR:Line::2295DCB3-5ABB-4028-8431-F6E4F94D0299::87741645:87741728:8:1343:20261127;StopPoint:OCECar TER-87741686;2026-07-29 13:13:00;120;2026-07-29 13:13:00;120;;;;;;;;;;;;;;;;;;;;;;;;;
2026-07-29 13:52:26;OCESN33347R1187_R:CTE:FR:Line::2295DCB3-5ABB-4028-8431-F6E4F94D0299::87741645:87741728:8:1343:20261127;StopPoint:OCECar TER-87741728;2026-07-29 13:48:00;300;;;;;;;;;;;;;;;;;;;;;;;;;;;
2026-07-29 13:52:26;OCESN870158F1187_F:TER:FR:Line::D50D2493-4502-41C7-B0CE-70D8B2CDD4A5::87613422:87594002:13:1524:20260828;StopPoint:OCETrain TER-87613257;2026-07-29 13:17:00;0;2026-07-29 13:35:00;900;;;;;;;;;;;;;;;;;;;;;;;;;
2026-07-29 13:52:26;OCESN870158F1187_F:TER:FR:Line::D50D2493-4502-41C7-B0CE-70D8B2CDD4A5::87613422:87594002:13:1524:20260828;StopPoint:OCETrain TER-87613232;2026-07-29 13:46:00;900;2026-07-29 13:46:00;900;;;;;;;;;;;;;;;;;;;;;;;;;
2026-07-29 13:52:26;OCESN870158F1187_F:TER:FR:Line::D50D2493-4502-41C7-B0CE-70D8B2CDD4A5::87613422:87594002:13:1524:20260828;StopPoint:OCETrain TER-87613224;2026-07-29 13:49:00;900;2026-07-29 13:50:00;900;;;;;;;;;;;;;;;;;;;;;;;;;
2026-07-29 13:52:26;OCESN870158F1187_F:TER:FR:Line::D50D2493-4502-41C7-B0CE-70D8B2CDD4A5::87613422:87594002:13:1524:20260828;StopPoint:OCETrain TER-87613661;2026-07-29 13:54:00;900;2026-07-29 13:55:00;900;;;;;;;;;;;;;;;;;;;;;;;;;
2026-07-29 13:52:26;OCESN870158F1187_F:TER:FR:Line::D50D2493-4502-41C7-B0CE-70D8B2CDD4A5::87613422:87594002:13:1524:20260828;StopPoint:OCETrain TER-87613109;2026-07-29 14:09:00;900;2026-07-29 14:12:00;900;;;;;;;;;;;;;;;;;;;;;;;;;
2026-07-29 13:52:26;OCESN870158F1187_F:TER:FR:Line::D50D2493-4502-41C7-B0CE-70D8B2CDD4A5::87613422:87594002:13:1524:20260828;StopPoint:OCETrain TER-87613091;2026-07-29 14:18:00;900;2026-07-29 14:21:00;900;;;;;;;;;;;;;;;;;;;;;;;;;
2026-07-29 13:52:26;OCESN870158F1187_F:TER:FR:Line::D50D2493-4502-41C7-B0CE-70D8B2CDD4A5::87613422:87594002:13:1524:20260828;StopPoint:OCETrain TER-87613075;2026-07-29 14:36:00;900;2026-07-29 14:37:00;900;;;;;;;;;;;;;;;;;;;;;;;;;
2026-07-29 13:52:26;OCESN870158F1187_F:TER:FR:Line::D50D2493-4502-41C7-B0CE-70D8B2CDD4A5::87613422:87594002:13:1524:20260828;StopPoint:OCETrain TER-87613059;2026-07-29 14:47:00;900;2026-07-29 14:48:00;900;;;;;;;;;;;;;;;;;;;;;;;;;
2026-07-29 13:52:26;OCESN870158F1187_F:TER:FR:Line::D50D2493-4502-41C7-B0CE-70D8B2CDD4A5::87613422:87594002:13:1524:20260828;StopPoint:OCETrain TER-87613042;2026-07-29 14:54:00;900;2026-07-29 14:55:00;900;;;;;;;;;;;;;;;;;;;;;;;;;
2026-07-29 13:52:26;OCESN870158F1187_F:TER:FR:Line::D50D2493-4502-41C7-B0CE-70D8B2CDD4A5::87613422:87594002:13:1524:20260828;StopPoint:OCETrain TER-87594572;2026-07-29 15:14:00;900;2026-07-29 15:15:00;900;;;;;;;;;;;;;;;;;;;;;;;;;
2026-07-29 13:52:26;OCESN870158F1187_F:TER:FR:Line::D50D2493-4502-41C7-B0CE-70D8B2CDD4A5::87613422:87594002:13:1524:20260828;StopPoint:OCETrain TER-87594564;2026-07-29 15:20:00;900;2026-07-29 15:21:00;900;;;;;;;;;;;;;;;;;;;;;;;;;
2026-07-29 13:52:26;OCESN870158F1187_F:TER:FR:Line::D50D2493-4502-41C7-B0CE-70D8B2CDD4A5::87613422:87594002:13:1524:20260828;StopPoint:OCETrain TER-87594002;2026-07-29 15:39:00;900;;;;;;;;;;;;;;;;;;;;;;;;;;;
2026-07-29 13:52:26;OCESN889667F1187_F:TER:FR:Line::C1C06C47-A859-4002-95DC-2CB31676E8F2::87726802:87722025:14:1424:20260927;StopPoint:OCETrain TER-87726802;;;2026-07-29 13:05:00;900;;;;;;;;;;;;;;;;;;;;;;;;;
2026-07-29 13:52:26;OCESN889667F1187_F:TER:FR:Line::C1C06C47-A859-4002-95DC-2CB31676E8F2::87726802:87722025:14:1424:20260927;StopPoint:OCETrain TER-87726828;2026-07-29 13:08:00;900;2026-07-29 13:09:00;900;;;;;;;;;;;;;;;;;;;;;;;;;
2026-07-29 13:52:26;OCESN889667F1187_F:TER:FR:Line::C1C06C47-A859-4002-95DC-2CB31676E8F2::87726802:87722025:14:1424:20260927;StopPoint:OCETrain TER-87721050;2026-07-29 13:20:00;900;2026-07-29 13:21:00;900;;;;;;;;;;;;;;;;;;;;;;;;;
2026-07-29 13:52:26;OCESN889667F1187_F:TER:FR:Line::C1C06C47-A859-4002-95DC-2CB31676E8F2::87726802:87722025:14:1424:20260927;StopPoint:OCETrain TER-87721043;2026-07-29 13:26:00;900;2026-07-29 13:27:00;900;;;;;;;;;;;;;;;;;;;;;;;;;
2026-07-29 13:52:26;OCESN889667F1187_F:TER:FR:Line::C1C06C47-A859-4002-95DC-2CB31676E8F2::87726802:87722025:14:1424:20260927;StopPoint:OCETrain TER-87721035;2026-07-29 13:32:00;900;2026-07-29 13:33:00;900;;;;;;;;;;;;;;;;;;;;;;;;;
2026-07-29 13:52:26;OCESN889667F1187_F:TER:FR:Line::C1C06C47-A859-4002-95DC-2CB31676E8F2::87726802:87722025:14:1424:20260927;StopPoint:OCETrain TER-87721472;2026-07-29 13:45:00;900;2026-07-29 13:46:00;900;;;;;;;;;;;;;;;;;;;;;;;;;
2026-07-29 13:52:26;OCESN889667F1187_F:TER:FR:Line::C1C06C47-A859-4002-95DC-2CB31676E8F2::87726802:87722025:14:1424:20260927;StopPoint:OCETrain TER-87721464;2026-07-29 13:50:00;900;2026-07-29 13:51:00;900;;;;;;;;;;;;;;;;;;;;;;;;;
2026-07-29 13:52:26;OCESN889667F1187_F:TER:FR:Line::C1C06C47-A859-4002-95DC-2CB31676E8F2::87726802:87722025:14:1424:20260927;StopPoint:OCETrain TER-87721456;2026-07-29 13:55:00;900;2026-07-29 13:56:00;900;;;;;;;;;;;;;;;;;;;;;;;;;
2026-07-29 13:52:26;OCESN889667F1187_F:TER:FR:Line::C1C06C47-A859-4002-95DC-2CB31676E8F2::87726802:87722025:14:1424:20260927;StopPoint:OCETrain TER-87721431;2026-07-29 14:02:00;900;2026-07-29 14:03:00;900;;;;;;;;;;;;;;;;;;;;;;;;;
2026-07-29 13:52:26;OCESN889667F1187_F:TER:FR:Line::C1C06C47-A859-4002-95DC-2CB31676E8F2::87726802:87722025:14:1424:20260927;StopPoint:OCETrain TER-87721423;2026-07-29 14:08:00;900;2026-07-29 14:09:00;900;;;;;;;;;;;;;;;;;;;;;;;;;
2026-07-29 13:52:26;OCESN889667F1187_F:TER:FR:Line::C1C06C47-A859-4002-95DC-2CB31676E8F2::87726802:87722025:14:1424:20260927;StopPoint:OCETrain TER-87721415;2026-07-29 14:13:00;900;2026-07-29 14:14:00;900;;;;;;;;;;;;;;;;;;;;;;;;;
2026-07-29 13:52:26;OCESN889667F1187_F:TER:FR:Line::C1C06C47-A859-4002-95DC-2CB31676E8F2::87726802:87722025:14:1424:20260927;StopPoint:OCETrain TER-87721282;2026-07-29 14:20:00;900;2026-07-29 14:21:00;900;;;;;;;;;;;;;;;;;;;;;;;;;
2026-07-29 13:52:26;OCESN889667F1187_F:TER:FR:Line::C1C06C47-A859-4002-95DC-2CB31676E8F2::87726802:87722025:14:1424:20260927;StopPoint:OCETrain TER-87721001;2026-07-29 14:31:00;900;2026-07-29 14:33:00;900;;;;;;;;;;;;;;;;;;;;;;;;;
2026-07-29 13:52:26;OCESN889667F1187_F:TER:FR:Line::C1C06C47-A859-4002-95DC-2CB31676E8F2::87726802:87722025:14:1424:20260927;StopPoint:OCETrain TER-87722025;2026-07-29 14:39:00;900;;;;;;;;;;;;;;;;;;;;;;;;;;;
2026-07-29 13:52:26;OCESA881135F5111_F:TER:FR:Line::96809d68-f37d-4e68-ac3c-3c0540f4e2f2::87757625:87756486:18:1409:20260729;StopPoint:OCETrain TER-87756460;2026-07-29 14:12:00;600;2026-07-29 14:13:00;600;;;;;;;;;;;;;;;;;;;;;;;;;
2026-07-29 13:52:26;OCESA881135F5111_F:TER:FR:Line::96809d68-f37d-4e68-ac3c-3c0540f4e2f2::87757625:87756486:18:1409:20260729;StopPoint:OCETrain TER-87756478;2026-07-29 14:16:00;600;2026-07-29 14:17:00;600;;;;;;;;;;;;;;;;;;;;;;;;;
2026-07-29 13:52:26;OCESA881135F5111_F:TER:FR:Line::96809d68-f37d-4e68-ac3c-3c0540f4e2f2::87757625:87756486:18:1409:20260729;StopPoint:OCETrain TER-87756486;2026-07-29 14:19:00;600;;;;;;;;;;;;;;;;;;;;;;;;;;;
2026-07-29 13:52:26;OCESN865756F1187_F:TER:FR:Line::9805a3d4-04d2-4122-9ac6-677255172215::87595827:87581009:17:1519:20261211;StopPoint:OCETrain TER-87595777;2026-07-29 13:21:00;900;2026-07-29 13:22:00;900;;;;;;;;;;;;;;;;;;;;;;;;;
2026-07-29 13:52:26;OCESN865756F1187_F:TER:FR:Line::9805a3d4-04d2-4122-9ac6-677255172215::87595827:87581009:17:1519:20261211;StopPoint:OCETrain TER-87595769;2026-07-29 13:28:00;900;2026-07-29 13:29:00;900;;;;;;;;;;;;;;;;;;;;;;;;;
2026-07-29 13:52:26;OCESN865756F1187_F:TER:FR:Line::9805a3d4-04d2-4122-9ac6-677255172215::87595827:87581009:17:1519:20261211;StopPoint:OCETrain TER-87595751;2026-07-29 13:36:00;900;2026-07-29 13:37:00;900;;;;;;;;;;;;;;;;;;;;;;;;;
2026-07-29 13:52:26;OCESN865756F1187_F:TER:FR:Line::9805a3d4-04d2-4122-9ac6-677255172215::87595827:87581009:17:1519:20261211;StopPoint:OCETrain TER-87584474;2026-07-29 13:44:00;900;2026-07-29 13:45:00;900;;;;;;;;;;;;;;;;;;;;;;;;;
2026-07-29 13:52:26;OCESN865756F1187_F:TER:FR:Line::9805a3d4-04d2-4122-9ac6-677255172215::87595827:87581009:17:1519:20261211;StopPoint:OCETrain TER-87584466;2026-07-29 13:49:00;900;2026-07-29 13:50:00;900;;;;;;;;;;;;;;;;;;;;;;;;;
2026-07-29 13:52:26;OCESN865756F1187_F:TER:FR:Line::9805a3d4-04d2-4122-9ac6-677255172215::87595827:87581009:17:1519:20261211;StopPoint:OCETrain TER-87584441;2026-07-29 13:54:00;900;2026-07-29 13:55:00;900;;;;;;;;;;;;;;;;;;;;;;;;;
2026-07-29 13:52:26;OCESN865756F1187_F:TER:FR:Line::9805a3d4-04d2-4122-9ac6-677255172215::87595827:87581009:17:1519:20261211;StopPoint:OCETrain TER-87584268;2026-07-29 14:11:00;900;2026-07-29 14:14:00;900;;;;;;;;;;;;;;;;;;;;;;;;;
2026-07-29 13:52:26;OCESN865756F1187_F:TER:FR:Line::9805a3d4-04d2-4122-9ac6-677255172215::87595827:87581009:17:1519:20261211;StopPoint:OCETrain TER-87584235;2026-07-29 14:24:00;900;2026-07-29 14:25:00;900;;;;;;;;;;;;;;;;;;;;;;;;;
2026-07-29 13:52:26;OCESN865756F1187_F:TER:FR:Line::9805a3d4-04d2-4122-9ac6-677255172215::87595827:87581009:17:1519:20261211;StopPoint:OCETrain TER-87584193;2026-07-29 14:32:00;900;2026-07-29 14:33:00;900;;;;;;;;;;;;;;;;;;;;;;;;;
2026-07-29 13:52:26;OCESN865756F1187_F:TER:FR:Line::9805a3d4-04d2-4122-9ac6-677255172215::87595827:87581009:17:1519:20261211;StopPoint:OCETrain TER-87584201;2026-07-29 14:38:00;900;2026-07-29 14:39:00;900;;;;;;;;;;;;;;;;;;;;;;;;;
2026-07-29 13:52:26;OCESN865756F1187_F:TER:FR:Line::9805a3d4-04d2-4122-9ac6-677255172215::87595827:87581009:17:1519:20261211;StopPoint:OCETrain TER-87584177;2026-07-29 14:44:00;900;2026-07-29 14:47:00;900;;;;;;;;;;;;;;;;;;;;;;;;;
2026-07-29 13:52:26;OCESN865756F1187_F:TER:FR:Line::9805a3d4-04d2-4122-9ac6-677255172215::87595827:87581009:17:1519:20261211;StopPoint:OCETrain TER-87584136;2026-07-29 14:54:00;900;2026-07-29 14:55:00;900;;;;;;;;;;;;;;;;;;;;;;;;;
2026-07-29 13:52:26;OCESN865756F1187_F:TER:FR:Line::9805a3d4-04d2-4122-9ac6-677255172215::87595827:87581009:17:1519:20261211;StopPoint:OCETrain TER-87584102;2026-07-29 15:02:00;900;2026-07-29 15:03:00;900;;;;;;;;;;;;;;;;;;;;;;;;;
2026-07-29 13:52:26;OCESN865756F1187_F:TER:FR:Line::9805a3d4-04d2-4122-9ac6-677255172215::87595827:87581009:17:1519:20261211;StopPoint:OCETrain TER-87584052;2026-07-29 15:09:00;900;2026-07-29 15:10:00;900;;;;;;;;;;;;;;;;;;;;;;;;;
2026-07-29 13:52:26;OCESN865756F1187_F:TER:FR:Line::9805a3d4-04d2-4122-9ac6-677255172215::87595827:87581009:17:1519:20261211;StopPoint:OCETrain TER-87581595;2026-07-29 15:28:00;900;2026-07-29 15:29:00;900;;;;;;;;;;;;;;;;;;;;;;;;;
2026-07-29 13:52:26;OCESN865756F1187_F:TER:FR:Line::9805a3d4-04d2-4122-9ac6-677255172215::87595827:87581009:17:1519:20261211;StopPoint:OCETrain TER-87581009;2026-07-29 15:34:00;900;;;;;;;;;;;;;;;;;;;;;;;;;;;
2026-07-29 13:52:26;OCESN879539F1187_F:TER:FR:Line::7B48FDEF-35FE-45ED-BA4D-A638BCE7E21A::87765008:87751008:10:1420:20261212;StopPoint:OCETrain TER-87753657;;;2026-07-29 13:40:00;1800;;;;;;;;;;;;;;;;;;;;;;;;;
2026-07-29 13:52:26;OCESN879539F1187_F:TER:FR:Line::7B48FDEF-35FE-45ED-BA4D-A638BCE7E21A::87765008:87751008:10:1420:20261212;StopPoint:OCETrain TER-87753681;2026-07-29 13:49:00;1800;2026-07-29 13:50:00;1800;;;;;;;;;;;;;;;;;;;;;;;;;
2026-07-29 13:52:26;OCESN879539F1187_F:TER:FR:Line::7B48FDEF-35FE-45ED-BA4D-A638BCE7E21A::87765008:87751008:10:1420:20261212;StopPoint:OCETrain TER-87753004;2026-07-29 14:02:00;1800;2026-07-29 14:04:00;1800;;;;;;;;;;;;;;;;;;;;;;;;;
2026-07-29 13:52:26;OCESN879539F1187_F:TER:FR:Line::7B48FDEF-35FE-45ED-BA4D-A638BCE7E21A::87765008:87751008:10:1420:20261212;StopPoint:OCETrain TER-87753202;2026-07-29 14:08:00;1800;2026-07-29 14:09:00;1800;;;;;;;;;;;;;;;;;;;;;;;;;
2026-07-29 13:52:26;OCESN879539F1187_F:TER:FR:Line::7B48FDEF-35FE-45ED-BA4D-A638BCE7E21A::87765008:87751008:10:1420:20261212;StopPoint:OCETrain TER-87753251;2026-07-29 14:21:00;1800;2026-07-29 14:22:00;1800;;;;;;;;;;;;;;;;;;;;;;;;;
2026-07-29 13:52:26;OCESN879539F1187_F:TER:FR:Line::7B48FDEF-35FE-45ED-BA4D-A638BCE7E21A::87765008:87751008:10:1420:20261212;StopPoint:OCETrain TER-87439554;2026-07-29 14:27:00;1800;2026-07-29 14:28:00;1800;;;;;;;;;;;;;;;;;;;;;;;;;
2026-07-29 13:52:26;OCESN879539F1187_F:TER:FR:Line::7B48FDEF-35FE-45ED-BA4D-A638BCE7E21A::87765008:87751008:10:1420:20261212;StopPoint:OCETrain TER-87753285;2026-07-29 14:31:00;1800;2026-07-29 14:32:00;1800;;;;;;;;;;;;;;;;;;;;;;;;;
2026-07-29 13:52:26;OCESN879539F1187_F:TER:FR:Line::7B48FDEF-35FE-45ED-BA4D-A638BCE7E21A::87765008:87751008:10:1420:20261212;StopPoint:OCETrain TER-87751602;2026-07-29 14:39:00;1800;2026-07-29 14:40:00;1800;;;;;;;;;;;;;;;;;;;;;;;;;
2026-07-29 13:52:26;OCESN879539F1187_F:TER:FR:Line::7B48FDEF-35FE-45ED-BA4D-A638BCE7E21A::87765008:87751008:10:1420:20261212;StopPoint:OCETrain TER-87751008;2026-07-29 14:50:00;1800;;;;;;;;;;;;;;;;;;;;;;;;;;;
2026-07-29 13:52:26;OCESN831620F1187_F:TER:FR:Line::5ed2f41e-5576-4745-96f5-3682a3f86989::87212027:87214247:10:1335:20261211;StopPoint:OCETrain TER-87214288;2026-07-29 13:23:00;0;2026-07-29 13:41:00;900;;;;;;;;;;;;;;;;;;;;;;;;;
2026-07-29 13:52:26;OCESN831620F1187_F:TER:FR:Line::5ed2f41e-5576-4745-96f5-3682a3f86989::87212027:87214247:10:1335:20261211;StopPoint:OCETrain TER-87214270;2026-07-29 13:49:00;1200;2026-07-29 13:50:00;1200;;;;;;;;;;;;;;;;;;;;;;;;;
2026-07-29 13:52:26;OCESN831620F1187_F:TER:FR:Line::5ed2f41e-5576-4745-96f5-3682a3f86989::87212027:87214247:10:1335:20261211;StopPoint:OCETrain TER-87214254;2026-07-29 13:53:00;1200;2026-07-29 13:53:00;1200;;;;;;;;;;;;;;;;;;;;;;;;;
2026-07-29 13:52:26;OCESN831620F1187_F:TER:FR:Line::5ed2f41e-5576-4745-96f5-3682a3f86989::87212027:87214247:10:1335:20261211;StopPoint:OCETrain TER-87214247;2026-07-29 13:55:00;1200;;;;;;;;;;;;;;;;;;;;;;;;;;;
2026-07-29 13:52:26;OCESN865024F1187_F:TER:FR:Line::6973a1d6-1ab5-447c-b47e-d20af934f64d::87581009:87583005:10:1423:20260911;StopPoint:OCETrain TER-87581009;;;2026-07-29 12:58:00;300;;;;;;;;;;;;;;;;;;;;;;;;;
2026-07-29 13:52:26;OCESN865024F1187_F:TER:FR:Line::6973a1d6-1ab5-447c-b47e-d20af934f64d::87581009:87583005:10:1423:20260911;StopPoint:OCETrain TER-87581595;2026-07-29 13:01:00;300;2026-07-29 13:02:00;300;;;;;;;;;;;;;;;;;;;;;;;;;
2026-07-29 13:52:26;OCESN865024F1187_F:TER:FR:Line::6973a1d6-1ab5-447c-b47e-d20af934f64d::87581009:87583005:10:1423:20260911;StopPoint:OCETrain TER-87584052;2026-07-29 13:20:00;300;2026-07-29 13:21:00;300;;;;;;;;;;;;;;;;;;;;;;;;;
2026-07-29 13:52:26;OCESN866129F1187_F:TER:FR:Line::3ebed947-d25a-4cb1-ad23-a6db52a6f082::87581009:87581314:14:1417:20260828;StopPoint:OCETrain TER-87581199;2026-07-29 13:33:00;0;2026-07-29 13:54:00;1200;;;;;;;;;;;;;;;;;;;;;;;;;
2026-07-29 13:52:26;OCESN866129F1187_F:TER:FR:Line::3ebed947-d25a-4cb1-ad23-a6db52a6f082::87581009:87581314:14:1417:20260828;StopPoint:OCETrain TER-87581215;2026-07-29 14:00:00;1200;2026-07-29 14:01:00;1200;;;;;;;;;;;;;;;;;;;;;;;;;
2026-07-29 13:52:26;OCESN866129F1187_F:TER:FR:Line::3ebed947-d25a-4cb1-ad23-a6db52a6f082::87581009:87581314:14:1417:20260828;StopPoint:OCETrain TER-87581231;2026-07-29 14:07:00;1200;2026-07-29 14:08:00;1200;;;;;;;;;;;;;;;;;;;;;;;;;
2026-07-29 13:52:26;OCESN866129F1187_F:TER:FR:Line::3ebed947-d25a-4cb1-ad23-a6db52a6f082::87581009:87581314:14:1417:20260828;StopPoint:OCETrain TER-87581256;2026-07-29 14:21:00;1200;2026-07-29 14:22:00;1200;;;;;;;;;;;;;;;;;;;;;;;;;
2026-07-29 13:52:26;OCESN866129F1187_F:TER:FR:Line::3ebed947-d25a-4cb1-ad23-a6db52a6f082::87581009:87581314:14:1417:20260828;StopPoint:OCETrain TER-87581314;2026-07-29 14:37:00;1200;;;;;;;;;;;;;;;;;;;;;;;;;;;
2026-07-29 13:52:26;OCESN9552F1187_F:ICE:FR:Line::0A303D27-DA0B-473B-9466-9180AC80EC60::80110684:87113001:5:1650:20261023;StopPoint:OCEICE-80140087;2026-07-29 13:48:00;600;2026-07-29 13:52:00;600;;;;;;;;;;;;;;;;;StopPoint:OCEICE-80140087;Mannheim Hbf;;49.4794000;8.46960000;;;0;StopArea:OCE80140087
2026-07-29 13:52:26;OCESN9552F1187_F:ICE:FR:Line::0A303D27-DA0B-473B-9466-9180AC80EC60::80110684:87113001:5:1650:20261023;StopPoint:OCEICE-80196980;2026-07-29 14:33:00;600;2026-07-29 14:34:00;600;;;;;;;;;;;;;;;;;StopPoint:OCEICE-80196980;Kaiserslautern Hbf;;49.4359000;7.76880000;;;0;StopArea:OCE80196980
2026-07-29 13:52:26;OCESN9552F1187_F:ICE:FR:Line::0A303D27-DA0B-473B-9466-9180AC80EC60::80110684:87113001:5:1650:20261023;StopPoint:OCEICE-80253914;2026-07-29 15:09:00;600;2026-07-29 15:10:00;600;;;;;;;;;;;;;;;;;StopPoint:OCEICE-80253914;Sarrebruck;;49.2410000;6.99100000;;;0;StopArea:OCE80253914
2026-07-29 13:52:26;OCESN9552F1187_F:ICE:FR:Line::0A303D27-DA0B-473B-9466-9180AC80EC60::80110684:87113001:5:1650:20261023;StopPoint:OCEICE-87113001;2026-07-29 16:55:00;300;;;;;;;;;;;;;;;;;;;StopPoint:OCEICE-87113001;Paris Est;;48.8767420;2.35842400;;;0;StopArea:OCE87113001
2026-07-29 13:52:26;OCESN831719F1187_F:TER:FR:Line::0D8BFBF7-551C-44B1-8DF9-465F01EEE633::87214056:87212027:19:1403:20261211;StopPoint:OCETrain TER-87214056;;;2026-07-29 13:09:00;900;;;;;;;;;;;;;;;;;;;;;;;;;
2026-07-29 13:52:26;OCESN831719F1187_F:TER:FR:Line::0D8BFBF7-551C-44B1-8DF9-465F01EEE633::87214056:87212027:19:1403:20261211;StopPoint:OCETrain TER-87214213;2026-07-29 13:21:00;1200;2026-07-29 13:21:00;1200;;;;;;;;;;;;;;;;;;;;;;;;;
2026-07-29 13:52:26;OCESN831719F1187_F:TER:FR:Line::0D8BFBF7-551C-44B1-8DF9-465F01EEE633::87214056:87212027:19:1403:20261211;StopPoint:OCETrain TER-87214221;2026-07-29 13:26:00;1200;2026-07-29 13:27:00;1200;;;;;;;;;;;;;;;;;;;;;;;;;
2026-07-29 13:52:26;OCESN831719F1187_F:TER:FR:Line::0D8BFBF7-551C-44B1-8DF9-465F01EEE633::87214056:87212027:19:1403:20261211;StopPoint:OCETrain TER-87214239;2026-07-29 13:29:00;1200;2026-07-29 13:30:00;1200;;;;;;;;;;;;;;;;;;;;;;;;;
2026-07-29 13:52:26;OCESN831719F1187_F:TER:FR:Line::0D8BFBF7-551C-44B1-8DF9-465F01EEE633::87214056:87212027:19:1403:20261211;StopPoint:OCETrain TER-87214247;2026-07-29 13:33:00;1200;2026-07-29 13:34:00;1200;;;;;;;;;;;;;;;;;;;;;;;;;
2026-07-29 13:52:26;OCESN831719F1187_F:TER:FR:Line::0D8BFBF7-551C-44B1-8DF9-465F01EEE633::87214056:87212027:19:1403:20261211;StopPoint:OCETrain TER-87214254;2026-07-29 13:36:00;1200;2026-07-29 13:37:00;1200;;;;;;;;;;;;;;;;;;;;;;;;;
2026-07-29 13:52:26;OCESN831719F1187_F:TER:FR:Line::0D8BFBF7-551C-44B1-8DF9-465F01EEE633::87214056:87212027:19:1403:20261211;StopPoint:OCETrain TER-87214270;2026-07-29 13:39:00;1200;2026-07-29 13:40:00;1200;;;;;;;;;;;;;;;;;;;;;;;;;
2026-07-29 13:52:26;OCESN831719F1187_F:TER:FR:Line::0D8BFBF7-551C-44B1-8DF9-465F01EEE633::87214056:87212027:19:1403:20261211;StopPoint:OCETrain TER-87214288;2026-07-29 13:44:00;1200;2026-07-29 13:45:00;1200;;;;;;;;;;;;;;;;;;;;;;;;;
2026-07-29 13:52:26;OCESN831719F1187_F:TER:FR:Line::0D8BFBF7-551C-44B1-8DF9-465F01EEE633::87214056:87212027:19:1403:20261211;StopPoint:OCETrain TER-87214296;2026-07-29 13:48:00;1200;2026-07-29 13:49:00;1200;;;;;;;;;;;;;;;;;;;;;;;;;
2026-07-29 13:52:26;OCESN831719F1187_F:TER:FR:Line::0D8BFBF7-551C-44B1-8DF9-465F01EEE633::87214056:87212027:19:1403:20261211;StopPoint:OCETrain TER-87214320;2026-07-29 13:51:00;1200;2026-07-29 13:52:00;1200;;;;;;;;;;;;;;;;;;;;;;;;;
2026-07-29 13:52:26;OCESN831719F1187_F:TER:FR:Line::0D8BFBF7-551C-44B1-8DF9-465F01EEE633::87214056:87212027:19:1403:20261211;StopPoint:OCETrain TER-87214338;2026-07-29 13:55:00;1200;2026-07-29 13:55:00;1200;;;;;;;;;;;;;;;;;;;;;;;;;
2026-07-29 13:52:26;OCESN831719F1187_F:TER:FR:Line::0D8BFBF7-551C-44B1-8DF9-465F01EEE633::87214056:87212027:19:1403:20261211;StopPoint:OCETrain TER-87214577;2026-07-29 13:57:00;1200;2026-07-29 13:58:00;1200;;;;;;;;;;;;;;;;;;;;;;;;;
2026-07-29 13:52:26;OCESN831719F1187_F:TER:FR:Line::0D8BFBF7-551C-44B1-8DF9-465F01EEE633::87214056:87212027:19:1403:20261211;StopPoint:OCETrain TER-87214551;2026-07-29 14:02:00;1200;2026-07-29 14:03:00;1200;;;;;;;;;;;;;;;;;;;;;;;;;
2026-07-29 13:52:26;OCESN831719F1187_F:TER:FR:Line::0D8BFBF7-551C-44B1-8DF9-465F01EEE633::87214056:87212027:19:1403:20261211;StopPoint:OCETrain TER-87214544;2026-07-29 14:05:00;1200;2026-07-29 14:06:00;1200;;;;;;;;;;;;;;;;;;;;;;;;;
2026-07-29 13:52:26;OCESN831719F1187_F:TER:FR:Line::0D8BFBF7-551C-44B1-8DF9-465F01EEE633::87214056:87212027:19:1403:20261211;StopPoint:OCETrain TER-87214536;2026-07-29 14:08:00;1200;2026-07-29 14:08:00;1200;;;;;;;;;;;;;;;;;;;;;;;;;
2026-07-29 13:52:26;OCESN831719F1187_F:TER:FR:Line::0D8BFBF7-551C-44B1-8DF9-465F01EEE633::87214056:87212027:19:1403:20261211;StopPoint:OCETrain TER-87214528;2026-07-29 14:11:00;1200;2026-07-29 14:12:00;1200;;;;;;;;;;;;;;;;;;;;;;;;;
2026-07-29 13:52:26;OCESN831719F1187_F:TER:FR:Line::0D8BFBF7-551C-44B1-8DF9-465F01EEE633::87214056:87212027:19:1403:20261211;StopPoint:OCETrain TER-87214502;2026-07-29 14:16:00;1200;2026-07-29 14:16:00;1200;;;;;;;;;;;;;;;;;;;;;;;;;
2026-07-29 13:52:26;OCESN831719F1187_F:TER:FR:Line::0D8BFBF7-551C-44B1-8DF9-465F01EEE633::87214056:87212027:19:1403:20261211;StopPoint:OCETrain TER-87212191;2026-07-29 14:18:00;1200;2026-07-29 14:19:00;1200;;;;;;;;;;;;;;;;;;;;;;;;;
2026-07-29 13:52:26;OCESN831719F1187_F:TER:FR:Line::0D8BFBF7-551C-44B1-8DF9-465F01EEE633::87214056:87212027:19:1403:20261211;StopPoint:OCETrain TER-87212027;2026-07-29 14:23:00;1200;;;;;;;;;;;;;;;;;;;;;;;;;;;
2026-07-29 13:52:26;OCESN406529R1187_R:CTE:FR:Line::06C24CB9-71E3-4CC4-BB31-E6285EB38AE1::87722728:87698340:7:1356:20260821;StopPoint:OCECar TER-87722710;2026-07-29 13:09:00;300;2026-07-29 13:09:00;300;;;;;;;;;;;;;;;;;;;;;;;;;
2026-07-29 13:52:26;OCESN406529R1187_R:CTE:FR:Line::06C24CB9-71E3-4CC4-BB31-E6285EB38AE1::87722728:87698340:7:1356:20260821;StopPoint:OCECar TER-87722702;2026-07-29 13:18:00;300;2026-07-29 13:18:00;300;;;;;;;;;;;;;;;;;;;;;;;;;
2026-07-29 13:52:26;OCESN406529R1187_R:CTE:FR:Line::06C24CB9-71E3-4CC4-BB31-E6285EB38AE1::87722728:87698340:7:1356:20260821;StopPoint:OCECar TER-87698381;2026-07-29 13:27:00;300;2026-07-29 13:27:00;300;;;;;;;;;;;;;;;;;;;;;;;;;
2026-07-29 13:52:26;OCESN406529R1187_R:CTE:FR:Line::06C24CB9-71E3-4CC4-BB31-E6285EB38AE1::87722728:87698340:7:1356:20260821;StopPoint:OCECar TER-87698274;2026-07-29 13:36:00;300;2026-07-29 13:36:00;300;;;;;;;;;;;;;;;;;;;;;;;;;
2026-07-29 13:52:26;OCESN406529R1187_R:CTE:FR:Line::06C24CB9-71E3-4CC4-BB31-E6285EB38AE1::87722728:87698340:7:1356:20260821;StopPoint:OCECar TER-87721175;2026-07-29 13:46:00;300;2026-07-29 13:46:00;300;;;;;;;;;;;;;;;;;;;;;;;;;
2026-07-29 13:52:26;OCESN406529R1187_R:CTE:FR:Line::06C24CB9-71E3-4CC4-BB31-E6285EB38AE1::87722728:87698340:7:1356:20260821;StopPoint:OCECar TER-87698340;2026-07-29 14:01:00;300;;;;;;;;;;;;;;;;;;;;;;;;;;;
2026-07-29 13:52:26;OCESN864806F1187_F:TER:FR:Line::e27d87a9-efd7-4218-bf71-50601354df88::87581009:87485003:11:1527:20261212;StopPoint:OCETrain TER-87581009;;;2026-07-29 13:10:00;900;;;;;;;;;;;;;;;;;;;;;;;;;
2026-07-29 13:52:26;OCESN864806F1187_F:TER:FR:Line::e27d87a9-efd7-4218-bf71-50601354df88::87581009:87485003:11:1527:20261212;StopPoint:OCETrain TER-87581595;2026-07-29 13:14:00;900;2026-07-29 13:15:00;900;;;;;;;;;;;;;;;;;;;;;;;;;
2026-07-29 13:52:26;OCESN864806F1187_F:TER:FR:Line::e27d87a9-efd7-4218-bf71-50601354df88::87581009:87485003:11:1527:20261212;StopPoint:OCETrain TER-87491241;2026-07-29 13:28:00;900;2026-07-29 13:29:00;900;;;;;;;;;;;;;;;;;;;;;;;;;
2026-07-29 13:52:26;OCESN864806F1187_F:TER:FR:Line::e27d87a9-efd7-4218-bf71-50601354df88::87581009:87485003:11:1527:20261212;StopPoint:OCETrain TER-87491209;2026-07-29 13:40:00;900;2026-07-29 13:41:00;900;;;;;;;;;;;;;;;;;;;;;;;;;
2026-07-29 13:52:26;OCESN864806F1187_F:TER:FR:Line::e27d87a9-efd7-4218-bf71-50601354df88::87581009:87485003:11:1527:20261212;StopPoint:OCETrain TER-87491183;2026-07-29 13:50:00;900;2026-07-29 13:51:00;900;;;;;;;;;;;;;;;;;;;;;;;;;
2026-07-29 13:52:26;OCESN864806F1187_F:TER:FR:Line::e27d87a9-efd7-4218-bf71-50601354df88::87581009:87485003:11:1527:20261212;StopPoint:OCETrain TER-87491142;2026-07-29 14:06:00;900;2026-07-29 14:07:00;900;;;;;;;;;;;;;;;;;;;;;;;;;
2026-07-29 13:52:26;OCESN864806F1187_F:TER:FR:Line::e27d87a9-efd7-4218-bf71-50601354df88::87581009:87485003:11:1527:20261212;StopPoint:OCETrain TER-87491100;2026-07-29 14:28:00;900;2026-07-29 14:29:00;900;;;;;;;;;;;;;;;;;;;;;;;;;
2026-07-29 13:52:26;OCESN864806F1187_F:TER:FR:Line::e27d87a9-efd7-4218-bf71-50601354df88::87581009:87485003:11:1527:20261212;StopPoint:OCETrain TER-87491001;2026-07-29 14:47:00;900;2026-07-29 14:50:00;900;;;;;;;;;;;;;;;;;;;;;;;;;
2026-07-29 13:52:26;OCESN864806F1187_F:TER:FR:Line::e27d87a9-efd7-4218-bf71-50601354df88::87581009:87485003:11:1527:20261212;StopPoint:OCETrain TER-87485144;2026-07-29 15:17:00;900;2026-07-29 15:18:00;900;;;;;;;;;;;;;;;;;;;;;;;;;
2026-07-29 13:52:26;OCESN864806F1187_F:TER:FR:Line::e27d87a9-efd7-4218-bf71-50601354df88::87581009:87485003:11:1527:20261212;StopPoint:OCETrain TER-87485110;2026-07-29 15:32:00;900;2026-07-29 15:33:00;900;;;;;;;;;;;;;;;;;;;;;;;;;
2026-07-29 13:52:26;OCESN864806F1187_F:TER:FR:Line::e27d87a9-efd7-4218-bf71-50601354df88::87581009:87485003:11:1527:20261212;StopPoint:OCETrain TER-87485003;2026-07-29 15:42:00;900;;;;;;;;;;;;;;;;;;;;;;;;;;;
2026-07-29 13:52:26;OCESN165807F;StopArea:OCE87393009;2026-07-29 13:13:00;180;2026-07-29 13:14:00;180;;;;;;;;;;;;;;;;;StopArea:OCE87393009;Versailles Chantiers;;48.7958260;2.13588300;;;1;
2026-07-29 13:52:26;OCESN5284F1187_F:OUI:FR:Line::F74CC5B5-2F44-4A9F-8336-69F30A4DEC89::87581009:87223263:9:1758:20260816;StopPoint:OCETGV INOUI-87581009;;;2026-07-29 13:03:00;300;;;;;;;;;;;;;;;;;StopPoint:OCETGV INOUI-87581009;Bordeaux Saint-Jean;;44.8258730;-0.5566970;;;0;StopArea:OCE87581009
2026-07-29 13:52:26;OCESN5284F1187_F:OUI:FR:Line::F74CC5B5-2F44-4A9F-8336-69F30A4DEC89::87581009:87223263:9:1758:20260816;StopPoint:OCETGV INOUI-87583005;2026-07-29 13:38:00;300;2026-07-29 13:41:00;300;;;;;;;;;;;;;;;;;StopPoint:OCETGV INOUI-87583005;Angoulême;;45.6535720;0.16460800;;;0;StopArea:OCE87583005
2026-07-29 13:52:26;OCESN5284F1187_F:OUI:FR:Line::F74CC5B5-2F44-4A9F-8336-69F30A4DEC89::87581009:87223263:9:1758:20260816;StopPoint:OCETGV INOUI-87575001;2026-07-29 14:22:00;300;2026-07-29 14:25:00;300;;;;;;;;;;;;;;;;;StopPoint:OCETGV INOUI-87575001;Poitiers;;46.5822320;0.33313600;;;0;StopArea:OCE87575001
2026-07-29 13:52:26;OCESN5284F1187_F:OUI:FR:Line::F74CC5B5-2F44-4A9F-8336-69F30A4DEC89::87581009:87223263:9:1758:20260816;StopPoint:OCETGV INOUI-87571240;2026-07-29 14:57:00;300;2026-07-29 15:01:00;300;;;;;;;;;;;;;;;;;StopPoint:OCETGV INOUI-87571240;Saint-Pierre-des-Corps;;47.3861400;0.72353900;;;0;StopArea:OCE87571240
2026-07-29 13:52:26;OCESN5284F1187_F:OUI:FR:Line::F74CC5B5-2F44-4A9F-8336-69F30A4DEC89::87581009:87223263:9:1758:20260816;StopPoint:OCETGV INOUI-87393702;2026-07-29 15:57:00;300;2026-07-29 16:02:00;300;;;;;;;;;;;;;;;;;StopPoint:OCETGV INOUI-87393702;Massy TGV;;48.7257580;2.26125400;;;0;StopArea:OCE87393702
2026-07-29 13:52:26;OCESN5284F1187_F:OUI:FR:Line::F74CC5B5-2F44-4A9F-8336-69F30A4DEC89::87581009:87223263:9:1758:20260816;StopPoint:OCETGV INOUI-87111849;2026-07-29 16:31:00;300;2026-07-29 16:36:00;300;;;;;;;;;;;;;;;;;StopPoint:OCETGV INOUI-87111849;Marne-la-Vallée Chessy;;48.8698980;2.78262600;;;0;StopArea:OCE87111849
2026-07-29 13:52:26;OCESN5284F1187_F:OUI:FR:Line::F74CC5B5-2F44-4A9F-8336-69F30A4DEC89::87581009:87223263:9:1758:20260816;StopPoint:OCETGV INOUI-87271494;2026-07-29 16:47:00;300;2026-07-29 16:53:00;300;;;;;;;;;;;;;;;;;StopPoint:OCETGV INOUI-87271494;Aéroport Charles de Gaulle 2 TGV;;49.0036180;2.57081200;;;0;StopArea:OCE87271494
2026-07-29 13:52:26;OCESN5284F1187_F:OUI:FR:Line::F74CC5B5-2F44-4A9F-8336-69F30A4DEC89::87581009:87223263:9:1758:20260816;StopPoint:OCETGV INOUI-87313882;2026-07-29 17:20:00;300;2026-07-29 17:36:00;300;;;;;;;;;;;;;;;;;StopPoint:OCETGV INOUI-87313882;TGV Haute Picardie;;49.8591720;2.83161900;;;0;StopArea:OCE87313882
2026-07-29 13:52:26;OCESN5284F1187_F:OUI:FR:Line::F74CC5B5-2F44-4A9F-8336-69F30A4DEC89::87581009:87223263:9:1758:20260816;StopPoint:OCETGV INOUI-87223263;2026-07-29 18:03:00;300;;;;;;;;;;;;;;;;;;;StopPoint:OCETGV INOUI-87223263;Lille Europe;;50.6394000;3.07572100;;;0;StopArea:OCE87223263
2026-07-29 13:52:26;OCESN3313F1187_F:TER:FR:Line::66849E04-284F-47D7-8795-4C925C6ED66F::87384008:87444877:7:1607:20260731;StopPoint:OCETrain TER-87384008;;;2026-07-29 13:09:00;600;;;;;;;;;;;;;;;;;;;;;;;;;
2026-07-29 13:52:26;OCESN3313F1187_F:TER:FR:Line::66849E04-284F-47D7-8795-4C925C6ED66F::87384008:87444877:7:1607:20260731;StopPoint:OCETrain TER-87444000;2026-07-29 15:14:00;1200;2026-07-29 15:17:00;1200;;;;;;;;;;;;;;;;;;;;;;;;;
2026-07-29 13:52:26;OCESN3313F1187_F:TER:FR:Line::66849E04-284F-47D7-8795-4C925C6ED66F::87384008:87444877:7:1607:20260731;StopPoint:OCETrain TER-87444067;2026-07-29 15:32:00;1200;2026-07-29 15:33:00;1200;;;;;;;;;;;;;;;;;;;;;;;;;
2026-07-29 13:52:26;OCESN3313F1187_F:TER:FR:Line::66849E04-284F-47D7-8795-4C925C6ED66F::87384008:87444877:7:1607:20260731;StopPoint:OCETrain TER-87447219;2026-07-29 15:46:00;1200;2026-07-29 15:47:00;1200;;;;;;;;;;;;;;;;;;;;;;;;;
2026-07-29 13:52:26;OCESN3313F1187_F:TER:FR:Line::66849E04-284F-47D7-8795-4C925C6ED66F::87384008:87444877:7:1607:20260731;StopPoint:OCETrain TER-87447243;2026-07-29 15:57:00;1200;2026-07-29 15:58:00;1200;;;;;;;;;;;;;;;;;;;;;;;;;
2026-07-29 13:52:26;OCESN3313F1187_F:TER:FR:Line::66849E04-284F-47D7-8795-4C925C6ED66F::87384008:87444877:7:1607:20260731;StopPoint:OCETrain TER-87447284;2026-07-29 16:11:00;1200;2026-07-29 16:12:00;1200;;;;;;;;;;;;;;;;;;;;;;;;;
2026-07-29 13:52:26;OCESN3313F1187_F:TER:FR:Line::66849E04-284F-47D7-8795-4C925C6ED66F::87384008:87444877:7:1607:20260731;StopPoint:OCETrain TER-87444877;2026-07-29 16:27:00;1200;;;;;;;;;;;;;;;;;;;;;;;;;;;
2026-07-29 13:52:26;OCESN881682F1187_F:TER:FR:Line::D35E42AA-328F-4D2D-8A41-A3756EB2DF07::87755447:87755009:13:1404:20260830;StopPoint:OCETrain TER-87755447;;;2026-07-29 13:04:00;300;;;;;;;;;;;;;;;;;;;;;;;;;
2026-07-29 13:52:26;OCESN881682F1187_F:TER:FR:Line::D35E42AA-328F-4D2D-8A41-A3756EB2DF07::87755447:87755009:13:1404:20260830;StopPoint:OCETrain TER-87755421;2026-07-29 13:08:00;300;2026-07-29 13:08:00;300;;;;;;;;;;;;;;;;;;;;;;;;;
2026-07-29 13:52:26;OCESN881682F1187_F:TER:FR:Line::D35E42AA-328F-4D2D-8A41-A3756EB2DF07::87755447:87755009:13:1404:20260830;StopPoint:OCETrain TER-87755405;2026-07-29 13:14:00;300;2026-07-29 13:15:00;300;;;;;;;;;;;;;;;;;;;;;;;;;
2026-07-29 13:52:26;OCESN881682F1187_F:TER:FR:Line::D35E42AA-328F-4D2D-8A41-A3756EB2DF07::87755447:87755009:13:1404:20260830;StopPoint:OCETrain TER-87755397;2026-07-29 13:21:00;300;2026-07-29 13:22:00;300;;;;;;;;;;;;;;;;;;;;;;;;;
2026-07-29 13:52:26;OCESN881682F1187_F:TER:FR:Line::D35E42AA-328F-4D2D-8A41-A3756EB2DF07::87755447:87755009:13:1404:20260830;StopPoint:OCETrain TER-87755389;2026-07-29 13:26:00;300;2026-07-29 13:27:00;300;;;;;;;;;;;;;;;;;;;;;;;;;
2026-07-29 13:52:26;OCESN881682F1187_F:TER:FR:Line::D35E42AA-328F-4D2D-8A41-A3756EB2DF07::87755447:87755009:13:1404:20260830;StopPoint:OCETrain TER-87755371;2026-07-29 13:30:00;300;2026-07-29 13:37:00;300;;;;;;;;;;;;;;;;;;;;;;;;;
2026-07-29 13:52:26;OCESN881682F1187_F:TER:FR:Line::D35E42AA-328F-4D2D-8A41-A3756EB2DF07::87755447:87755009:13:1404:20260830;StopPoint:OCETrain TER-87755363;2026-07-29 13:41:00;300;2026-07-29 13:42:00;300;;;;;;;;;;;;;;;;;;;;;;;;;
2026-07-29 13:52:26;OCESN881682F1187_F:TER:FR:Line::D35E42AA-328F-4D2D-8A41-A3756EB2DF07::87755447:87755009:13:1404:20260830;StopPoint:OCETrain TER-87755355;2026-07-29 13:46:00;300;2026-07-29 13:47:00;300;;;;;;;;;;;;;;;;;;;;;;;;;
2026-07-29 13:52:26;OCESN881682F1187_F:TER:FR:Line::D35E42AA-328F-4D2D-8A41-A3756EB2DF07::87755447:87755009:13:1404:20260830;StopPoint:OCETrain TER-87755330;2026-07-29 13:51:00;300;2026-07-29 13:52:00;300;;;;;;;;;;;;;;;;;;;;;;;;;
2026-07-29 13:52:26;OCESN881682F1187_F:TER:FR:Line::D35E42AA-328F-4D2D-8A41-A3756EB2DF07::87755447:87755009:13:1404:20260830;StopPoint:OCETrain TER-87755314;2026-07-29 13:57:00;300;2026-07-29 13:58:00;300;;;;;;;;;;;;;;;;;;;;;;;;;
2026-07-29 13:52:26;OCESN881682F1187_F:TER:FR:Line::D35E42AA-328F-4D2D-8A41-A3756EB2DF07::87755447:87755009:13:1404:20260830;StopPoint:OCETrain TER-87755306;2026-07-29 14:00:00;300;2026-07-29 14:01:00;300;;;;;;;;;;;;;;;;;;;;;;;;;
2026-07-29 13:52:26;OCESN881682F1187_F:TER:FR:Line::D35E42AA-328F-4D2D-8A41-A3756EB2DF07::87755447:87755009:13:1404:20260830;StopPoint:OCETrain TER-87742262;2026-07-29 14:04:00;300;2026-07-29 14:05:00;300;;;;;;;;;;;;;;;;;;;;;;;;;
2026-07-29 13:52:26;OCESN881682F1187_F:TER:FR:Line::D35E42AA-328F-4D2D-8A41-A3756EB2DF07::87755447:87755009:13:1404:20260830;StopPoint:OCETrain TER-87755009;2026-07-29 14:09:00;300;;;;;;;;;;;;;;;;;;;;;;;;;;;
2026-07-29 13:52:26;OCESN151954F;StopArea:OCE87684001;;;2026-07-29 13:03:00;60;;;;;;;;;;;;;;;;;;;;;;;;;
2026-07-29 13:52:26;OCESN6258F1187_F:OUI:FR:Line::8EDA0FF6-311A-4C83-8C18-63D890856B43::87784009:87686006:9:1812:20260731;StopPoint:OCETGV INOUI-87781104;2026-07-29 13:37:00;0;2026-07-29 13:45:00;300;;;;;;;;;;;;;;;;;StopPoint:OCETGV INOUI-87781104;Narbonne;;43.1906180;3.00566700;;;0;StopArea:OCE87781104
2026-07-29 13:52:26;OCESN6258F1187_F:OUI:FR:Line::8EDA0FF6-311A-4C83-8C18-63D890856B43::87784009:87686006:9:1812:20260731;StopPoint:OCETGV INOUI-87781005;2026-07-29 13:59:00;300;2026-07-29 14:02:00;300;;;;;;;;;;;;;;;;;StopPoint:OCETGV INOUI-87781005;Béziers;;43.3362950;3.21889500;;;0;StopArea:OCE87781005
2026-07-29 13:52:26;OCESN6258F1187_F:OUI:FR:Line::8EDA0FF6-311A-4C83-8C18-63D890856B43::87784009:87686006:9:1812:20260731;StopPoint:OCETGV INOUI-87781278;2026-07-29 14:15:00;300;2026-07-29 14:18:00;300;;;;;;;;;;;;;;;;;StopPoint:OCETGV INOUI-87781278;Agde;;43.3172800;3.46620300;;;0;StopArea:OCE87781278
2026-07-29 13:52:26;OCESN6258F1187_F:OUI:FR:Line::8EDA0FF6-311A-4C83-8C18-63D890856B43::87784009:87686006:9:1812:20260731;StopPoint:OCETGV INOUI-87773200;2026-07-29 14:31:00;300;2026-07-29 14:34:00;300;;;;;;;;;;;;;;;;;StopPoint:OCETGV INOUI-87773200;Sète;;43.4126410;3.69657100;;;0;StopArea:OCE87773200
2026-07-29 13:52:26;OCESN6258F1187_F:OUI:FR:Line::8EDA0FF6-311A-4C83-8C18-63D890856B43::87784009:87686006:9:1812:20260731;StopPoint:OCETGV INOUI-87688887;2026-07-29 14:50:00;300;2026-07-29 14:56:00;300;;;;;;;;;;;;;;;;;StopPoint:OCETGV INOUI-87688887;Montpellier Sud de France;;43.5951460;3.92400900;;;0;StopArea:OCE87688887
2026-07-29 13:52:26;OCESN6258F1187_F:OUI:FR:Line::8EDA0FF6-311A-4C83-8C18-63D890856B43::87784009:87686006:9:1812:20260731;StopPoint:OCETGV INOUI-87703975;2026-07-29 15:14:00;300;2026-07-29 15:17:00;300;;;;;;;;;;;;;;;;;StopPoint:OCETGV INOUI-87703975;Nîmes Pont du Gard;;43.8168090;4.50767800;;;0;StopArea:OCE87703975
2026-07-29 13:52:26;OCESN6258F1187_F:OUI:FR:Line::8EDA0FF6-311A-4C83-8C18-63D890856B43::87784009:87686006:9:1812:20260731;StopPoint:OCETGV INOUI-87763029;2026-07-29 15:55:00;300;2026-07-29 15:58:00;300;;;;;;;;;;;;;;;;;StopPoint:OCETGV INOUI-87763029;Valence TGV Rhône-Alpes Sud;;44.9919070;4.97865200;;;0;StopArea:OCE87763029
2026-07-29 13:52:26;OCESN6258F1187_F:OUI:FR:Line::8EDA0FF6-311A-4C83-8C18-63D890856B43::87784009:87686006:9:1812:20260731;StopPoint:OCETGV INOUI-87686006;2026-07-29 18:17:00;300;;;;;;;;;;;;;;;;;;;StopPoint:OCETGV INOUI-87686006;Paris Gare de Lyon Hall 1 - 2;;48.8449450;2.37348100;;;0;StopArea:OCE87686006
2026-07-29 13:52:26;OCESN8540F1187_F:OUI:FR:Line::75E9980B-E8DF-4696-8E87-123692055B00::87677005:87391003:7:1756:20260729;StopPoint:OCETGV INOUI-87581009;2026-07-29 15:40:00;0;2026-07-29 16:16:00;1800;;;;;;;;;;;;;;;;;StopPoint:OCETGV INOUI-87581009;Bordeaux Saint-Jean;;44.8258730;-0.5566970;;;0;StopArea:OCE87581009
2026-07-29 13:52:26;OCESN8540F1187_F:OUI:FR:Line::75E9980B-E8DF-4696-8E87-123692055B00::87677005:87391003:7:1756:20260729;StopPoint:OCETGV INOUI-87391003;2026-07-29 18:26:00;1800;;;;;;;;;;;;;;;;;;;StopPoint:OCETGV INOUI-87391003;Paris Montparnasse Hall 1 - 2;;48.8411720;2.32051400;;;0;StopArea:OCE87391003
2026-07-29 13:52:26;OCESN883856F1187_F:TER:FR:Line::F4B0CFE6-18E1-4D06-A749-805E6E29BD07::87746008:87741009:6:1401:20260831;StopPoint:OCETrain TER-87746115;2026-07-29 13:33:00;0;2026-07-29 13:45:00;600;;;;;;;;;;;;;;;;;;;;;;;;;
2026-07-29 13:52:26;OCESN883856F1187_F:TER:FR:Line::F4B0CFE6-18E1-4D06-A749-805E6E29BD07::87746008:87741009:6:1401:20260831;StopPoint:OCETrain TER-87746107;2026-07-29 13:51:00;600;2026-07-29 13:53:00;600;;;;;;;;;;;;;;;;;;;;;;;;;
2026-07-29 13:52:26;OCESN883856F1187_F:TER:FR:Line::F4B0CFE6-18E1-4D06-A749-805E6E29BD07::87746008:87741009:6:1401:20260831;StopPoint:OCETrain TER-87741132;2026-07-29 13:59:00;600;2026-07-29 14:01:00;600;;;;;;;;;;;;;;;;;;;;;;;;;
2026-07-29 13:52:26;OCESN883856F1187_F:TER:FR:Line::F4B0CFE6-18E1-4D06-A749-805E6E29BD07::87746008:87741009:6:1401:20260831;StopPoint:OCETrain TER-87741009;2026-07-29 14:11:00;600;;;;;;;;;;;;;;;;;;;;;;;;;;;
2026-07-29 13:52:26;OCESN30077R1187_R:CTE:FR:Line::02534A5F-903C-454E-A24F-E6E2E23B3CBF::87725689:87696013:8:1406:20261030;StopPoint:OCECar TER-87725812;2026-07-29 13:33:00;600;2026-07-29 13:33:00;600;;;;;;;;;;;;;;;;;;;;;;;;;
2026-07-29 13:52:26;OCESN30077R1187_R:CTE:FR:Line::02534A5F-903C-454E-A24F-E6E2E23B3CBF::87725689:87696013:8:1406:20261030;StopPoint:OCECar TER-87725820;2026-07-29 13:41:00;600;2026-07-29 13:41:00;600;;;;;;;;;;;;;;;;;;;;;;;;;
2026-07-29 13:52:26;OCESN30077R1187_R:CTE:FR:Line::02534A5F-903C-454E-A24F-E6E2E23B3CBF::87725689:87696013:8:1406:20261030;StopPoint:OCECar TER-87725838;2026-07-29 13:50:00;600;2026-07-29 13:50:00;600;;;;;;;;;;;;;;;;;;;;;;;;;
2026-07-29 13:52:26;OCESN30077R1187_R:CTE:FR:Line::02534A5F-903C-454E-A24F-E6E2E23B3CBF::87725689:87696013:8:1406:20261030;StopPoint:OCECar TER-87697706;2026-07-29 14:00:00;600;2026-07-29 14:00:00;600;;;;;;;;;;;;;;;;;;;;;;;;;
2026-07-29 13:52:26;OCESN30077R1187_R:CTE:FR:Line::02534A5F-903C-454E-A24F-E6E2E23B3CBF::87725689:87696013:8:1406:20261030;StopPoint:OCECar TER-87697672;2026-07-29 14:11:00;600;2026-07-29 14:11:00;600;;;;;;;;;;;;;;;;;;;;;;;;;
2026-07-29 13:52:26;OCESN30077R1187_R:CTE:FR:Line::02534A5F-903C-454E-A24F-E6E2E23B3CBF::87725689:87696013:8:1406:20261030;StopPoint:OCECar TER-87696013;2026-07-29 14:16:00;600;;;;;;;;;;;;;;;;;;;;;;;;;;;
2026-07-29 13:52:26;OCESN8874F1187_F:OUI:FR:Line::62C16406-4390-4C30-B97A-94317527CF00::87481002:87391003:4:1522:20260730;StopPoint:OCETGV INOUI-87481002;;;2026-07-29 13:29:00;1500;;;;;;;;;;;;;;;;;StopPoint:OCETGV INOUI-87481002;Nantes;;47.2174910;-1.5420770;;;0;StopArea:OCE87481002
2026-07-29 13:52:26;OCESN8874F1187_F:OUI:FR:Line::62C16406-4390-4C30-B97A-94317527CF00::87481002:87391003:4:1522:20260730;StopPoint:OCETGV INOUI-87484006;2026-07-29 14:06:00;1500;2026-07-29 14:10:00;1500;;;;;;;;;;;;;;;;;StopPoint:OCETGV INOUI-87484006;Angers Saint-Laud;;47.4646490;-0.5567700;;;0;StopArea:OCE87484006
2026-07-29 13:52:26;OCESN8874F1187_F:OUI:FR:Line::62C16406-4390-4C30-B97A-94317527CF00::87481002:87391003:4:1522:20260730;StopPoint:OCETGV INOUI-87396002;2026-07-29 14:48:00;1500;2026-07-29 14:52:00;1500;;;;;;;;;;;;;;;;;StopPoint:OCETGV INOUI-87396002;Le Mans;;47.9956150;0.19261400;;;0;StopArea:OCE87396002
2026-07-29 13:52:26;OCESN8874F1187_F:OUI:FR:Line::62C16406-4390-4C30-B97A-94317527CF00::87481002:87391003:4:1522:20260730;StopPoint:OCETGV INOUI-87391003;2026-07-29 15:47:00;1500;;;;;;;;;;;;;;;;;;;StopPoint:OCETGV INOUI-87391003;Paris Montparnasse Hall 1 - 2;;48.8411720;2.32051400;;;0;StopArea:OCE87391003
2026-07-29 13:52:26;OCESN894106F1187_F:TER:FR:Line::9BD0D04F-0EBE-4E25-954C-3089850CA2C1::87184002:87718007:13:1428:20260730;StopPoint:OCETrain TER-87184002;;;2026-07-29 13:24:00;1200;;;;;;;;;;;;;;;;;;;;;;;;;
2026-07-29 13:52:26;OCESN894106F1187_F:TER:FR:Line::9BD0D04F-0EBE-4E25-954C-3089850CA2C1::87184002:87718007:13:1428:20260730;StopPoint:OCETrain TER-87184507;2026-07-29 13:31:00;1200;2026-07-29 13:32:00;1200;;;;;;;;;;;;;;;;;;;;;;;;;
2026-07-29 13:52:26;OCESN894106F1187_F:TER:FR:Line::9BD0D04F-0EBE-4E25-954C-3089850CA2C1::87184002:87718007:13:1428:20260730;StopPoint:OCETrain TER-87184523;2026-07-29 13:39:00;1200;2026-07-29 13:40:00;1200;;;;;;;;;;;;;;;;;;;;;;;;;
2026-07-29 13:52:26;OCESN894106F1187_F:TER:FR:Line::9BD0D04F-0EBE-4E25-954C-3089850CA2C1::87184002:87718007:13:1428:20260730;StopPoint:OCETrain TER-87184531;2026-07-29 13:44:00;1200;2026-07-29 13:45:00;1200;;;;;;;;;;;;;;;;;;;;;;;;;
2026-07-29 13:52:26;OCESN894106F1187_F:TER:FR:Line::9BD0D04F-0EBE-4E25-954C-3089850CA2C1::87184002:87718007:13:1428:20260730;StopPoint:OCETrain TER-87184556;2026-07-29 13:50:00;1200;2026-07-29 13:51:00;1200;;;;;;;;;;;;;;;;;;;;;;;;;
2026-07-29 13:52:26;OCESN894106F1187_F:TER:FR:Line::9BD0D04F-0EBE-4E25-954C-3089850CA2C1::87184002:87718007:13:1428:20260730;StopPoint:OCETrain TER-87184572;2026-07-29 13:57:00;1200;2026-07-29 13:58:00;1200;;;;;;;;;;;;;;;;;;;;;;;;;
2026-07-29 13:52:26;OCESN894106F1187_F:TER:FR:Line::9BD0D04F-0EBE-4E25-954C-3089850CA2C1::87184002:87718007:13:1428:20260730;StopPoint:OCETrain TER-87184622;2026-07-29 14:06:00;1200;2026-07-29 14:06:00;1200;;;;;;;;;;;;;;;;;;;;;;;;;
2026-07-29 13:52:26;OCESN894106F1187_F:TER:FR:Line::9BD0D04F-0EBE-4E25-954C-3089850CA2C1::87184002:87718007:13:1428:20260730;StopPoint:OCETrain TER-87718460;2026-07-29 14:17:00;1200;2026-07-29 14:18:00;1200;;;;;;;;;;;;;;;;;;;;;;;;;
2026-07-29 13:52:26;OCESN894106F1187_F:TER:FR:Line::9BD0D04F-0EBE-4E25-954C-3089850CA2C1::87184002:87718007:13:1428:20260730;StopPoint:OCETrain TER-87718437;2026-07-29 14:27:00;1200;2026-07-29 14:28:00;1200;;;;;;;;;;;;;;;;;;;;;;;;;
2026-07-29 13:52:26;OCESN894106F1187_F:TER:FR:Line::9BD0D04F-0EBE-4E25-954C-3089850CA2C1::87184002:87718007:13:1428:20260730;StopPoint:OCETrain TER-87718429;2026-07-29 14:31:00;1200;2026-07-29 14:32:00;1200;;;;;;;;;;;;;;;;;;;;;;;;;
2026-07-29 13:52:26;OCESN894106F1187_F:TER:FR:Line::9BD0D04F-0EBE-4E25-954C-3089850CA2C1::87184002:87718007:13:1428:20260730;StopPoint:OCETrain TER-87718411;2026-07-29 14:36:00;1200;2026-07-29 14:37:00;1200;;;;;;;;;;;;;;;;;;;;;;;;;
2026-07-29 13:52:26;OCESN894106F1187_F:TER:FR:Line::9BD0D04F-0EBE-4E25-954C-3089850CA2C1::87184002:87718007:13:1428:20260730;StopPoint:OCETrain TER-87718403;2026-07-29 14:39:00;1200;2026-07-29 14:40:00;1200;;;;;;;;;;;;;;;;;;;;;;;;;
2026-07-29 13:52:26;OCESN894106F1187_F:TER:FR:Line::9BD0D04F-0EBE-4E25-954C-3089850CA2C1::87184002:87718007:13:1428:20260730;StopPoint:OCETrain TER-87718007;2026-07-29 14:48:00;1200;;;;;;;;;;;;;;;;;;;;;;;;;;;
2026-07-29 13:52:26;OCESN43375R1187_R:CTE:FR:Line::BFA6100F-B690-440A-98AB-CC95A35BBA4D::87118190:87118158:11:1346:20260831;StopPoint:OCECar TER-87216143;2026-07-29 13:34:00;300;2026-07-29 13:34:00;300;;;;;;;;;;;;;;;;;;;;;;;;;
2026-07-29 13:52:26;OCESN43375R1187_R:CTE:FR:Line::BFA6100F-B690-440A-98AB-CC95A35BBA4D::87118190:87118158:11:1346:20260831;StopPoint:OCECar TER-87216184;2026-07-29 13:39:00;300;2026-07-29 13:39:00;300;;;;;;;;;;;;;;;;;;;;;;;;;
2026-07-29 13:52:26;OCESN43375R1187_R:CTE:FR:Line::BFA6100F-B690-440A-98AB-CC95A35BBA4D::87118190:87118158:11:1346:20260831;StopPoint:OCECar TER-87112771;2026-07-29 13:41:00;300;2026-07-29 13:41:00;300;;;;;;;;;;;;;;;;;;;;;;;;;
2026-07-29 13:52:26;OCESN43375R1187_R:CTE:FR:Line::BFA6100F-B690-440A-98AB-CC95A35BBA4D::87118190:87118158:11:1346:20260831;StopPoint:OCECar TER-87216127;2026-07-29 13:46:00;300;2026-07-29 13:46:00;300;;;;;;;;;;;;;;;;;;;;;;;;;
2026-07-29 13:52:26;OCESN43375R1187_R:CTE:FR:Line::BFA6100F-B690-440A-98AB-CC95A35BBA4D::87118190:87118158:11:1346:20260831;StopPoint:OCECar TER-87216119;2026-07-29 13:49:00;300;2026-07-29 13:49:00;300;;;;;;;;;;;;;;;;;;;;;;;;;
2026-07-29 13:52:26;OCESN43375R1187_R:CTE:FR:Line::BFA6100F-B690-440A-98AB-CC95A35BBA4D::87118190:87118158:11:1346:20260831;StopPoint:OCECar TER-87118158;2026-07-29 13:51:00;300;;;;;;;;;;;;;;;;;;;;;;;;;;;
2026-07-29 13:52:26;OCESN839582F1187_F:TER:FR:Line::9302e13e-8434-45ce-a5bc-9fe445fd95bc::87184002:87113001:8:1722:20260827;StopPoint:OCETrain TER-87185009;2026-07-29 13:44:00;300;2026-07-29 13:45:00;300;;;;;;;;;;;;;;;;;;;;;;;;;
2026-07-29 13:52:26;OCESN839582F1187_F:TER:FR:Line::9302e13e-8434-45ce-a5bc-9fe445fd95bc::87184002:87113001:8:1722:20260827;StopPoint:OCETrain TER-87142125;2026-07-29 14:23:00;300;2026-07-29 14:25:00;300;;;;;;;;;;;;;;;;;;;;;;;;;
2026-07-29 13:52:26;OCESN839582F1187_F:TER:FR:Line::9302e13e-8434-45ce-a5bc-9fe445fd95bc::87184002:87113001:8:1722:20260827;StopPoint:OCETrain TER-87142091;2026-07-29 14:33:00;300;2026-07-29 14:34:00;300;;;;;;;;;;;;;;;;;;;;;;;;;
2026-07-29 13:52:26;OCESN839582F1187_F:TER:FR:Line::9302e13e-8434-45ce-a5bc-9fe445fd95bc::87184002:87113001:8:1722:20260827;StopPoint:OCETrain TER-87142000;2026-07-29 14:53:00;300;2026-07-29 14:54:00;300;;;;;;;;;;;;;;;;;;;;;;;;;
2026-07-29 13:52:26;OCESN839582F1187_F:TER:FR:Line::9302e13e-8434-45ce-a5bc-9fe445fd95bc::87184002:87113001:8:1722:20260827;StopPoint:OCETrain TER-87175000;2026-07-29 15:36:00;300;2026-07-29 15:37:00;300;;;;;;;;;;;;;;;;;;;;;;;;;
2026-07-29 13:52:26;OCESN839582F1187_F:TER:FR:Line::9302e13e-8434-45ce-a5bc-9fe445fd95bc::87184002:87113001:8:1722:20260827;StopPoint:OCETrain TER-87113001;2026-07-29 17:27:00;300;;;;;;;;;;;;;;;;;;;;;;;;;;;
2026-07-29 13:52:26;OCESN841224F1187_F:TER:FR:Line::A7CE67FF-B9EA-48CF-9123-EBB30BD8D049::87343004:87286005:9:1351:20261211;StopPoint:OCETrain TER-87343004;;;2026-07-29 13:20:00;900;;;;;;;;;;;;;;;;;;;;;;;;;
2026-07-29 13:52:26;OCESN841224F1187_F:TER:FR:Line::A7CE67FF-B9EA-48CF-9123-EBB30BD8D049::87343004:87286005:9:1351:20261211;StopPoint:OCETrain TER-87343103;2026-07-29 13:24:00;600;2026-07-29 13:25:00;600;;;;;;;;;;;;;;;;;;;;;;;;;
2026-07-29 13:52:26;OCESN841224F1187_F:TER:FR:Line::A7CE67FF-B9EA-48CF-9123-EBB30BD8D049::87343004:87286005:9:1351:20261211;StopPoint:OCETrain TER-87286567;2026-07-29 13:29:00;600;2026-07-29 13:30:00;600;;;;;;;;;;;;;;;;;;;;;;;;;
2026-07-29 13:52:26;OCESN841224F1187_F:TER:FR:Line::A7CE67FF-B9EA-48CF-9123-EBB30BD8D049::87343004:87286005:9:1351:20261211;StopPoint:OCETrain TER-87286575;2026-07-29 13:33:00;600;2026-07-29 13:34:00;600;;;;;;;;;;;;;;;;;;;;;;;;;
2026-07-29 13:52:26;OCESN841224F1187_F:TER:FR:Line::A7CE67FF-B9EA-48CF-9123-EBB30BD8D049::87343004:87286005:9:1351:20261211;StopPoint:OCETrain TER-87286583;2026-07-29 13:37:00;600;2026-07-29 13:38:00;600;;;;;;;;;;;;;;;;;;;;;;;;;
2026-07-29 13:52:26;OCESN841224F1187_F:TER:FR:Line::A7CE67FF-B9EA-48CF-9123-EBB30BD8D049::87343004:87286005:9:1351:20261211;StopPoint:OCETrain TER-87286625;2026-07-29 13:43:00;600;2026-07-29 13:44:00;600;;;;;;;;;;;;;;;;;;;;;;;;;
2026-07-29 13:52:26;OCESN841224F1187_F:TER:FR:Line::A7CE67FF-B9EA-48CF-9123-EBB30BD8D049::87343004:87286005:9:1351:20261211;StopPoint:OCETrain TER-87286641;2026-07-29 13:47:00;600;2026-07-29 13:48:00;600;;;;;;;;;;;;;;;;;;;;;;;;;
2026-07-29 13:52:26;OCESN841224F1187_F:TER:FR:Line::A7CE67FF-B9EA-48CF-9123-EBB30BD8D049::87343004:87286005:9:1351:20261211;StopPoint:OCETrain TER-87286849;2026-07-29 13:51:00;600;2026-07-29 13:52:00;600;;;;;;;;;;;;;;;;;;;;;;;;;
2026-07-29 13:52:26;OCESN841224F1187_F:TER:FR:Line::A7CE67FF-B9EA-48CF-9123-EBB30BD8D049::87343004:87286005:9:1351:20261211;StopPoint:OCETrain TER-87286005;2026-07-29 14:01:00;600;;;;;;;;;;;;;;;;;;;;;;;;;;;
2026-07-29 13:52:26;OCESN874130F1187_F:TER:FR:Line::ff177a26-1548-4497-b111-55a3044e9b94::87734202:87732404:14:1425:20260927;StopPoint:OCETrain TER-87734202;;;2026-07-29 13:10:00;300;;;;;;;;;;;;;;;;;;;;;;;;;
2026-07-29 13:52:26;OCESN874130F1187_F:TER:FR:Line::ff177a26-1548-4497-b111-55a3044e9b94::87734202:87732404:14:1425:20260927;StopPoint:OCETrain TER-87734194;2026-07-29 13:19:00;300;2026-07-29 13:20:00;300;;;;;;;;;;;;;;;;;;;;;;;;;
2026-07-29 13:52:26;OCESN874130F1187_F:TER:FR:Line::ff177a26-1548-4497-b111-55a3044e9b94::87734202:87732404:14:1425:20260927;StopPoint:OCETrain TER-87734186;2026-07-29 13:26:00;300;2026-07-29 13:27:00;300;;;;;;;;;;;;;;;;;;;;;;;;;
2026-07-29 13:52:26;OCESN874130F1187_F:TER:FR:Line::ff177a26-1548-4497-b111-55a3044e9b94::87734202:87732404:14:1425:20260927;StopPoint:OCETrain TER-87734178;2026-07-29 13:30:00;300;2026-07-29 13:31:00;300;;;;;;;;;;;;;;;;;;;;;;;;;
2026-07-29 13:52:26;OCESN874130F1187_F:TER:FR:Line::ff177a26-1548-4497-b111-55a3044e9b94::87734202:87732404:14:1425:20260927;StopPoint:OCETrain TER-87734160;2026-07-29 13:35:00;300;2026-07-29 13:36:00;300;;;;;;;;;;;;;;;;;;;;;;;;;
2026-07-29 13:52:26;OCESN874130F1187_F:TER:FR:Line::ff177a26-1548-4497-b111-55a3044e9b94::87734202:87732404:14:1425:20260927;StopPoint:OCETrain TER-87734152;2026-07-29 13:39:00;300;2026-07-29 13:40:00;300;;;;;;;;;;;;;;;;;;;;;;;;;
2026-07-29 13:52:26;OCESN874130F1187_F:TER:FR:Line::ff177a26-1548-4497-b111-55a3044e9b94::87734202:87732404:14:1425:20260927;StopPoint:OCETrain TER-87782607;2026-07-29 13:44:00;300;2026-07-29 13:45:00;300;;;;;;;;;;;;;;;;;;;;;;;;;
2026-07-29 13:52:26;OCESN874130F1187_F:TER:FR:Line::ff177a26-1548-4497-b111-55a3044e9b94::87734202:87732404:14:1425:20260927;StopPoint:OCETrain TER-87734004;2026-07-29 13:49:00;300;2026-07-29 13:53:00;300;;;;;;;;;;;;;;;;;;;;;;;;;
2026-07-29 13:52:26;OCESN874130F1187_F:TER:FR:Line::ff177a26-1548-4497-b111-55a3044e9b94::87734202:87732404:14:1425:20260927;StopPoint:OCETrain TER-87734046;2026-07-29 13:59:00;300;2026-07-29 14:00:00;300;;;;;;;;;;;;;;;;;;;;;;;;;
2026-07-29 13:52:26;OCESN874130F1187_F:TER:FR:Line::ff177a26-1548-4497-b111-55a3044e9b94::87734202:87732404:14:1425:20260927;StopPoint:OCETrain TER-87734053;2026-07-29 14:05:00;300;2026-07-29 14:06:00;300;;;;;;;;;;;;;;;;;;;;;;;;;
2026-07-29 13:52:26;OCESN874130F1187_F:TER:FR:Line::ff177a26-1548-4497-b111-55a3044e9b94::87734202:87732404:14:1425:20260927;StopPoint:OCETrain TER-87734103;2026-07-29 14:11:00;300;2026-07-29 14:12:00;300;;;;;;;;;;;;;;;;;;;;;;;;;
2026-07-29 13:52:26;OCESN874130F1187_F:TER:FR:Line::ff177a26-1548-4497-b111-55a3044e9b94::87734202:87732404:14:1425:20260927;StopPoint:OCETrain TER-87734111;2026-07-29 14:16:00;300;2026-07-29 14:17:00;300;;;;;;;;;;;;;;;;;;;;;;;;;
2026-07-29 13:52:26;OCESN874130F1187_F:TER:FR:Line::ff177a26-1548-4497-b111-55a3044e9b94::87734202:87732404:14:1425:20260927;StopPoint:OCETrain TER-87734129;2026-07-29 14:21:00;300;2026-07-29 14:22:00;300;;;;;;;;;;;;;;;;;;;;;;;;;
2026-07-29 13:52:26;OCESN874130F1187_F:TER:FR:Line::ff177a26-1548-4497-b111-55a3044e9b94::87734202:87732404:14:1425:20260927;StopPoint:OCETrain TER-87732404;2026-07-29 14:30:00;300;;;;;;;;;;;;;;;;;;;;;;;;;;;
2026-07-29 13:52:26;OCESN881633F1187_F:TER:FR:Line::0128E1D5-9183-4D58-B1CF-F5AA5A64A037::87751008:87755629:17:1426:20260729;StopPoint:OCETrain TER-87751750;2026-07-29 13:20:00;0;2026-07-29 13:26:00;300;;;;;;;;;;;;;;;;;;;;;;;;;
2026-07-29 13:52:26;OCESN881633F1187_F:TER:FR:Line::0128E1D5-9183-4D58-B1CF-F5AA5A64A037::87751008:87755629:17:1426:20260729;StopPoint:OCETrain TER-87751776;2026-07-29 13:29:00;60;2026-07-29 13:30:00;60;;;;;;;;;;;;;;;;;;;;;;;;;
2026-07-29 13:52:26;OCESN441018R1187_R:CTE:FR:Line::FD29B74E-D951-45D1-87EB-E7B2BB2E7D6E::87317586:87317263:7:1415:20260821;StopPoint:OCECar TER-87317123;2026-07-29 13:26:00;300;2026-07-29 13:26:00;300;;;;;;;;;;;;;;;;;;;;;;;;;
2026-07-29 13:52:26;OCESN441018R1187_R:CTE:FR:Line::FD29B74E-D951-45D1-87EB-E7B2BB2E7D6E::87317586:87317263:7:1415:20260821;StopPoint:OCECar TER-87317339;2026-07-29 13:52:00;900;2026-07-29 13:52:00;900;;;;;;;;;;;;;;;;;;;;;;;;;
2026-07-29 13:52:26;OCESN441018R1187_R:CTE:FR:Line::FD29B74E-D951-45D1-87EB-E7B2BB2E7D6E::87317586:87317263:7:1415:20260821;StopPoint:OCECar TER-87281071;2026-07-29 14:12:00;900;2026-07-29 14:12:00;900;;;;;;;;;;;;;;;;;;;;;;;;;
2026-07-29 13:52:26;OCESN441018R1187_R:CTE:FR:Line::FD29B74E-D951-45D1-87EB-E7B2BB2E7D6E::87317586:87317263:7:1415:20260821;StopPoint:OCECar TER-87317305;2026-07-29 14:24:00;900;2026-07-29 14:24:00;900;;;;;;;;;;;;;;;;;;;;;;;;;
2026-07-29 13:52:26;OCESN441018R1187_R:CTE:FR:Line::FD29B74E-D951-45D1-87EB-E7B2BB2E7D6E::87317586:87317263:7:1415:20260821;StopPoint:OCECar TER-87317263;2026-07-29 14:30:00;900;;;;;;;;;;;;;;;;;;;;;;;;;;;
2026-07-29 13:52:26;OCESN887128F1187_F:TER:FR:Line::84762773-6B8B-4442-9CC3-2B637DB175D6::87722587:87722025:8:1340:20260926;StopPoint:OCETrain TER-87722579;2026-07-29 13:09:00;0;2026-07-29 13:15:00;300;;;;;;;;;;;;;;;;;;;;;;;;;
2026-07-29 13:52:26;OCESN887128F1187_F:TER:FR:Line::84762773-6B8B-4442-9CC3-2B637DB175D6::87722587:87722025:8:1340:20260926;StopPoint:OCETrain TER-87722561;2026-07-29 13:20:00;300;2026-07-29 13:21:00;300;;;;;;;;;;;;;;;;;;;;;;;;;
2026-07-29 13:52:26;OCESN887128F1187_F:TER:FR:Line::84762773-6B8B-4442-9CC3-2B637DB175D6::87722587:87722025:8:1340:20260926;StopPoint:OCETrain TER-87722546;2026-07-29 13:30:00;600;2026-07-29 13:31:00;600;;;;;;;;;;;;;;;;;;;;;;;;;
2026-07-29 13:52:26;OCESN887128F1187_F:TER:FR:Line::84762773-6B8B-4442-9CC3-2B637DB175D6::87722587:87722025:8:1340:20260926;StopPoint:OCETrain TER-87722538;2026-07-29 13:35:00;600;2026-07-29 13:36:00;600;;;;;;;;;;;;;;;;;;;;;;;;;
2026-07-29 13:52:26;OCESN887128F1187_F:TER:FR:Line::84762773-6B8B-4442-9CC3-2B637DB175D6::87722587:87722025:8:1340:20260926;StopPoint:OCETrain TER-87728501;2026-07-29 13:39:00;600;2026-07-29 13:40:00;600;;;;;;;;;;;;;;;;;;;;;;;;;
2026-07-29 13:52:26;OCESN887128F1187_F:TER:FR:Line::84762773-6B8B-4442-9CC3-2B637DB175D6::87722587:87722025:8:1340:20260926;StopPoint:OCETrain TER-87282624;2026-07-29 13:44:00;600;2026-07-29 13:46:00;600;;;;;;;;;;;;;;;;;;;;;;;;;
2026-07-29 13:52:26;OCESN887128F1187_F:TER:FR:Line::84762773-6B8B-4442-9CC3-2B637DB175D6::87722587:87722025:8:1340:20260926;StopPoint:OCETrain TER-87722025;2026-07-29 13:50:00;600;;;;;;;;;;;;;;;;;;;;;;;;;;;
2026-07-29 13:52:26;OCESN147820F;StopArea:OCE87545525;;;2026-07-29 13:11:00;240;;;;;;;;;;;;;;;;;;;;;;;;;
2026-07-29 13:52:26;OCESA86043F5111_F:TER:FR:Line::0c436faa-ccd8-4cb5-9b79-1c8a701364c4::87757724:83045013:23:1518:20260729;StopPoint:OCETrain TER-87757757;2026-07-29 13:32:00;0;2026-07-29 13:40:00;300;;;;;;;;;;;;;;;;;;;;;;;;;
2026-07-29 13:52:26;OCESA86043F5111_F:TER:FR:Line::0c436faa-ccd8-4cb5-9b79-1c8a701364c4::87757724:83045013:23:1518:20260729;StopPoint:OCETrain TER-87757625;2026-07-29 13:45:00;300;2026-07-29 13:47:00;300;;;;;;;;;;;;;;;;;;;;;;;;;
2026-07-29 13:52:26;OCESA86043F5111_F:TER:FR:Line::0c436faa-ccd8-4cb5-9b79-1c8a701364c4::87757724:83045013:23:1518:20260729;StopPoint:OCETrain TER-87757641;2026-07-29 13:49:00;120;2026-07-29 13:50:00;120;;;;;;;;;;;;;;;;;;;;;;;;;
2026-07-29 13:52:26;OCESA86043F5111_F:TER:FR:Line::0c436faa-ccd8-4cb5-9b79-1c8a701364c4::87757724:83045013:23:1518:20260729;StopPoint:OCETrain TER-87757666;2026-07-29 13:51:00;60;2026-07-29 13:51:00;0;;;;;;;;;;;;;;;;;;;;;;;;;
2026-07-29 13:52:26;OCESN406524R1187_R:CTE:FR:Line::06C24CB9-71E3-4CC4-BB31-E6285EB38AE1::87698332:87722728:7:1411:20260821;StopPoint:OCECar TER-87721175;2026-07-29 13:30:00;300;2026-07-29 13:30:00;300;;;;;;;;;;;;;;;;;;;;;;;;;
2026-07-29 13:52:26;OCESN406524R1187_R:CTE:FR:Line::06C24CB9-71E3-4CC4-BB31-E6285EB38AE1::87698332:87722728:7:1411:20260821;StopPoint:OCECar TER-87698274;2026-07-29 13:40:00;300;2026-07-29 13:40:00;300;;;;;;;;;;;;;;;;;;;;;;;;;
2026-07-29 13:52:26;OCESN406524R1187_R:CTE:FR:Line::06C24CB9-71E3-4CC4-BB31-E6285EB38AE1::87698332:87722728:7:1411:20260821;StopPoint:OCECar TER-87698381;2026-07-29 13:49:00;300;2026-07-29 13:49:00;300;;;;;;;;;;;;;;;;;;;;;;;;;
2026-07-29 13:52:26;OCESN406524R1187_R:CTE:FR:Line::06C24CB9-71E3-4CC4-BB31-E6285EB38AE1::87698332:87722728:7:1411:20260821;StopPoint:OCECar TER-87722702;2026-07-29 13:58:00;300;2026-07-29 13:58:00;300;;;;;;;;;;;;;;;;;;;;;;;;;
2026-07-29 13:52:26;OCESN406524R1187_R:CTE:FR:Line::06C24CB9-71E3-4CC4-BB31-E6285EB38AE1::87698332:87722728:7:1411:20260821;StopPoint:OCECar TER-87722710;2026-07-29 14:07:00;300;2026-07-29 14:07:00;300;;;;;;;;;;;;;;;;;;;;;;;;;
2026-07-29 13:52:26;OCESN406524R1187_R:CTE:FR:Line::06C24CB9-71E3-4CC4-BB31-E6285EB38AE1::87698332:87722728:7:1411:20260821;StopPoint:OCECar TER-87722728;2026-07-29 14:16:00;300;;;;;;;;;;;;;;;;;;;;;;;;;;;
2026-07-29 13:52:26;OCESN17406F1187_F:TER:FR:Line::D8A35CDB-1E23-4664-AC9E-4A8272915DC3::87751008:87763607:19:1755:20261211;StopPoint:OCETrain TER-87751008;;;2026-07-29 13:16:00;300;;;;;;;;;;;;;;;;;;;;;;;;;
2026-07-29 13:52:26;OCESN152952F;StopArea:OCE87686006;2026-07-29 14:14:00;60;;;;;;;;;;;;;;;;;;;StopArea:OCE87686006;Paris Gare de Lyon Hall 1 - 2;;48.8449450;2.37348100;;;1;
2026-07-29 13:52:26;OCESN857516F1187_F:TER:FR:Line::08AFFE9A-2809-4FB2-AD6C-C50161E2E96A::87481002:87484006:7:1411:20260925;StopPoint:OCETrain TER-87481002;;;2026-07-29 13:39:00;1500;;;;;;;;;;;;;;;;;;;;;;;;;
2026-07-29 13:52:26;OCESN857516F1187_F:TER:FR:Line::08AFFE9A-2809-4FB2-AD6C-C50161E2E96A::87481002:87484006:7:1411:20260925;StopPoint:OCETrain TER-87481192;2026-07-29 13:56:00;1500;2026-07-29 13:57:00;1500;;;;;;;;;;;;;;;;;;;;;;;;;
2026-07-29 13:52:26;OCESN857516F1187_F:TER:FR:Line::08AFFE9A-2809-4FB2-AD6C-C50161E2E96A::87481002:87484006:7:1411:20260925;StopPoint:OCETrain TER-87484386;2026-07-29 14:04:00;1500;2026-07-29 14:05:00;1500;;;;;;;;;;;;;;;;;;;;;;;;;
2026-07-29 13:52:26;OCESN857516F1187_F:TER:FR:Line::08AFFE9A-2809-4FB2-AD6C-C50161E2E96A::87481002:87484006:7:1411:20260925;StopPoint:OCETrain TER-87484360;2026-07-29 14:11:00;1500;2026-07-29 14:12:00;1500;;;;;;;;;;;;;;;;;;;;;;;;;
2026-07-29 13:52:26;OCESN857516F1187_F:TER:FR:Line::08AFFE9A-2809-4FB2-AD6C-C50161E2E96A::87481002:87484006:7:1411:20260925;StopPoint:OCETrain TER-87484352;2026-07-29 14:15:00;1500;2026-07-29 14:16:00;1500;;;;;;;;;;;;;;;;;;;;;;;;;
2026-07-29 13:52:26;OCESN857516F1187_F:TER:FR:Line::08AFFE9A-2809-4FB2-AD6C-C50161E2E96A::87481002:87484006:7:1411:20260925;StopPoint:OCETrain TER-87484337;2026-07-29 14:25:00;1500;2026-07-29 14:26:00;1500;;;;;;;;;;;;;;;;;;;;;;;;;
2026-07-29 13:52:26;OCESN857516F1187_F:TER:FR:Line::08AFFE9A-2809-4FB2-AD6C-C50161E2E96A::87481002:87484006:7:1411:20260925;StopPoint:OCETrain TER-87484006;2026-07-29 14:36:00;1500;;;;;;;;;;;;;;;;;;;;;;;;;;;
2026-07-29 13:52:26;OCESN831712F1187_F:TER:FR:Line::0D8BFBF7-551C-44B1-8DF9-465F01EEE633::87212027:87214056:20:1432:20261211;StopPoint:OCETrain TER-87214320;2026-07-29 13:47:00;0;2026-07-29 13:52:00;300;;;;;;;;;;;;;;;;;;;;;;;;;
2026-07-29 13:52:26;OCESN831712F1187_F:TER:FR:Line::0D8BFBF7-551C-44B1-8DF9-465F01EEE633::87212027:87214056:20:1432:20261211;StopPoint:OCETrain TER-87214296;2026-07-29 13:55:00;300;2026-07-29 13:55:00;300;;;;;;;;;;;;;;;;;;;;;;;;;
2026-07-29 13:52:26;OCESN831712F1187_F:TER:FR:Line::0D8BFBF7-551C-44B1-8DF9-465F01EEE633::87212027:87214056:20:1432:20261211;StopPoint:OCETrain TER-87214288;2026-07-29 13:59:00;300;2026-07-29 14:00:00;300;;;;;;;;;;;;;;;;;;;;;;;;;
2026-07-29 13:52:26;OCESN831712F1187_F:TER:FR:Line::0D8BFBF7-551C-44B1-8DF9-465F01EEE633::87212027:87214056:20:1432:20261211;StopPoint:OCETrain TER-87214270;2026-07-29 14:04:00;300;2026-07-29 14:04:00;300;;;;;;;;;;;;;;;;;;;;;;;;;
2026-07-29 13:52:26;OCESN831712F1187_F:TER:FR:Line::0D8BFBF7-551C-44B1-8DF9-465F01EEE633::87212027:87214056:20:1432:20261211;StopPoint:OCETrain TER-87214254;2026-07-29 14:07:00;300;2026-07-29 14:07:00;300;;;;;;;;;;;;;;;;;;;;;;;;;
2026-07-29 13:52:26;OCESN831712F1187_F:TER:FR:Line::0D8BFBF7-551C-44B1-8DF9-465F01EEE633::87212027:87214056:20:1432:20261211;StopPoint:OCETrain TER-87214247;2026-07-29 14:10:00;300;2026-07-29 14:16:00;300;;;;;;;;;;;;;;;;;;;;;;;;;
2026-07-29 13:52:26;OCESN831712F1187_F:TER:FR:Line::0D8BFBF7-551C-44B1-8DF9-465F01EEE633::87212027:87214056:20:1432:20261211;StopPoint:OCETrain TER-87214239;2026-07-29 14:19:00;300;2026-07-29 14:19:00;300;;;;;;;;;;;;;;;;;;;;;;;;;
2026-07-29 13:52:26;OCESN831712F1187_F:TER:FR:Line::0D8BFBF7-551C-44B1-8DF9-465F01EEE633::87212027:87214056:20:1432:20261211;StopPoint:OCETrain TER-87214221;2026-07-29 14:22:00;300;2026-07-29 14:23:00;300;;;;;;;;;;;;;;;;;;;;;;;;;
2026-07-29 13:52:26;OCESN831712F1187_F:TER:FR:Line::0D8BFBF7-551C-44B1-8DF9-465F01EEE633::87212027:87214056:20:1432:20261211;StopPoint:OCETrain TER-87214213;2026-07-29 14:28:00;300;2026-07-29 14:28:00;300;;;;;;;;;;;;;;;;;;;;;;;;;
2026-07-29 13:52:26;OCESN831712F1187_F:TER:FR:Line::0D8BFBF7-551C-44B1-8DF9-465F01EEE633::87212027:87214056:20:1432:20261211;StopPoint:OCETrain TER-87214205;2026-07-29 14:32:00;300;2026-07-29 14:32:00;300;;;;;;;;;;;;;;;;;;;;;;;;;
2026-07-29 13:52:26;OCESN831712F1187_F:TER:FR:Line::0D8BFBF7-551C-44B1-8DF9-465F01EEE633::87212027:87214056:20:1432:20261211;StopPoint:OCETrain TER-87214056;2026-07-29 14:37:00;300;;;;;;;;;;;;;;;;;;;;;;;;;;;
2026-07-29 13:52:26;OCESN842481F1187_F:TER:FR:Line::18E717A0-950C-40A2-8F27-98A8EE8ADD20::87286005:87342006:14:1411:20261211;StopPoint:OCETrain TER-87286005;;;2026-07-29 13:25:00;600;;;;;;;;;;;;;;;;;;;;;;;;;
2026-07-29 13:52:26;OCESN842481F1187_F:TER:FR:Line::18E717A0-950C-40A2-8F27-98A8EE8ADD20::87286005:87342006:14:1411:20261211;StopPoint:OCETrain TER-87287250;2026-07-29 13:32:00;600;2026-07-29 13:33:00;600;;;;;;;;;;;;;;;;;;;;;;;;;
2026-07-29 13:52:26;OCESN842481F1187_F:TER:FR:Line::18E717A0-950C-40A2-8F27-98A8EE8ADD20::87286005:87342006:14:1411:20261211;StopPoint:OCETrain TER-87109306;2026-07-29 13:36:00;600;2026-07-29 13:37:00;600;;;;;;;;;;;;;;;;;;;;;;;;;
2026-07-29 13:52:26;OCESN842481F1187_F:TER:FR:Line::18E717A0-950C-40A2-8F27-98A8EE8ADD20::87286005:87342006:14:1411:20261211;StopPoint:OCETrain TER-87286112;2026-07-29 13:38:00;600;2026-07-29 13:39:00;600;;;;;;;;;;;;;;;;;;;;;;;;;
2026-07-29 13:52:26;OCESN842481F1187_F:TER:FR:Line::18E717A0-950C-40A2-8F27-98A8EE8ADD20::87286005:87342006:14:1411:20261211;StopPoint:OCETrain TER-87286096;2026-07-29 13:42:00;600;2026-07-29 13:43:00;600;;;;;;;;;;;;;;;;;;;;;;;;;
2026-07-29 13:52:26;OCESN842481F1187_F:TER:FR:Line::18E717A0-950C-40A2-8F27-98A8EE8ADD20::87286005:87342006:14:1411:20261211;StopPoint:OCETrain TER-87286401;2026-07-29 13:45:00;600;2026-07-29 13:46:00;600;;;;;;;;;;;;;;;;;;;;;;;;;
2026-07-29 13:52:26;OCESN842481F1187_F:TER:FR:Line::18E717A0-950C-40A2-8F27-98A8EE8ADD20::87286005:87342006:14:1411:20261211;StopPoint:OCETrain TER-87286419;2026-07-29 13:49:00;600;2026-07-29 13:50:00;600;;;;;;;;;;;;;;;;;;;;;;;;;
2026-07-29 13:52:26;OCESN842481F1187_F:TER:FR:Line::18E717A0-950C-40A2-8F27-98A8EE8ADD20::87286005:87342006:14:1411:20261211;StopPoint:OCETrain TER-87286435;2026-07-29 13:53:00;600;2026-07-29 13:54:00;600;;;;;;;;;;;;;;;;;;;;;;;;;
2026-07-29 13:52:26;OCESN842481F1187_F:TER:FR:Line::18E717A0-950C-40A2-8F27-98A8EE8ADD20::87286005:87342006:14:1411:20261211;StopPoint:OCETrain TER-87342469;2026-07-29 13:58:00;600;2026-07-29 13:59:00;600;;;;;;;;;;;;;;;;;;;;;;;;;
2026-07-29 13:52:26;OCESN842481F1187_F:TER:FR:Line::18E717A0-950C-40A2-8F27-98A8EE8ADD20::87286005:87342006:14:1411:20261211;StopPoint:OCETrain TER-87342451;2026-07-29 14:01:00;600;2026-07-29 14:02:00;600;;;;;;;;;;;;;;;;;;;;;;;;;
2026-07-29 13:52:26;OCESN842481F1187_F:TER:FR:Line::18E717A0-950C-40A2-8F27-98A8EE8ADD20::87286005:87342006:14:1411:20261211;StopPoint:OCETrain TER-87342436;2026-07-29 14:05:00;600;2026-07-29 14:06:00;600;;;;;;;;;;;;;;;;;;;;;;;;;
2026-07-29 13:52:26;OCESN842481F1187_F:TER:FR:Line::18E717A0-950C-40A2-8F27-98A8EE8ADD20::87286005:87342006:14:1411:20261211;StopPoint:OCETrain TER-87342410;2026-07-29 14:10:00;600;2026-07-29 14:11:00;600;;;;;;;;;;;;;;;;;;;;;;;;;
2026-07-29 13:52:26;OCESN842481F1187_F:TER:FR:Line::18E717A0-950C-40A2-8F27-98A8EE8ADD20::87286005:87342006:14:1411:20261211;StopPoint:OCETrain TER-87342402;2026-07-29 14:14:00;600;2026-07-29 14:15:00;600;;;;;;;;;;;;;;;;;;;;;;;;;
2026-07-29 13:52:26;OCESN842481F1187_F:TER:FR:Line::18E717A0-950C-40A2-8F27-98A8EE8ADD20::87286005:87342006:14:1411:20261211;StopPoint:OCETrain TER-87342006;2026-07-29 14:21:00;600;;;;;;;;;;;;;;;;;;;;;;;;;;;
2026-07-29 13:52:26;OCESN151843F;StopArea:OCE87686006;;;2026-07-29 13:17:00;60;;;;;;;;;;;;;;;;;StopArea:OCE87686006;Paris Gare de Lyon Hall 1 - 2;;48.8449450;2.37348100;;;1;
2026-07-29 13:52:26;OCESN151843F;StopArea:OCE87684126;2026-07-29 14:25:00;120;2026-07-29 14:26:00;120;;;;;;;;;;;;;;;;;;;;;;;;;
2026-07-29 13:52:26;OCESN151843F;StopArea:OCE87684001;2026-07-29 14:57:00;60;;;;;;;;;;;;;;;;;;;;;;;;;;;
2026-07-29 13:52:26;OCESN145407F;StopArea:OCE87545244;;;2026-07-29 13:18:00;60;;;;;;;;;;;;;;;;;;;;;;;;;
2026-07-29 13:52:26;OCESN145407F;StopArea:OCE87545137;2026-07-29 13:59:00;60;;;;;;;;;;;;;;;;;;;;;;;;;;;
2026-07-29 13:52:26;OCESN9830F1187_F:OUI:FR:Line::A6C76228-9224-4C48-8B92-80FC80F093E2::88140010:87751008:8:1846:20260802;StopPoint:OCETGV INOUI-88140010;;;2026-07-29 13:22:00;300;;;;;;;;;;;;;;;;;StopPoint:OCETGV INOUI-88140010;Bruxelles Midi;;50.8360000;4.33600000;;;0;StopArea:OCE88140010
2026-07-29 13:52:26;OCESN9830F1187_F:OUI:FR:Line::A6C76228-9224-4C48-8B92-80FC80F093E2::88140010:87751008:8:1846:20260802;StopPoint:OCETGV INOUI-87223263;2026-07-29 13:56:00;300;2026-07-29 14:06:00;300;;;;;;;;;;;;;;;;;StopPoint:OCETGV INOUI-87223263;Lille Europe;;50.6394000;3.07572100;;;0;StopArea:OCE87223263
2026-07-29 13:52:26;OCESN9830F1187_F:OUI:FR:Line::A6C76228-9224-4C48-8B92-80FC80F093E2::88140010:87751008:8:1846:20260802;StopPoint:OCETGV INOUI-87271494;2026-07-29 14:56:00;300;2026-07-29 15:03:00;300;;;;;;;;;;;;;;;;;StopPoint:OCETGV INOUI-87271494;Aéroport Charles de Gaulle 2 TGV;;49.0036180;2.57081200;;;0;StopArea:OCE87271494
2026-07-29 13:52:26;OCESN9830F1187_F:OUI:FR:Line::A6C76228-9224-4C48-8B92-80FC80F093E2::88140010:87751008:8:1846:20260802;StopPoint:OCETGV INOUI-87111849;2026-07-29 15:14:00;300;2026-07-29 15:18:00;300;;;;;;;;;;;;;;;;;StopPoint:OCETGV INOUI-87111849;Marne-la-Vallée Chessy;;48.8698980;2.78262600;;;0;StopArea:OCE87111849
2026-07-29 13:52:26;OCESN9830F1187_F:OUI:FR:Line::A6C76228-9224-4C48-8B92-80FC80F093E2::88140010:87751008:8:1846:20260802;StopPoint:OCETGV INOUI-87723197;2026-07-29 17:04:00;300;2026-07-29 17:11:00;300;;;;;;;;;;;;;;;;;StopPoint:OCETGV INOUI-87723197;Lyon Part Dieu;;45.7605960;4.85940900;;;0;StopArea:OCE87723197
2026-07-29 13:52:26;OCESN9830F1187_F:OUI:FR:Line::A6C76228-9224-4C48-8B92-80FC80F093E2::88140010:87751008:8:1846:20260802;StopPoint:OCETGV INOUI-87318964;2026-07-29 18:14:00;300;2026-07-29 18:17:00;300;;;;;;;;;;;;;;;;;StopPoint:OCETGV INOUI-87318964;Avignon TGV;;43.9219400;4.78613600;;;0;StopArea:OCE87318964
2026-07-29 13:52:26;OCESN9830F1187_F:OUI:FR:Line::A6C76228-9224-4C48-8B92-80FC80F093E2::88140010:87751008:8:1846:20260802;StopPoint:OCETGV INOUI-87319012;2026-07-29 18:36:00;300;2026-07-29 18:39:00;300;;;;;;;;;;;;;;;;;StopPoint:OCETGV INOUI-87319012;Aix-en-Provence TGV;;43.4552370;5.31753400;;;0;StopArea:OCE87319012
2026-07-29 13:52:26;OCESN9830F1187_F:OUI:FR:Line::A6C76228-9224-4C48-8B92-80FC80F093E2::88140010:87751008:8:1846:20260802;StopPoint:OCETGV INOUI-87751008;2026-07-29 18:51:00;300;;;;;;;;;;;;;;;;;;;StopPoint:OCETGV INOUI-87751008;Marseille Saint-Charles;;43.3026660;5.38040700;;;0;StopArea:OCE87751008
2026-07-29 13:52:26;OCESN9874F1187_F:OUI:FR:Line::53F2E1D2-2532-4CBF-9213-90D7962D5212::88140010:87212027:7:1737:20260805;StopPoint:OCETGV INOUI-87223263;2026-07-29 13:56:00;300;2026-07-29 14:06:00;300;;;;;;;;;;;;;;;;;StopPoint:OCETGV INOUI-87223263;Lille Europe;;50.6394000;3.07572100;;;0;StopArea:OCE87223263
2026-07-29 13:52:26;OCESN9874F1187_F:OUI:FR:Line::53F2E1D2-2532-4CBF-9213-90D7962D5212::88140010:87212027:7:1737:20260805;StopPoint:OCETGV INOUI-87271494;2026-07-29 14:56:00;300;2026-07-29 15:03:00;300;;;;;;;;;;;;;;;;;StopPoint:OCETGV INOUI-87271494;Aéroport Charles de Gaulle 2 TGV;;49.0036180;2.57081200;;;0;StopArea:OCE87271494
2026-07-29 13:52:26;OCESN9874F1187_F:OUI:FR:Line::53F2E1D2-2532-4CBF-9213-90D7962D5212::88140010:87212027:7:1737:20260805;StopPoint:OCETGV INOUI-87111849;2026-07-29 15:14:00;300;2026-07-29 15:31:00;300;;;;;;;;;;;;;;;;;StopPoint:OCETGV INOUI-87111849;Marne-la-Vallée Chessy;;48.8698980;2.78262600;;;0;StopArea:OCE87111849
2026-07-29 13:52:26;OCESN9874F1187_F:OUI:FR:Line::53F2E1D2-2532-4CBF-9213-90D7962D5212::88140010:87212027:7:1737:20260805;StopPoint:OCETGV INOUI-87171926;2026-07-29 16:01:00;300;2026-07-29 16:09:00;300;;;;;;;;;;;;;;;;;StopPoint:OCETGV INOUI-87171926;Champagne-Ardenne TGV;;49.2147690;3.99452300;;;0;StopArea:OCE87171926
2026-07-29 13:52:26;OCESN9874F1187_F:OUI:FR:Line::53F2E1D2-2532-4CBF-9213-90D7962D5212::88140010:87212027:7:1737:20260805;StopPoint:OCETGV INOUI-87142109;2026-07-29 16:53:00;300;2026-07-29 16:56:00;300;;;;;;;;;;;;;;;;;StopPoint:OCETGV INOUI-87142109;Lorraine TGV;;48.9477130;6.16977800;;;0;StopArea:OCE87142109
2026-07-29 13:52:26;OCESN9874F1187_F:OUI:FR:Line::53F2E1D2-2532-4CBF-9213-90D7962D5212::88140010:87212027:7:1737:20260805;StopPoint:OCETGV INOUI-87212027;2026-07-29 17:42:00;300;;;;;;;;;;;;;;;;;;;StopPoint:OCETGV INOUI-87212027;Strasbourg;;48.5851100;7.73388200;;;0;StopArea:OCE87212027
2026-07-29 13:52:26;OCESN37268R1187_R:CTE:FR:Line::82F900E6-8684-48AD-91E2-B0BB06BF82F9::87683789:87683573:9:1421:20260730;StopPoint:OCECar TER-87683722;2026-07-29 13:34:00;300;2026-07-29 13:34:00;300;;;;;;;;;;;;;;;;;;;;;;;;;
2026-07-29 13:52:26;OCESN37268R1187_R:CTE:FR:Line::82F900E6-8684-48AD-91E2-B0BB06BF82F9::87683789:87683573:9:1421:20260730;StopPoint:OCECar TER-87677195;2026-07-29 13:39:00;300;2026-07-29 13:39:00;300;;;;;;;;;;;;;;;;;;;;;;;;;
2026-07-29 13:52:26;OCESN37268R1187_R:CTE:FR:Line::82F900E6-8684-48AD-91E2-B0BB06BF82F9::87683789:87683573:9:1421:20260730;StopPoint:OCECar TER-87683680;2026-07-29 13:45:00;300;2026-07-29 13:45:00;300;;;;;;;;;;;;;;;;;;;;;;;;;
2026-07-29 13:52:26;OCESN37268R1187_R:CTE:FR:Line::82F900E6-8684-48AD-91E2-B0BB06BF82F9::87683789:87683573:9:1421:20260730;StopPoint:OCECar TER-87677245;2026-07-29 13:47:00;300;2026-07-29 13:47:00;300;;;;;;;;;;;;;;;;;;;;;;;;;
2026-07-29 13:52:26;OCESN37268R1187_R:CTE:FR:Line::82F900E6-8684-48AD-91E2-B0BB06BF82F9::87683789:87683573:9:1421:20260730;StopPoint:OCECar TER-87683664;2026-07-29 13:50:00;300;2026-07-29 13:50:00;300;;;;;;;;;;;;;;;;;;;;;;;;;
2026-07-29 13:52:26;OCESN37268R1187_R:CTE:FR:Line::82F900E6-8684-48AD-91E2-B0BB06BF82F9::87683789:87683573:9:1421:20260730;StopPoint:OCECar TER-87677252;2026-07-29 14:01:00;300;2026-07-29 14:01:00;300;;;;;;;;;;;;;;;;;;;;;;;;;
2026-07-29 13:52:26;OCESN37268R1187_R:CTE:FR:Line::82F900E6-8684-48AD-91E2-B0BB06BF82F9::87683789:87683573:9:1421:20260730;StopPoint:OCECar TER-87683631;2026-07-29 14:11:00;300;2026-07-29 14:11:00;300;;;;;;;;;;;;;;;;;;;;;;;;;
2026-07-29 13:52:26;OCESN37268R1187_R:CTE:FR:Line::82F900E6-8684-48AD-91E2-B0BB06BF82F9::87683789:87683573:9:1421:20260730;StopPoint:OCECar TER-87683573;2026-07-29 14:26:00;300;;;;;;;;;;;;;;;;;;;;;;;;;;;
2026-07-29 13:52:26;OCESN43914R1187_R:CTE:FR:Line::2311A20B-BEEF-401A-81B7-0A59D50C8C19::87213256:87193821:7:1346:20261211;StopPoint:OCECar TER-87406926;2026-07-29 13:35:00;300;2026-07-29 13:35:00;300;;;;;;;;;;;;;;;;;;;;;;;;;
2026-07-29 13:52:26;OCESN43914R1187_R:CTE:FR:Line::2311A20B-BEEF-401A-81B7-0A59D50C8C19::87213256:87193821:7:1346:20261211;StopPoint:OCECar TER-87213298;2026-07-29 13:40:00;300;2026-07-29 13:40:00;300;;;;;;;;;;;;;;;;;;;;;;;;;
2026-07-29 13:52:26;OCESN43914R1187_R:CTE:FR:Line::2311A20B-BEEF-401A-81B7-0A59D50C8C19::87213256:87193821:7:1346:20261211;StopPoint:OCECar TER-87668152;2026-07-29 13:43:00;300;2026-07-29 13:43:00;300;;;;;;;;;;;;;;;;;;;;;;;;;
2026-07-29 13:52:26;OCESN43914R1187_R:CTE:FR:Line::2311A20B-BEEF-401A-81B7-0A59D50C8C19::87213256:87193821:7:1346:20261211;StopPoint:OCECar TER-87193821;2026-07-29 13:51:00;300;;;;;;;;;;;;;;;;;;;;;;;;;;;
2026-07-29 13:52:26;OCESN43964R1187_R:CTE:FR:Line::510B9A71-D5BA-4662-BBF4-52C37975DCD5::87212142:87936989:8:1345:20260831;StopPoint:OCECar TER-87639922;2026-07-29 13:37:00;300;2026-07-29 13:37:00;300;;;;;;;;;;;;;;;;;;;;;;;;;
2026-07-29 13:52:26;OCESN43964R1187_R:CTE:FR:Line::510B9A71-D5BA-4662-BBF4-52C37975DCD5::87212142:87936989:8:1345:20260831;StopPoint:OCECar TER-87639930;2026-07-29 13:40:00;300;2026-07-29 13:40:00;300;;;;;;;;;;;;;;;;;;;;;;;;;
2026-07-29 13:52:26;OCESN43964R1187_R:CTE:FR:Line::510B9A71-D5BA-4662-BBF4-52C37975DCD5::87212142:87936989:8:1345:20260831;StopPoint:OCECar TER-87639948;2026-07-29 13:41:00;300;2026-07-29 13:41:00;300;;;;;;;;;;;;;;;;;;;;;;;;;
2026-07-29 13:52:26;OCESN43964R1187_R:CTE:FR:Line::510B9A71-D5BA-4662-BBF4-52C37975DCD5::87212142:87936989:8:1345:20260831;StopPoint:OCECar TER-87639955;2026-07-29 13:42:00;300;2026-07-29 13:42:00;300;;;;;;;;;;;;;;;;;;;;;;;;;
2026-07-29 13:52:26;OCESN43964R1187_R:CTE:FR:Line::510B9A71-D5BA-4662-BBF4-52C37975DCD5::87212142:87936989:8:1345:20260831;StopPoint:OCECar TER-87213827;2026-07-29 13:45:00;300;2026-07-29 13:45:00;300;;;;;;;;;;;;;;;;;;;;;;;;;
2026-07-29 13:52:26;OCESN43964R1187_R:CTE:FR:Line::510B9A71-D5BA-4662-BBF4-52C37975DCD5::87212142:87936989:8:1345:20260831;StopPoint:OCECar TER-87639971;2026-07-29 13:46:00;300;2026-07-29 13:46:00;300;;;;;;;;;;;;;;;;;;;;;;;;;
2026-07-29 13:52:26;OCESN43964R1187_R:CTE:FR:Line::510B9A71-D5BA-4662-BBF4-52C37975DCD5::87212142:87936989:8:1345:20260831;StopPoint:OCECar TER-87936989;2026-07-29 13:50:00;300;;;;;;;;;;;;;;;;;;;;;;;;;;;
2026-07-29 13:52:26;OCESN96253F1187_F:TER:FR:Line::297ec911-6fdb-4544-9c77-12ea9183d1b1::87212027:87182139:5:1430:20261211;StopPoint:OCETrain TER-87212027;;;2026-07-29 13:26:00;300;;;;;;;;;;;;;;;;;;;;;;;;;
2026-07-29 13:52:26;OCESN96253F1187_F:TER:FR:Line::297ec911-6fdb-4544-9c77-12ea9183d1b1::87212027:87182139:5:1430:20261211;StopPoint:OCETrain TER-87214056;2026-07-29 13:44:00;300;2026-07-29 13:46:00;300;;;;;;;;;;;;;;;;;;;;;;;;;
2026-07-29 13:52:26;OCESN96253F1187_F:TER:FR:Line::297ec911-6fdb-4544-9c77-12ea9183d1b1::87212027:87182139:5:1430:20261211;StopPoint:OCETrain TER-87182014;2026-07-29 13:56:00;300;2026-07-29 13:58:00;300;;;;;;;;;;;;;;;;;;;;;;;;;
2026-07-29 13:52:26;OCESN96253F1187_F:TER:FR:Line::297ec911-6fdb-4544-9c77-12ea9183d1b1::87212027:87182139:5:1430:20261211;StopPoint:OCETrain TER-87182063;2026-07-29 14:19:00;300;2026-07-29 14:21:00;300;;;;;;;;;;;;;;;;;;;;;;;;;
2026-07-29 13:52:26;OCESN96253F1187_F:TER:FR:Line::297ec911-6fdb-4544-9c77-12ea9183d1b1::87212027:87182139:5:1430:20261211;StopPoint:OCETrain TER-87182139;2026-07-29 14:35:00;300;;;;;;;;;;;;;;;;;;;;;;;;;;;
2026-07-29 13:52:26;OCESN860517F1187_F:TER:FR:Line::1BF2D66F-09EF-4CB8-A003-1417C1EA6532::87547000:87543009:3:1428:20261211;StopPoint:OCETrain TER-87543017;2026-07-29 14:26:00;300;2026-07-29 14:28:00;300;;;;;;;;;;;;;;;;;;;;;;;;;
2026-07-29 13:52:26;OCESN860517F1187_F:TER:FR:Line::1BF2D66F-09EF-4CB8-A003-1417C1EA6532::87547000:87543009:3:1428:20261211;StopPoint:OCETrain TER-87543009;2026-07-29 14:33:00;300;;;;;;;;;;;;;;;;;;;;;;;;;;;
2026-07-29 13:52:26;OCESN165420F;StopArea:OCE87393314;;;2026-07-29 13:27:00;120;;;;;;;;;;;;;;;;;;;;;;;;;
2026-07-29 13:52:26;OCESN165420F;StopArea:OCE87393843;2026-07-29 13:51:00;60;2026-07-29 13:52:00;60;;;;;;;;;;;;;;;;;;;;;;;;;
2026-07-29 13:52:26;OCESN44236R1187_R:CTE:FR:Line::24689242-F92D-4E76-A8DA-6E75B6A44DC1::87214056:87640946:14:1401:20261212;StopPoint:OCECar TER-87640839;2026-07-29 13:50:00;300;2026-07-29 13:50:00;300;;;;;;;;;;;;;;;;;;;;;;;;;
2026-07-29 13:52:26;OCESN44236R1187_R:CTE:FR:Line::24689242-F92D-4E76-A8DA-6E75B6A44DC1::87214056:87640946:14:1401:20261212;StopPoint:OCECar TER-87640847;2026-07-29 13:52:00;300;2026-07-29 13:52:00;300;;;;;;;;;;;;;;;;;;;;;;;;;
2026-07-29 13:52:26;OCESN44236R1187_R:CTE:FR:Line::24689242-F92D-4E76-A8DA-6E75B6A44DC1::87214056:87640946:14:1401:20261212;StopPoint:OCECar TER-87640854;2026-07-29 13:54:00;300;2026-07-29 13:54:00;300;;;;;;;;;;;;;;;;;;;;;;;;;
2026-07-29 13:52:26;OCESN44236R1187_R:CTE:FR:Line::24689242-F92D-4E76-A8DA-6E75B6A44DC1::87214056:87640946:14:1401:20261212;StopPoint:OCECar TER-87678482;2026-07-29 13:56:00;300;2026-07-29 13:56:00;300;;;;;;;;;;;;;;;;;;;;;;;;;
2026-07-29 13:52:26;OCESN44236R1187_R:CTE:FR:Line::24689242-F92D-4E76-A8DA-6E75B6A44DC1::87214056:87640946:14:1401:20261212;StopPoint:OCECar TER-87640870;2026-07-29 13:58:00;300;2026-07-29 13:58:00;300;;;;;;;;;;;;;;;;;;;;;;;;;
2026-07-29 13:52:26;OCESN44236R1187_R:CTE:FR:Line::24689242-F92D-4E76-A8DA-6E75B6A44DC1::87214056:87640946:14:1401:20261212;StopPoint:OCECar TER-87640912;2026-07-29 14:01:00;300;2026-07-29 14:01:00;300;;;;;;;;;;;;;;;;;;;;;;;;;
2026-07-29 13:52:26;OCESN44236R1187_R:CTE:FR:Line::24689242-F92D-4E76-A8DA-6E75B6A44DC1::87214056:87640946:14:1401:20261212;StopPoint:OCECar TER-87640920;2026-07-29 14:03:00;300;2026-07-29 14:03:00;300;;;;;;;;;;;;;;;;;;;;;;;;;
2026-07-29 13:52:26;OCESN44236R1187_R:CTE:FR:Line::24689242-F92D-4E76-A8DA-6E75B6A44DC1::87214056:87640946:14:1401:20261212;StopPoint:OCECar TER-87640938;2026-07-29 14:05:00;300;2026-07-29 14:05:00;300;;;;;;;;;;;;;;;;;;;;;;;;;
2026-07-29 13:52:26;OCESN44236R1187_R:CTE:FR:Line::24689242-F92D-4E76-A8DA-6E75B6A44DC1::87214056:87640946:14:1401:20261212;StopPoint:OCECar TER-87640946;2026-07-29 14:06:00;300;;;;;;;;;;;;;;;;;;;;;;;;;;;
2026-07-29 13:52:26;OCESN831122F1187_F:TER:FR:Line::BF9CA9C4-EFE5-4615-808B-11E79551FF23::87182014:87182816:14:1409:20261210;StopPoint:OCETrain TER-87182014;;;2026-07-29 13:31:00;300;;;;;;;;;;;;;;;;;;;;;;;;;
2026-07-29 13:52:26;OCESN831122F1187_F:TER:FR:Line::BF9CA9C4-EFE5-4615-808B-11E79551FF23::87182014:87182816:14:1409:20261210;StopPoint:OCETrain TER-87181222;2026-07-29 13:33:00;300;2026-07-29 13:33:00;300;;;;;;;;;;;;;;;;;;;;;;;;;
2026-07-29 13:52:26;OCESN831122F1187_F:TER:FR:Line::BF9CA9C4-EFE5-4615-808B-11E79551FF23::87182014:87182816:14:1409:20261210;StopPoint:OCETrain TER-87182345;2026-07-29 13:36:00;300;2026-07-29 13:37:00;300;;;;;;;;;;;;;;;;;;;;;;;;;
2026-07-29 13:52:26;OCESN831122F1187_F:TER:FR:Line::BF9CA9C4-EFE5-4615-808B-11E79551FF23::87182014:87182816:14:1409:20261210;StopPoint:OCETrain TER-87182352;2026-07-29 13:41:00;300;2026-07-29 13:43:00;300;;;;;;;;;;;;;;;;;;;;;;;;;
2026-07-29 13:52:26;OCESN831122F1187_F:TER:FR:Line::BF9CA9C4-EFE5-4615-808B-11E79551FF23::87182014:87182816:14:1409:20261210;StopPoint:OCETrain TER-87181552;2026-07-29 13:45:00;300;2026-07-29 13:45:00;300;;;;;;;;;;;;;;;;;;;;;;;;;
2026-07-29 13:52:26;OCESN831122F1187_F:TER:FR:Line::BF9CA9C4-EFE5-4615-808B-11E79551FF23::87182014:87182816:14:1409:20261210;StopPoint:OCETrain TER-87182360;2026-07-29 13:48:00;300;2026-07-29 13:49:00;300;;;;;;;;;;;;;;;;;;;;;;;;;
2026-07-29 13:52:26;OCESN831122F1187_F:TER:FR:Line::BF9CA9C4-EFE5-4615-808B-11E79551FF23::87182014:87182816:14:1409:20261210;StopPoint:OCETrain TER-87182378;2026-07-29 13:51:00;300;2026-07-29 13:52:00;300;;;;;;;;;;;;;;;;;;;;;;;;;
2026-07-29 13:52:26;OCESN831122F1187_F:TER:FR:Line::BF9CA9C4-EFE5-4615-808B-11E79551FF23::87182014:87182816:14:1409:20261210;StopPoint:OCETrain TER-87182386;2026-07-29 13:55:00;300;2026-07-29 13:55:00;300;;;;;;;;;;;;;;;;;;;;;;;;;
2026-07-29 13:52:26;OCESN831122F1187_F:TER:FR:Line::BF9CA9C4-EFE5-4615-808B-11E79551FF23::87182014:87182816:14:1409:20261210;StopPoint:OCETrain TER-87386540;2026-07-29 13:57:00;300;2026-07-29 13:58:00;300;;;;;;;;;;;;;;;;;;;;;;;;;
2026-07-29 13:52:26;OCESN831122F1187_F:TER:FR:Line::BF9CA9C4-EFE5-4615-808B-11E79551FF23::87182014:87182816:14:1409:20261210;StopPoint:OCETrain TER-87182394;2026-07-29 14:00:00;300;2026-07-29 14:02:00;300;;;;;;;;;;;;;;;;;;;;;;;;;
2026-07-29 13:52:26;OCESN831122F1187_F:TER:FR:Line::BF9CA9C4-EFE5-4615-808B-11E79551FF23::87182014:87182816:14:1409:20261210;StopPoint:OCETrain TER-87182543;2026-07-29 14:04:00;300;2026-07-29 14:04:00;300;;;;;;;;;;;;;;;;;;;;;;;;;
2026-07-29 13:52:26;OCESN831122F1187_F:TER:FR:Line::BF9CA9C4-EFE5-4615-808B-11E79551FF23::87182014:87182816:14:1409:20261210;StopPoint:OCETrain TER-87182659;2026-07-29 14:07:00;300;2026-07-29 14:07:00;300;;;;;;;;;;;;;;;;;;;;;;;;;
2026-07-29 13:52:26;OCESN831122F1187_F:TER:FR:Line::BF9CA9C4-EFE5-4615-808B-11E79551FF23::87182014:87182816:14:1409:20261210;StopPoint:OCETrain TER-87182733;2026-07-29 14:09:00;300;2026-07-29 14:10:00;300;;;;;;;;;;;;;;;;;;;;;;;;;
2026-07-29 13:52:26;OCESN831122F1187_F:TER:FR:Line::BF9CA9C4-EFE5-4615-808B-11E79551FF23::87182014:87182816:14:1409:20261210;StopPoint:OCETrain TER-87182816;2026-07-29 14:14:00;300;;;;;;;;;;;;;;;;;;;;;;;;;;;
2026-07-29 13:52:26;OCESN886018F1187_F:TER:FR:Line::CE3BDFA1-8C2E-4088-82BD-B59FD309E3B4::87722025:87725689:11:1424:20260831;StopPoint:OCETrain TER-87721282;2026-07-29 13:46:00;300;2026-07-29 13:47:00;300;;;;;;;;;;;;;;;;;;;;;;;;;
2026-07-29 13:52:26;OCESN886018F1187_F:TER:FR:Line::CE3BDFA1-8C2E-4088-82BD-B59FD309E3B4::87722025:87725689:11:1424:20260831;StopPoint:OCETrain TER-87721324;2026-07-29 13:52:00;300;2026-07-29 13:53:00;300;;;;;;;;;;;;;;;;;;;;;;;;;
2026-07-29 13:52:26;OCESN886018F1187_F:TER:FR:Line::CE3BDFA1-8C2E-4088-82BD-B59FD309E3B4::87722025:87725689:11:1424:20260831;StopPoint:OCETrain TER-87721332;2026-07-29 13:57:00;300;2026-07-29 13:59:00;300;;;;;;;;;;;;;;;;;;;;;;;;;
2026-07-29 13:52:26;OCESN886018F1187_F:TER:FR:Line::CE3BDFA1-8C2E-4088-82BD-B59FD309E3B4::87722025:87725689:11:1424:20260831;StopPoint:OCETrain TER-87721340;2026-07-29 14:04:00;300;2026-07-29 14:04:00;300;;;;;;;;;;;;;;;;;;;;;;;;;
2026-07-29 13:52:26;OCESN886018F1187_F:TER:FR:Line::CE3BDFA1-8C2E-4088-82BD-B59FD309E3B4::87722025:87725689:11:1424:20260831;StopPoint:OCETrain TER-87721357;2026-07-29 14:08:00;300;2026-07-29 14:09:00;300;;;;;;;;;;;;;;;;;;;;;;;;;
2026-07-29 13:52:26;OCESN886018F1187_F:TER:FR:Line::CE3BDFA1-8C2E-4088-82BD-B59FD309E3B4::87722025:87725689:11:1424:20260831;StopPoint:OCETrain TER-87725739;2026-07-29 14:14:00;300;2026-07-29 14:15:00;300;;;;;;;;;;;;;;;;;;;;;;;;;
2026-07-29 13:52:26;OCESN886018F1187_F:TER:FR:Line::CE3BDFA1-8C2E-4088-82BD-B59FD309E3B4::87722025:87725689:11:1424:20260831;StopPoint:OCETrain TER-87725721;2026-07-29 14:19:00;300;2026-07-29 14:19:00;300;;;;;;;;;;;;;;;;;;;;;;;;;
2026-07-29 13:52:26;OCESN886018F1187_F:TER:FR:Line::CE3BDFA1-8C2E-4088-82BD-B59FD309E3B4::87722025:87725689:11:1424:20260831;StopPoint:OCETrain TER-87725713;2026-07-29 14:23:00;300;2026-07-29 14:23:00;300;;;;;;;;;;;;;;;;;;;;;;;;;
2026-07-29 13:52:26;OCESN886018F1187_F:TER:FR:Line::CE3BDFA1-8C2E-4088-82BD-B59FD309E3B4::87722025:87725689:11:1424:20260831;StopPoint:OCETrain TER-87725689;2026-07-29 14:29:00;300;;;;;;;;;;;;;;;;;;;;;;;;;;;
2026-07-29 13:52:26;OCESN830610F1187_F:TER:FR:Line::47102940-0922-439f-b9e9-1a93deaec574::87212027:87213470:5:1421:20261211;StopPoint:OCETrain TER-87212027;;;2026-07-29 13:32:00;300;;;;;;;;;;;;;;;;;;;;;;;;;
2026-07-29 13:52:26;OCESN865564F1187_F:TER:FR:Line::ec925e4f-137a-4761-914a-13d24e9ace87::87581009:87592006:6:1547:20260729;StopPoint:OCETrain TER-87584052;2026-07-29 13:52:00;0;2026-07-29 14:03:00;600;;;;;;;;;;;;;;;;;;;;;;;;;
2026-07-29 13:52:26;OCESN865564F1187_F:TER:FR:Line::ec925e4f-137a-4761-914a-13d24e9ace87::87581009:87592006:6:1547:20260729;StopPoint:OCETrain TER-87595009;2026-07-29 14:47:00;600;2026-07-29 14:54:00;600;;;;;;;;;;;;;;;;;;;;;;;;;
2026-07-29 13:52:26;OCESN865564F1187_F:TER:FR:Line::ec925e4f-137a-4761-914a-13d24e9ace87::87581009:87592006:6:1547:20260729;StopPoint:OCETrain TER-87595124;2026-07-29 15:16:00;600;2026-07-29 15:17:00;600;;;;;;;;;;;;;;;;;;;;;;;;;
2026-07-29 13:52:26;OCESN865564F1187_F:TER:FR:Line::ec925e4f-137a-4761-914a-13d24e9ace87::87581009:87592006:6:1547:20260729;StopPoint:OCETrain TER-87592006;2026-07-29 15:57:00;600;;;;;;;;;;;;;;;;;;;;;;;;;;;
2026-07-29 13:52:26;OCESN151252F;StopArea:OCE87545244;;;2026-07-29 13:30:00;60;;;;;;;;;;;;;;;;;;;;;;;;;
2026-07-29 13:52:26;OCESN856046F1187_F:TER:FR:Line::6480700B-AEFE-47AA-B7EC-814EA0C92E02::87471185:87471003:7:1402:20260925;StopPoint:OCETrain TER-87471185;;;2026-07-29 13:34:00;300;;;;;;;;;;;;;;;;;;;;;;;;;
2026-07-29 13:52:26;OCESN856046F1187_F:TER:FR:Line::6480700B-AEFE-47AA-B7EC-814EA0C92E02::87471185:87471003:7:1402:20260925;StopPoint:OCETrain TER-87471177;2026-07-29 13:44:00;600;2026-07-29 13:45:00;600;;;;;;;;;;;;;;;;;;;;;;;;;
2026-07-29 13:52:26;OCESN856046F1187_F:TER:FR:Line::6480700B-AEFE-47AA-B7EC-814EA0C92E02::87471185:87471003:7:1402:20260925;StopPoint:OCETrain TER-87471151;2026-07-29 13:50:00;600;2026-07-29 13:51:00;600;;;;;;;;;;;;;;;;;;;;;;;;;
2026-07-29 13:52:26;OCESN856046F1187_F:TER:FR:Line::6480700B-AEFE-47AA-B7EC-814EA0C92E02::87471185:87471003:7:1402:20260925;StopPoint:OCETrain TER-87471144;2026-07-29 13:55:00;600;2026-07-29 13:56:00;600;;;;;;;;;;;;;;;;;;;;;;;;;
2026-07-29 13:52:26;OCESN856046F1187_F:TER:FR:Line::6480700B-AEFE-47AA-B7EC-814EA0C92E02::87471185:87471003:7:1402:20260925;StopPoint:OCETrain TER-87471037;2026-07-29 14:00:00;600;2026-07-29 14:01:00;600;;;;;;;;;;;;;;;;;;;;;;;;;
2026-07-29 13:52:26;OCESN856046F1187_F:TER:FR:Line::6480700B-AEFE-47AA-B7EC-814EA0C92E02::87471185:87471003:7:1402:20260925;StopPoint:OCETrain TER-87159947;2026-07-29 14:03:00;600;2026-07-29 14:04:00;600;;;;;;;;;;;;;;;;;;;;;;;;;
2026-07-29 13:52:26;OCESN856046F1187_F:TER:FR:Line::6480700B-AEFE-47AA-B7EC-814EA0C92E02::87471185:87471003:7:1402:20260925;StopPoint:OCETrain TER-87471003;2026-07-29 14:12:00;600;;;;;;;;;;;;;;;;;;;;;;;;;;;
2026-07-29 13:52:26;OCESN155431F;StopArea:OCE87686006;;;2026-07-29 13:31:00;60;;;;;;;;;;;;;;;;;StopArea:OCE87686006;Paris Gare de Lyon Hall 1 - 2;;48.8449450;2.37348100;;;1;
2026-07-29 13:52:26;OCESN121513F;StopArea:OCE87271528;;;2026-07-29 13:33:00;60;;;;;;;;;;;;;;;;;;;;;;;;;
2026-07-29 13:52:26;OCESN121513F;StopArea:OCE87271536;2026-07-29 13:42:00;60;2026-07-29 13:43:00;60;;;;;;;;;;;;;;;;;;;;;;;;;
2026-07-29 13:52:26;OCESN121513F;StopArea:OCE87271551;2026-07-29 13:47:00;0;2026-07-29 13:49:00;60;;;;;;;;;;;;;;;;;;;;;;;;;
2026-07-29 13:52:26;OCESN121513F;StopArea:OCE87271577;2026-07-29 13:52:00;0;2026-07-29 13:54:00;60;;;;;;;;;;;;;;;;;;;;;;;;;
2026-07-29 13:52:26;OCESN121513F;StopArea:OCE87271593;2026-07-29 14:04:00;60;;;;;;;;;;;;;;;;;;;;;;;;;;;
2026-07-29 13:52:26;OCESN148809F;StopArea:OCE87545244;;;2026-07-29 13:35:00;180;;;;;;;;;;;;;;;;;;;;;;;;;
2026-07-29 13:52:26;OCESN148809F;StopArea:OCE87545525;2026-07-29 14:21:00;180;;;;;;;;;;;;;;;;;;;;;;;;;;;
2026-07-29 13:52:26;OCESN839734F1187_F:TER:FR:Line::16d3fc7b-59da-4b5b-b50f-8ff6e11eaea4::87172007:87171926:9:1448:20261113;StopPoint:OCETrain TER-87172007;;;2026-07-29 13:49:00;900;;;;;;;;;;;;;;;;;;;;;;;;;
2026-07-29 13:52:26;OCESN839734F1187_F:TER:FR:Line::16d3fc7b-59da-4b5b-b50f-8ff6e11eaea4::87172007:87171926:9:1448:20261113;StopPoint:OCETrain TER-87172171;2026-07-29 14:00:00;900;2026-07-29 14:01:00;900;;;;;;;;;;;;;;;;;;;;;;;;;
2026-07-29 13:52:26;OCESN839734F1187_F:TER:FR:Line::16d3fc7b-59da-4b5b-b50f-8ff6e11eaea4::87172007:87171926:9:1448:20261113;StopPoint:OCETrain TER-87172262;2026-07-29 14:14:00;900;2026-07-29 14:15:00;900;;;;;;;;;;;;;;;;;;;;;;;;;
2026-07-29 13:52:26;OCESN839734F1187_F:TER:FR:Line::16d3fc7b-59da-4b5b-b50f-8ff6e11eaea4::87172007:87171926:9:1448:20261113;StopPoint:OCETrain TER-87172270;2026-07-29 14:20:00;900;2026-07-29 14:21:00;900;;;;;;;;;;;;;;;;;;;;;;;;;
2026-07-29 13:52:26;OCESN839734F1187_F:TER:FR:Line::16d3fc7b-59da-4b5b-b50f-8ff6e11eaea4::87172007:87171926:9:1448:20261113;StopPoint:OCETrain TER-87171462;2026-07-29 14:33:00;900;2026-07-29 14:34:00;900;;;;;;;;;;;;;;;;;;;;;;;;;
2026-07-29 13:52:26;OCESN839734F1187_F:TER:FR:Line::16d3fc7b-59da-4b5b-b50f-8ff6e11eaea4::87172007:87171926:9:1448:20261113;StopPoint:OCETrain TER-87171009;2026-07-29 14:45:00;900;2026-07-29 14:46:00;600;;;;;;;;;;;;;;;;;;;;;;;;;
2026-07-29 13:52:26;OCESN839734F1187_F:TER:FR:Line::16d3fc7b-59da-4b5b-b50f-8ff6e11eaea4::87172007:87171926:9:1448:20261113;StopPoint:OCETrain TER-87417444;2026-07-29 14:48:00;600;2026-07-29 14:49:00;600;;;;;;;;;;;;;;;;;;;;;;;;;
2026-07-29 13:52:26;OCESN839734F1187_F:TER:FR:Line::16d3fc7b-59da-4b5b-b50f-8ff6e11eaea4::87172007:87171926:9:1448:20261113;StopPoint:OCETrain TER-87171272;2026-07-29 14:51:00;600;2026-07-29 14:52:00;600;;;;;;;;;;;;;;;;;;;;;;;;;
2026-07-29 13:52:26;OCESN839734F1187_F:TER:FR:Line::16d3fc7b-59da-4b5b-b50f-8ff6e11eaea4::87172007:87171926:9:1448:20261113;StopPoint:OCETrain TER-87171926;2026-07-29 14:58:00;600;;;;;;;;;;;;;;;;;;;;;;;;;;;
2026-07-29 13:52:26;OCESN12210F1187_F:OUI:FR:Line::18B0FAF0-44B1-4D0A-A8AD-2E32B7602EAD::87471003:87391003:2:1504:20261212;StopPoint:OCETGV INOUI-87471003;;;2026-07-29 13:55:00;1200;;;;;;;;;;;;;;;;;StopPoint:OCETGV INOUI-87471003;Rennes;;48.1035170;-1.6727440;;;0;StopArea:OCE87471003
2026-07-29 13:52:26;OCESN12210F1187_F:OUI:FR:Line::18B0FAF0-44B1-4D0A-A8AD-2E32B7602EAD::87471003:87391003:2:1504:20261212;StopPoint:OCETGV INOUI-87391003;2026-07-29 15:24:00;1200;;;;;;;;;;;;;;;;;;;StopPoint:OCETGV INOUI-87391003;Paris Montparnasse Hall 1 - 2;;48.8411720;2.32051400;;;0;StopArea:OCE87391003
2026-07-29 13:52:26;OCESN8087F1187_F:OUI:FR:Line::18B0FAF0-44B1-4D0A-A8AD-2E32B7602EAD::87391003:87478107:4:1612:20260729;StopPoint:OCETGV INOUI-87478404;2026-07-29 15:00:00;300;2026-07-29 15:03:00;300;;;;;;;;;;;;;;;;;StopPoint:OCETGV INOUI-87478404;Laval;;48.0762550;-0.7609290;;;0;StopArea:OCE87478404
2026-07-29 13:52:26;OCESN8087F1187_F:OUI:FR:Line::18B0FAF0-44B1-4D0A-A8AD-2E32B7602EAD::87391003:87478107:4:1612:20260729;StopPoint:OCETGV INOUI-87471003;2026-07-29 15:30:00;300;2026-07-29 15:35:00;300;;;;;;;;;;;;;;;;;StopPoint:OCETGV INOUI-87471003;Rennes;;48.1035170;-1.6727440;;;0;StopArea:OCE87471003
2026-07-29 13:52:26;OCESN8087F1187_F:OUI:FR:Line::18B0FAF0-44B1-4D0A-A8AD-2E32B7602EAD::87391003:87478107:4:1612:20260729;StopPoint:OCETGV INOUI-87478107;2026-07-29 16:17:00;300;;;;;;;;;;;;;;;;;;;StopPoint:OCETGV INOUI-87478107;Saint-Malo;;48.6468590;-2.0041580;;;0;StopArea:OCE87478107
2026-07-29 13:52:26;OCESN839863F1187_F:TER:FR:Line::03E1BDEA-B40B-48F0-A7B5-330EBD3C552F::87171009:87713040:12:1709:20261211;StopPoint:OCETrain TER-87174409;2026-07-29 13:57:00;300;2026-07-29 13:58:00;300;;;;;;;;;;;;;;;;;;;;;;;;;
2026-07-29 13:52:26;OCESN839863F1187_F:TER:FR:Line::03E1BDEA-B40B-48F0-A7B5-330EBD3C552F::87171009:87713040:12:1709:20261211;StopPoint:OCETrain TER-87174003;2026-07-29 14:24:00;900;2026-07-29 14:28:00;300;;;;;;;;;;;;;;;;;;;;;;;;;
2026-07-29 13:52:26;OCESN839863F1187_F:TER:FR:Line::03E1BDEA-B40B-48F0-A7B5-330EBD3C552F::87171009:87713040:12:1709:20261211;StopPoint:OCETrain TER-87174276;2026-07-29 14:44:00;300;2026-07-29 14:46:00;300;;;;;;;;;;;;;;;;;;;;;;;;;
2026-07-29 13:52:26;OCESN839863F1187_F:TER:FR:Line::03E1BDEA-B40B-48F0-A7B5-330EBD3C552F::87171009:87713040:12:1709:20261211;StopPoint:OCETrain TER-87175000;2026-07-29 15:04:00;300;2026-07-29 15:06:00;300;;;;;;;;;;;;;;;;;;;;;;;;;
2026-07-29 13:52:26;OCESN839863F1187_F:TER:FR:Line::03E1BDEA-B40B-48F0-A7B5-330EBD3C552F::87171009:87713040:12:1709:20261211;StopPoint:OCETrain TER-87175091;2026-07-29 15:24:00;300;2026-07-29 15:25:00;300;;;;;;;;;;;;;;;;;;;;;;;;;
2026-07-29 13:52:26;OCESN839863F1187_F:TER:FR:Line::03E1BDEA-B40B-48F0-A7B5-330EBD3C552F::87171009:87713040:12:1709:20261211;StopPoint:OCETrain TER-87142240;2026-07-29 15:36:00;300;2026-07-29 15:37:00;300;;;;;;;;;;;;;;;;;;;;;;;;;
2026-07-29 13:52:26;OCESN839863F1187_F:TER:FR:Line::03E1BDEA-B40B-48F0-A7B5-330EBD3C552F::87171009:87713040:12:1709:20261211;StopPoint:OCETrain TER-87142000;2026-07-29 15:53:00;300;2026-07-29 15:54:00;300;;;;;;;;;;;;;;;;;;;;;;;;;
2026-07-29 13:52:26;OCESN839863F1187_F:TER:FR:Line::03E1BDEA-B40B-48F0-A7B5-330EBD3C552F::87171009:87713040:12:1709:20261211;StopPoint:OCETrain TER-87142091;2026-07-29 16:14:00;300;2026-07-29 16:15:00;300;;;;;;;;;;;;;;;;;;;;;;;;;
2026-07-29 13:52:26;OCESN839863F1187_F:TER:FR:Line::03E1BDEA-B40B-48F0-A7B5-330EBD3C552F::87171009:87713040:12:1709:20261211;StopPoint:OCETrain TER-87142125;2026-07-29 16:24:00;300;2026-07-29 16:27:00;300;;;;;;;;;;;;;;;;;;;;;;;;;
2026-07-29 13:52:26;OCESN839863F1187_F:TER:FR:Line::03E1BDEA-B40B-48F0-A7B5-330EBD3C552F::87171009:87713040:12:1709:20261211;StopPoint:OCETrain TER-87713859;2026-07-29 16:52:00;300;2026-07-29 16:53:00;300;;;;;;;;;;;;;;;;;;;;;;;;;
2026-07-29 13:52:26;OCESN839863F1187_F:TER:FR:Line::03E1BDEA-B40B-48F0-A7B5-330EBD3C552F::87171009:87713040:12:1709:20261211;StopPoint:OCETrain TER-87713040;2026-07-29 17:14:00;300;;;;;;;;;;;;;;;;;;;;;;;;;;;
2026-07-29 13:52:26;OCESN854345F1187_F:TER:FR:Line::C44D2826-606A-4A26-84A4-C2136894CD96::87471003:87478107:7:1429:20260925;StopPoint:OCETrain TER-87471003;;;2026-07-29 13:40:00;300;;;;;;;;;;;;;;;;;;;;;;;;;
2026-07-29 13:52:26;OCESN854345F1187_F:TER:FR:Line::C44D2826-606A-4A26-84A4-C2136894CD96::87471003:87478107:7:1429:20260925;StopPoint:OCETrain TER-87471391;2026-07-29 13:44:00;300;2026-07-29 13:45:00;300;;;;;;;;;;;;;;;;;;;;;;;;;
2026-07-29 13:52:26;OCESN854345F1187_F:TER:FR:Line::C44D2826-606A-4A26-84A4-C2136894CD96::87471003:87478107:7:1429:20260925;StopPoint:OCETrain TER-87478032;2026-07-29 13:58:00;300;2026-07-29 13:59:00;300;;;;;;;;;;;;;;;;;;;;;;;;;
2026-07-29 13:52:26;OCESN854345F1187_F:TER:FR:Line::C44D2826-606A-4A26-84A4-C2136894CD96::87471003:87478107:7:1429:20260925;StopPoint:OCETrain TER-87478057;2026-07-29 14:07:00;300;2026-07-29 14:08:00;300;;;;;;;;;;;;;;;;;;;;;;;;;
2026-07-29 13:52:26;OCESN854345F1187_F:TER:FR:Line::C44D2826-606A-4A26-84A4-C2136894CD96::87471003:87478107:7:1429:20260925;StopPoint:OCETrain TER-87478073;2026-07-29 14:17:00;300;2026-07-29 14:18:00;300;;;;;;;;;;;;;;;;;;;;;;;;;
2026-07-29 13:52:26;OCESN854345F1187_F:TER:FR:Line::C44D2826-606A-4A26-84A4-C2136894CD96::87471003:87478107:7:1429:20260925;StopPoint:OCETrain TER-87478099;2026-07-29 14:26:00;300;2026-07-29 14:27:00;300;;;;;;;;;;;;;;;;;;;;;;;;;
2026-07-29 13:52:26;OCESN854345F1187_F:TER:FR:Line::C44D2826-606A-4A26-84A4-C2136894CD96::87471003:87478107:7:1429:20260925;StopPoint:OCETrain TER-87478107;2026-07-29 14:34:00;300;;;;;;;;;;;;;;;;;;;;;;;;;;;
2026-07-29 13:52:26;OCESN855825F1187_F:TER:FR:Line::95C8F9DA-5F13-40B1-926F-08206EF3FC04::87471003:87474007:9:1555:20260827;StopPoint:OCETrain TER-87471003;;;2026-07-29 13:40:00;300;;;;;;;;;;;;;;;;;;;;;;;;;
2026-07-29 13:52:26;OCESN855825F1187_F:TER:FR:Line::95C8F9DA-5F13-40B1-926F-08206EF3FC04::87471003:87474007:9:1555:20260827;StopPoint:OCETrain TER-87473108;2026-07-29 14:18:00;300;2026-07-29 14:19:00;300;;;;;;;;;;;;;;;;;;;;;;;;;
2026-07-29 13:52:26;OCESN855825F1187_F:TER:FR:Line::95C8F9DA-5F13-40B1-926F-08206EF3FC04::87471003:87474007:9:1555:20260827;StopPoint:OCETrain TER-87473009;2026-07-29 14:30:00;300;2026-07-29 14:32:00;300;;;;;;;;;;;;;;;;;;;;;;;;;
2026-07-29 13:52:26;OCESN855825F1187_F:TER:FR:Line::95C8F9DA-5F13-40B1-926F-08206EF3FC04::87471003:87474007:9:1555:20260827;StopPoint:OCETrain TER-87473207;2026-07-29 14:47:00;300;2026-07-29 14:49:00;300;;;;;;;;;;;;;;;;;;;;;;;;;
2026-07-29 13:52:26;OCESN855825F1187_F:TER:FR:Line::95C8F9DA-5F13-40B1-926F-08206EF3FC04::87471003:87474007:9:1555:20260827;StopPoint:OCETrain TER-87473181;2026-07-29 15:02:00;300;2026-07-29 15:03:00;300;;;;;;;;;;;;;;;;;;;;;;;;;
2026-07-29 13:52:26;OCESN855825F1187_F:TER:FR:Line::95C8F9DA-5F13-40B1-926F-08206EF3FC04::87471003:87474007:9:1555:20260827;StopPoint:OCETrain TER-87474338;2026-07-29 15:19:00;300;2026-07-29 15:21:00;300;;;;;;;;;;;;;;;;;;;;;;;;;
2026-07-29 13:52:26;OCESN855825F1187_F:TER:FR:Line::95C8F9DA-5F13-40B1-926F-08206EF3FC04::87471003:87474007:9:1555:20260827;StopPoint:OCETrain TER-87474270;2026-07-29 15:35:00;300;2026-07-29 15:36:00;300;;;;;;;;;;;;;;;;;;;;;;;;;
2026-07-29 13:52:26;OCESN855825F1187_F:TER:FR:Line::95C8F9DA-5F13-40B1-926F-08206EF3FC04::87471003:87474007:9:1555:20260827;StopPoint:OCETrain TER-87474239;2026-07-29 15:45:00;300;2026-07-29 15:46:00;300;;;;;;;;;;;;;;;;;;;;;;;;;
2026-07-29 13:52:26;OCESN855825F1187_F:TER:FR:Line::95C8F9DA-5F13-40B1-926F-08206EF3FC04::87471003:87474007:9:1555:20260827;StopPoint:OCETrain TER-87474007;2026-07-29 16:00:00;300;;;;;;;;;;;;;;;;;;;;;;;;;;;
2026-07-29 13:52:26;OCESN858355F1187_F:TER:FR:Line::C7CAE674-56E6-44EC-8881-EE52570D5BA2::87471003:87481002:2:1452:20260921;StopPoint:OCETrain TER-87471003;;;2026-07-29 13:40:00;300;;;;;;;;;;;;;;;;;;;;;;;;;
2026-07-29 13:52:26;OCESN858355F1187_F:TER:FR:Line::C7CAE674-56E6-44EC-8881-EE52570D5BA2::87471003:87481002:2:1452:20260921;StopPoint:OCETrain TER-87481002;2026-07-29 15:02:00;600;;;;;;;;;;;;;;;;;;;;;;;;;;;
2026-07-29 13:52:26;OCESN895855F1187_F:TER:FR:Line::27A3C9CC-526E-4121-8CF9-7C00D4652BCC::87184002:87723197:16:1730:20260729;StopPoint:OCETrain TER-87184002;;;2026-07-29 13:46:00;600;;;;;;;;;;;;;;;;;;;;;;;;;
2026-07-29 13:52:26;OCESN895855F1187_F:TER:FR:Line::27A3C9CC-526E-4121-8CF9-7C00D4652BCC::87184002:87723197:16:1730:20260729;StopPoint:OCETrain TER-87184507;2026-07-29 13:53:00;600;2026-07-29 13:54:00;600;;;;;;;;;;;;;;;;;;;;;;;;;
2026-07-29 13:52:26;OCESN895855F1187_F:TER:FR:Line::27A3C9CC-526E-4121-8CF9-7C00D4652BCC::87184002:87723197:16:1730:20260729;StopPoint:OCETrain TER-87184523;2026-07-29 13:59:00;600;2026-07-29 14:00:00;600;;;;;;;;;;;;;;;;;;;;;;;;;
2026-07-29 13:52:26;OCESN895855F1187_F:TER:FR:Line::27A3C9CC-526E-4121-8CF9-7C00D4652BCC::87184002:87723197:16:1730:20260729;StopPoint:OCETrain TER-87184572;2026-07-29 14:13:00;600;2026-07-29 14:14:00;600;;;;;;;;;;;;;;;;;;;;;;;;;
2026-07-29 13:52:26;OCESN895855F1187_F:TER:FR:Line::27A3C9CC-526E-4121-8CF9-7C00D4652BCC::87184002:87723197:16:1730:20260729;StopPoint:OCETrain TER-87184622;2026-07-29 14:21:00;600;2026-07-29 14:21:00;600;;;;;;;;;;;;;;;;;;;;;;;;;
2026-07-29 13:52:26;OCESN895855F1187_F:TER:FR:Line::27A3C9CC-526E-4121-8CF9-7C00D4652BCC::87184002:87723197:16:1730:20260729;StopPoint:OCETrain TER-87718460;2026-07-29 14:33:00;600;2026-07-29 14:34:00;600;;;;;;;;;;;;;;;;;;;;;;;;;
2026-07-29 13:52:26;OCESN895855F1187_F:TER:FR:Line::27A3C9CC-526E-4121-8CF9-7C00D4652BCC::87184002:87723197:16:1730:20260729;StopPoint:OCETrain TER-87718007;2026-07-29 14:56:00;600;2026-07-29 15:01:00;600;;;;;;;;;;;;;;;;;;;;;;;;;
2026-07-29 13:52:26;OCESN895855F1187_F:TER:FR:Line::27A3C9CC-526E-4121-8CF9-7C00D4652BCC::87184002:87723197:16:1730:20260729;StopPoint:OCETrain TER-87718841;2026-07-29 15:25:00;600;2026-07-29 15:26:00;600;;;;;;;;;;;;;;;;;;;;;;;;;
2026-07-29 13:52:26;OCESN895855F1187_F:TER:FR:Line::27A3C9CC-526E-4121-8CF9-7C00D4652BCC::87184002:87723197:16:1730:20260729;StopPoint:OCETrain TER-87718833;2026-07-29 15:31:00;600;2026-07-29 15:32:00;600;;;;;;;;;;;;;;;;;;;;;;;;;
2026-07-29 13:52:26;OCESN895855F1187_F:TER:FR:Line::27A3C9CC-526E-4121-8CF9-7C00D4652BCC::87184002:87723197:16:1730:20260729;StopPoint:OCETrain TER-87718155;2026-07-29 15:38:00;600;2026-07-29 15:40:00;600;;;;;;;;;;;;;;;;;;;;;;;;;
2026-07-29 13:52:26;OCESN895855F1187_F:TER:FR:Line::27A3C9CC-526E-4121-8CF9-7C00D4652BCC::87184002:87723197:16:1730:20260729;StopPoint:OCETrain TER-87718189;2026-07-29 15:48:00;600;2026-07-29 15:49:00;600;;;;;;;;;;;;;;;;;;;;;;;;;
2026-07-29 13:52:26;OCESN895855F1187_F:TER:FR:Line::27A3C9CC-526E-4121-8CF9-7C00D4652BCC::87184002:87723197:16:1730:20260729;StopPoint:OCETrain TER-87718239;2026-07-29 16:09:00;600;2026-07-29 16:11:00;600;;;;;;;;;;;;;;;;;;;;;;;;;
2026-07-29 13:52:26;OCESN895855F1187_F:TER:FR:Line::27A3C9CC-526E-4121-8CF9-7C00D4652BCC::87184002:87723197:16:1730:20260729;StopPoint:OCETrain TER-87718270;2026-07-29 16:24:00;600;2026-07-29 16:25:00;600;;;;;;;;;;;;;;;;;;;;;;;;;
2026-07-29 13:52:26;OCESN895855F1187_F:TER:FR:Line::27A3C9CC-526E-4121-8CF9-7C00D4652BCC::87184002:87723197:16:1730:20260729;StopPoint:OCETrain TER-87718296;2026-07-29 16:33:00;600;2026-07-29 16:34:00;600;;;;;;;;;;;;;;;;;;;;;;;;;
2026-07-29 13:52:26;OCESN895855F1187_F:TER:FR:Line::27A3C9CC-526E-4121-8CF9-7C00D4652BCC::87184002:87723197:16:1730:20260729;StopPoint:OCETrain TER-87743005;2026-07-29 16:51:00;600;2026-07-29 16:53:00;600;;;;;;;;;;;;;;;;;;;;;;;;;
2026-07-29 13:52:26;OCESN895855F1187_F:TER:FR:Line::27A3C9CC-526E-4121-8CF9-7C00D4652BCC::87184002:87723197:16:1730:20260729;StopPoint:OCETrain TER-87723197;2026-07-29 17:40:00;600;;;;;;;;;;;;;;;;;;;;;;;;;;;
2026-07-29 13:52:26;OCESN147824F;StopArea:OCE87545525;;;2026-07-29 13:38:00;60;;;;;;;;;;;;;;;;;;;;;;;;;
2026-07-29 13:52:26;OCESN165311F;StopArea:OCE87393009;;;2026-07-29 13:39:00;120;;;;;;;;;;;;;;;;;StopArea:OCE87393009;Versailles Chantiers;;48.7958260;2.13588300;;;1;
2026-07-29 13:52:26;OCESN165311F;StopArea:OCE87393843;2026-07-29 13:49:00;180;;;;;;;;;;;;;;;;;;;;;;;;;;;
2026-07-29 13:52:26;OCESN831619F1187_F:TER:FR:Line::5ed2f41e-5576-4745-96f5-3682a3f86989::87214247:87212027:10:1425:20261211;StopPoint:OCETrain TER-87214247;;;2026-07-29 13:53:00;600;;;;;;;;;;;;;;;;;;;;;;;;;
2026-07-29 13:52:26;OCESN831619F1187_F:TER:FR:Line::5ed2f41e-5576-4745-96f5-3682a3f86989::87214247:87212027:10:1425:20261211;StopPoint:OCETrain TER-87214254;2026-07-29 13:55:00;600;2026-07-29 13:56:00;600;;;;;;;;;;;;;;;;;;;;;;;;;
2026-07-29 13:52:26;OCESN831619F1187_F:TER:FR:Line::5ed2f41e-5576-4745-96f5-3682a3f86989::87214247:87212027:10:1425:20261211;StopPoint:OCETrain TER-87214270;2026-07-29 13:58:00;600;2026-07-29 13:59:00;600;;;;;;;;;;;;;;;;;;;;;;;;;
2026-07-29 13:52:26;OCESN831619F1187_F:TER:FR:Line::5ed2f41e-5576-4745-96f5-3682a3f86989::87214247:87212027:10:1425:20261211;StopPoint:OCETrain TER-87214288;2026-07-29 14:03:00;600;2026-07-29 14:06:00;600;;;;;;;;;;;;;;;;;;;;;;;;;
2026-07-29 13:52:26;OCESN831619F1187_F:TER:FR:Line::5ed2f41e-5576-4745-96f5-3682a3f86989::87214247:87212027:10:1425:20261211;StopPoint:OCETrain TER-87214296;2026-07-29 14:09:00;600;2026-07-29 14:10:00;600;;;;;;;;;;;;;;;;;;;;;;;;;
2026-07-29 13:52:26;OCESN831619F1187_F:TER:FR:Line::5ed2f41e-5576-4745-96f5-3682a3f86989::87214247:87212027:10:1425:20261211;StopPoint:OCETrain TER-87214320;2026-07-29 14:12:00;600;2026-07-29 14:13:00;600;;;;;;;;;;;;;;;;;;;;;;;;;
2026-07-29 13:52:26;OCESN831619F1187_F:TER:FR:Line::5ed2f41e-5576-4745-96f5-3682a3f86989::87214247:87212027:10:1425:20261211;StopPoint:OCETrain TER-87214338;2026-07-29 14:16:00;600;2026-07-29 14:16:00;600;;;;;;;;;;;;;;;;;;;;;;;;;
2026-07-29 13:52:26;OCESN831619F1187_F:TER:FR:Line::5ed2f41e-5576-4745-96f5-3682a3f86989::87214247:87212027:10:1425:20261211;StopPoint:OCETrain TER-87214577;2026-07-29 14:18:00;600;2026-07-29 14:19:00;600;;;;;;;;;;;;;;;;;;;;;;;;;
2026-07-29 13:52:26;OCESN831619F1187_F:TER:FR:Line::5ed2f41e-5576-4745-96f5-3682a3f86989::87214247:87212027:10:1425:20261211;StopPoint:OCETrain TER-87214528;2026-07-29 14:26:00;600;2026-07-29 14:27:00;600;;;;;;;;;;;;;;;;;;;;;;;;;
2026-07-29 13:52:26;OCESN831619F1187_F:TER:FR:Line::5ed2f41e-5576-4745-96f5-3682a3f86989::87214247:87212027:10:1425:20261211;StopPoint:OCETrain TER-87212027;2026-07-29 14:35:00;600;;;;;;;;;;;;;;;;;;;;;;;;;;;
2026-07-29 13:52:26;OCESN151254F;StopArea:OCE87545244;;;2026-07-29 13:45:00;60;;;;;;;;;;;;;;;;;;;;;;;;;
2026-07-29 13:52:26;OCESN7653F1187_F:OGO:FR:Line::F1B5E26F-967E-48D9-ABA8-A049ADD85807::87391003:87581009:3:1610:20260827;StopPoint:OCEOUIGO-87391003;;;2026-07-29 14:04:00;1200;;;;;;;;;;;;;;;;;StopPoint:OCEOUIGO-87391003;Paris Montparnasse Hall 1 - 2;;48.8411720;2.32051400;;;0;StopArea:OCE87391003
2026-07-29 13:52:26;OCESN7653F1187_F:OGO:FR:Line::F1B5E26F-967E-48D9-ABA8-A049ADD85807::87391003:87581009:3:1610:20260827;StopPoint:OCEOUIGO-87583005;2026-07-29 15:51:00;1200;2026-07-29 15:54:00;1200;;;;;;;;;;;;;;;;;StopPoint:OCEOUIGO-87583005;Angoulême;;45.6535720;0.16460800;;;0;StopArea:OCE87583005
2026-07-29 13:52:26;OCESN7653F1187_F:OGO:FR:Line::F1B5E26F-967E-48D9-ABA8-A049ADD85807::87391003:87581009:3:1610:20260827;StopPoint:OCEOUIGO-87581009;2026-07-29 16:30:00;1200;;;;;;;;;;;;;;;;;;;StopPoint:OCEOUIGO-87581009;Bordeaux Saint-Jean;;44.8258730;-0.5566970;;;0;StopArea:OCE87581009
2026-07-29 13:52:26;OCESN130800F;StopArea:OCE87381509;;;2026-07-29 13:47:00;60;;;;;;;;;;;;;;;;;StopArea:OCE87381509;Mantes-la-Jolie;;48.9898400;1.70337000;;;1;
2026-07-29 13:52:26;OCESN130800F;StopArea:OCE87384008;2026-07-29 14:46:00;60;;;;;;;;;;;;;;;;;;;;;;;;;;;
2026-07-29 13:52:26;OCESN145411F;StopArea:OCE87545244;;;2026-07-29 13:50:00;240;;;;;;;;;;;;;;;;;;;;;;;;;
2026-07-29 13:52:26;OCESN145411F;StopArea:OCE87545137;2026-07-29 14:32:00;240;;;;;;;;;;;;;;;;;;;;;;;;;;;
2026-07-29 13:52:26;OCESN165615F;StopArea:OCE87393009;2026-07-29 14:16:00;60;2026-07-29 14:17:00;60;;;;;;;;;;;;;;;;;StopArea:OCE87393009;Versailles Chantiers;;48.7958260;2.13588300;;;1;
2026-07-29 13:52:26;OCESN872885F1187_F:TER:FR:Line::2B0506BC-0CB9-4FFC-B90C-E202497AE4F0::87611152:87611236:5:1426:20261212;StopPoint:OCETrain TER-87611152;;;2026-07-29 13:56:00;300;;;;;;;;;;;;;;;;;;;;;;;;;
2026-07-29 13:52:26;OCESN872885F1187_F:TER:FR:Line::2B0506BC-0CB9-4FFC-B90C-E202497AE4F0::87611152:87611236:5:1426:20261212;StopPoint:OCETrain TER-87611178;2026-07-29 14:03:00;300;2026-07-29 14:04:00;300;;;;;;;;;;;;;;;;;;;;;;;;;
2026-07-29 13:52:26;OCESN872885F1187_F:TER:FR:Line::2B0506BC-0CB9-4FFC-B90C-E202497AE4F0::87611152:87611236:5:1426:20261212;StopPoint:OCETrain TER-87618710;2026-07-29 14:10:00;300;2026-07-29 14:11:00;300;;;;;;;;;;;;;;;;;;;;;;;;;
2026-07-29 13:52:26;OCESN872885F1187_F:TER:FR:Line::2B0506BC-0CB9-4FFC-B90C-E202497AE4F0::87611152:87611236:5:1426:20261212;StopPoint:OCETrain TER-87611194;2026-07-29 14:16:00;300;2026-07-29 14:17:00;300;;;;;;;;;;;;;;;;;;;;;;;;;
2026-07-29 13:52:26;OCESN872885F1187_F:TER:FR:Line::2B0506BC-0CB9-4FFC-B90C-E202497AE4F0::87611152:87611236:5:1426:20261212;StopPoint:OCETrain TER-87611236;2026-07-29 14:31:00;300;;;;;;;;;;;;;;;;;;;;;;;;;;;
2026-07-29 13:52:26;OCESN876417F1187_F:TER:FR:Line::B175B939-CEB2-4013-A90F-64CA627A5C45::87773002:87781104:6:1453:20260729;StopPoint:OCETrain TER-87773002;;;2026-07-29 15:01:00;4200;;;;;;;;;;;;;;;;;;;;;;;;;
2026-07-29 13:52:26;OCESN876417F1187_F:TER:FR:Line::B175B939-CEB2-4013-A90F-64CA627A5C45::87773002:87781104:6:1453:20260729;StopPoint:OCETrain TER-87773556;2026-07-29 15:12:00;4200;2026-07-29 15:13:00;4200;;;;;;;;;;;;;;;;;;;;;;;;;
2026-07-29 13:52:26;OCESN876417F1187_F:TER:FR:Line::B175B939-CEB2-4013-A90F-64CA627A5C45::87773002:87781104:6:1453:20260729;StopPoint:OCETrain TER-87773200;2026-07-29 15:18:00;4200;2026-07-29 15:20:00;4200;;;;;;;;;;;;;;;;;;;;;;;;;
2026-07-29 13:52:26;OCESN876417F1187_F:TER:FR:Line::B175B939-CEB2-4013-A90F-64CA627A5C45::87773002:87781104:6:1453:20260729;StopPoint:OCETrain TER-87781278;2026-07-29 15:32:00;4200;2026-07-29 15:34:00;4200;;;;;;;;;;;;;;;;;;;;;;;;;
2026-07-29 13:52:26;OCESN876417F1187_F:TER:FR:Line::B175B939-CEB2-4013-A90F-64CA627A5C45::87773002:87781104:6:1453:20260729;StopPoint:OCETrain TER-87781005;2026-07-29 15:48:00;4200;;;;;;;;;;;;;;;;;;;;;;;;;;;
2026-07-29 13:52:26;OCESN876417F1187_F:TER:FR:Line::B175B939-CEB2-4013-A90F-64CA627A5C45::87773002:87781104:6:1453:20260729;StopPoint:OCETrain TER-87781104;2026-07-29 16:03:00;4200;;;;;;;;;;;;;;;;;;;;;;;;;;;
2026-07-29 13:52:26;OCESN96221F1187_F:TER:FR:Line::297ec911-6fdb-4544-9c77-12ea9183d1b1::87212027:85000109:6:1508:20261211;StopPoint:OCETrain TER-87212027;;;2026-07-29 14:11:00;1200;;;;;;;;;;;;;;;;;;;;;;;;;
2026-07-29 13:52:26;OCESN96221F1187_F:TER:FR:Line::297ec911-6fdb-4544-9c77-12ea9183d1b1::87212027:85000109:6:1508:20261211;StopPoint:OCETrain TER-87214056;2026-07-29 14:29:00;1200;2026-07-29 14:31:00;1200;;;;;;;;;;;;;;;;;;;;;;;;;
2026-07-29 13:52:26;OCESN96221F1187_F:TER:FR:Line::297ec911-6fdb-4544-9c77-12ea9183d1b1::87212027:85000109:6:1508:20261211;StopPoint:OCETrain TER-87182014;2026-07-29 14:41:00;1200;2026-07-29 14:43:00;1200;;;;;;;;;;;;;;;;;;;;;;;;;
2026-07-29 13:52:26;OCESN96221F1187_F:TER:FR:Line::297ec911-6fdb-4544-9c77-12ea9183d1b1::87212027:85000109:6:1508:20261211;StopPoint:OCETrain TER-87182063;2026-07-29 15:04:00;1200;2026-07-29 15:06:00;1200;;;;;;;;;;;;;;;;;;;;;;;;;
2026-07-29 13:52:26;OCESN96221F1187_F:TER:FR:Line::297ec911-6fdb-4544-9c77-12ea9183d1b1::87212027:85000109:6:1508:20261211;StopPoint:OCETrain TER-87182139;2026-07-29 15:20:00;1200;2026-07-29 15:21:00;1200;;;;;;;;;;;;;;;;;;;;;;;;;
2026-07-29 13:52:26;OCESN96221F1187_F:TER:FR:Line::297ec911-6fdb-4544-9c77-12ea9183d1b1::87212027:85000109:6:1508:20261211;StopPoint:OCETrain TER-85000109;2026-07-29 15:28:00;1200;;;;;;;;;;;;;;;;;;;;;;;;;;;
2026-07-29 13:52:26;OCESN6617F1187_F:OUI:FR:Line::5B76AFB9-244D-4AC6-9720-8142DC7F6A91::87686006:87722025:4:1610:20260731;StopPoint:OCETGV INOUI-87686006;;;2026-07-29 14:17:00;1500;;;;;;;;;;;;;;;;;StopPoint:OCETGV INOUI-87686006;Paris Gare de Lyon Hall 1 - 2;;48.8449450;2.37348100;;;0;StopArea:OCE87686006
2026-07-29 13:52:26;OCESN6617F1187_F:OUI:FR:Line::5B76AFB9-244D-4AC6-9720-8142DC7F6A91::87686006:87722025:4:1610:20260731;StopPoint:OCETGV INOUI-87694109;2026-07-29 15:37:00;1500;2026-07-29 15:40:00;1500;;;;;;;;;;;;;;;;;StopPoint:OCETGV INOUI-87694109;Le Creusot-TGV;;46.7653390;4.49943000;;;0;StopArea:OCE87694109
2026-07-29 13:52:26;OCESN6617F1187_F:OUI:FR:Line::5B76AFB9-244D-4AC6-9720-8142DC7F6A91::87686006:87722025:4:1610:20260731;StopPoint:OCETGV INOUI-87723197;2026-07-29 16:21:00;1500;2026-07-29 16:22:00;1200;;;;;;;;;;;;;;;;;StopPoint:OCETGV INOUI-87723197;Lyon Part Dieu;;45.7605960;4.85940900;;;0;StopArea:OCE87723197
2026-07-29 13:52:26;OCESN6617F1187_F:OUI:FR:Line::5B76AFB9-244D-4AC6-9720-8142DC7F6A91::87686006:87722025:4:1610:20260731;StopPoint:OCETGV INOUI-87722025;2026-07-29 16:30:00;1200;;;;;;;;;;;;;;;;;;;StopPoint:OCETGV INOUI-87722025;Lyon Perrache;;45.7485080;4.82577700;;;0;StopArea:OCE87722025
2026-07-29 13:52:26;OCESN857414F1187_F:TER:FR:Line::10D812B6-51CF-4132-BCE8-013E1E973570::87484006:87396002:8:1454:20260925;StopPoint:OCETrain TER-87484006;;;2026-07-29 14:12:00;1200;;;;;;;;;;;;;;;;;;;;;;;;;
2026-07-29 13:52:26;OCESN857414F1187_F:TER:FR:Line::10D812B6-51CF-4132-BCE8-013E1E973570::87484006:87396002:8:1454:20260925;StopPoint:OCETrain TER-87484048;2026-07-29 14:14:00;1200;2026-07-29 14:15:00;1200;;;;;;;;;;;;;;;;;;;;;;;;;
2026-07-29 13:52:26;OCESN857414F1187_F:TER:FR:Line::10D812B6-51CF-4132-BCE8-013E1E973570::87484006:87396002:8:1454:20260925;StopPoint:OCETrain TER-87484147;2026-07-29 14:24:00;1200;2026-07-29 14:25:00;1200;;;;;;;;;;;;;;;;;;;;;;;;;
2026-07-29 13:52:26;OCESN857414F1187_F:TER:FR:Line::10D812B6-51CF-4132-BCE8-013E1E973570::87484006:87396002:8:1454:20260925;StopPoint:OCETrain TER-87484154;2026-07-29 14:29:00;1200;2026-07-29 14:30:00;1200;;;;;;;;;;;;;;;;;;;;;;;;;
2026-07-29 13:52:26;OCESN857414F1187_F:TER:FR:Line::10D812B6-51CF-4132-BCE8-013E1E973570::87484006:87396002:8:1454:20260925;StopPoint:OCETrain TER-87484170;2026-07-29 14:36:00;1200;2026-07-29 14:37:00;1200;;;;;;;;;;;;;;;;;;;;;;;;;
2026-07-29 13:52:26;OCESN857414F1187_F:TER:FR:Line::10D812B6-51CF-4132-BCE8-013E1E973570::87484006:87396002:8:1454:20260925;StopPoint:OCETrain TER-87396408;2026-07-29 14:45:00;1200;2026-07-29 14:46:00;1200;;;;;;;;;;;;;;;;;;;;;;;;;
2026-07-29 13:52:26;OCESN857414F1187_F:TER:FR:Line::10D812B6-51CF-4132-BCE8-013E1E973570::87484006:87396002:8:1454:20260925;StopPoint:OCETrain TER-87396366;2026-07-29 15:01:00;1200;2026-07-29 15:02:00;1200;;;;;;;;;;;;;;;;;;;;;;;;;
2026-07-29 13:52:26;OCESN857414F1187_F:TER:FR:Line::10D812B6-51CF-4132-BCE8-013E1E973570::87484006:87396002:8:1454:20260925;StopPoint:OCETrain TER-87396002;2026-07-29 15:14:00;1200;;;;;;;;;;;;;;;;;;;;;;;;;;;
2026-07-29 13:52:26;OCESN9575F1187_F:ICE:FR:Line::13365D41-4A66-4DF8-B277-1860172D9735::87113001:80290346:5:1726:20260904;StopPoint:OCEICE-80142281;2026-07-29 16:40:00;900;2026-07-29 16:42:00;900;;;;;;;;;;;;;;;;;StopPoint:OCEICE-80142281;Karlsruhe Hbf;;48.9935000;8.40190000;;;0;StopArea:OCE80142281
2026-07-29 13:52:26;OCESN9575F1187_F:ICE:FR:Line::13365D41-4A66-4DF8-B277-1860172D9735::87113001:80290346:5:1726:20260904;StopPoint:OCEICE-80297796;2026-07-29 17:11:00;900;2026-07-29 17:16:00;900;;;;;;;;;;;;;;;;;;;;;;;;;
2026-07-29 13:52:26;OCESN9575F1187_F:ICE:FR:Line::13365D41-4A66-4DF8-B277-1860172D9735::87113001:80290346:5:1726:20260904;StopPoint:OCEICE-80290346;2026-07-29 17:31:00;300;;;;;;;;;;;;;;;;;;;StopPoint:OCEICE-80290346;Stuttgart Hbf;;48.7846000;9.18370000;;;0;StopArea:OCE80290346
2026-07-29 13:52:26;OCESN891411F1187_F:TER:FR:Line::8B3F1FD1-3870-435B-8D30-A6998230AC64::87713040:87725002:11:1447:20260730;StopPoint:OCETrain TER-87713040;;;2026-07-29 13:58:00;300;;;;;;;;;;;;;;;;;;;;;;;;;
2026-07-29 13:52:26;OCESN891411F1187_F:TER:FR:Line::8B3F1FD1-3870-435B-8D30-A6998230AC64::87713040:87725002:11:1447:20260730;StopPoint:OCETrain TER-87713503;2026-07-29 14:05:00;300;2026-07-29 14:06:00;300;;;;;;;;;;;;;;;;;;;;;;;;;
2026-07-29 13:52:26;OCESN891411F1187_F:TER:FR:Line::8B3F1FD1-3870-435B-8D30-A6998230AC64::87713040:87725002:11:1447:20260730;StopPoint:OCETrain TER-87713511;2026-07-29 14:10:00;300;2026-07-29 14:11:00;300;;;;;;;;;;;;;;;;;;;;;;;;;
2026-07-29 13:52:26;OCESN891411F1187_F:TER:FR:Line::8B3F1FD1-3870-435B-8D30-A6998230AC64::87713040:87725002:11:1447:20260730;StopPoint:OCETrain TER-87713529;2026-07-29 14:14:00;300;2026-07-29 14:15:00;300;;;;;;;;;;;;;;;;;;;;;;;;;
2026-07-29 13:52:26;OCESN891411F1187_F:TER:FR:Line::8B3F1FD1-3870-435B-8D30-A6998230AC64::87713040:87725002:11:1447:20260730;StopPoint:OCETrain TER-87713537;2026-07-29 14:19:00;300;2026-07-29 14:20:00;300;;;;;;;;;;;;;;;;;;;;;;;;;
2026-07-29 13:52:26;OCESN891411F1187_F:TER:FR:Line::8B3F1FD1-3870-435B-8D30-A6998230AC64::87713040:87725002:11:1447:20260730;StopPoint:OCETrain TER-87713545;2026-07-29 14:25:00;300;2026-07-29 14:26:00;300;;;;;;;;;;;;;;;;;;;;;;;;;
2026-07-29 13:52:26;OCESN891411F1187_F:TER:FR:Line::8B3F1FD1-3870-435B-8D30-A6998230AC64::87713040:87725002:11:1447:20260730;StopPoint:OCETrain TER-87713560;2026-07-29 14:31:00;300;2026-07-29 14:32:00;300;;;;;;;;;;;;;;;;;;;;;;;;;
2026-07-29 13:52:26;OCESN891411F1187_F:TER:FR:Line::8B3F1FD1-3870-435B-8D30-A6998230AC64::87713040:87725002:11:1447:20260730;StopPoint:OCETrain TER-87713578;2026-07-29 14:37:00;300;2026-07-29 14:38:00;300;;;;;;;;;;;;;;;;;;;;;;;;;
2026-07-29 13:52:26;OCESN891411F1187_F:TER:FR:Line::8B3F1FD1-3870-435B-8D30-A6998230AC64::87713040:87725002:11:1447:20260730;StopPoint:OCETrain TER-87712026;2026-07-29 14:40:00;300;2026-07-29 14:41:00;300;;;;;;;;;;;;;;;;;;;;;;;;;
2026-07-29 13:52:26;OCESN891411F1187_F:TER:FR:Line::8B3F1FD1-3870-435B-8D30-A6998230AC64::87713040:87725002:11:1447:20260730;StopPoint:OCETrain TER-87713586;2026-07-29 14:44:00;300;2026-07-29 14:44:00;300;;;;;;;;;;;;;;;;;;;;;;;;;
2026-07-29 13:52:26;OCESN891411F1187_F:TER:FR:Line::8B3F1FD1-3870-435B-8D30-A6998230AC64::87713040:87725002:11:1447:20260730;StopPoint:OCETrain TER-87725002;2026-07-29 14:52:00;300;;;;;;;;;;;;;;;;;;;;;;;;;;;
2026-07-29 13:52:26;OCESN151256F;StopArea:OCE87545244;;;2026-07-29 14:00:00;60;;;;;;;;;;;;;;;;;;;;;;;;;
2026-07-29 13:52:26;OCESN5454F1187_F:OUI:FR:Line::6D267C2D-7D54-4578-9380-B2C7C75C7010::87212027:87581009:11:2001:20260827;StopPoint:OCETGV INOUI-87212027;;;2026-07-29 14:06:00;300;;;;;;;;;;;;;;;;;StopPoint:OCETGV INOUI-87212027;Strasbourg;;48.5851100;7.73388200;;;0;StopArea:OCE87212027
2026-07-29 13:52:26;OCESN5454F1187_F:OUI:FR:Line::6D267C2D-7D54-4578-9380-B2C7C75C7010::87212027:87581009:11:2001:20260827;StopPoint:OCETGV INOUI-87142109;2026-07-29 14:41:00;300;2026-07-29 14:44:00;300;;;;;;;;;;;;;;;;;StopPoint:OCETGV INOUI-87142109;Lorraine TGV;;48.9477130;6.16977800;;;0;StopArea:OCE87142109
2026-07-29 13:52:26;OCESN5454F1187_F:OUI:FR:Line::6D267C2D-7D54-4578-9380-B2C7C75C7010::87212027:87581009:11:2001:20260827;StopPoint:OCETGV INOUI-87147322;2026-07-29 15:02:00;300;2026-07-29 15:05:00;300;;;;;;;;;;;;;;;;;StopPoint:OCETGV INOUI-87147322;Meuse TGV;;48.9785830;5.27102400;;;0;StopArea:OCE87147322
2026-07-29 13:52:26;OCESN5454F1187_F:OUI:FR:Line::6D267C2D-7D54-4578-9380-B2C7C75C7010::87212027:87581009:11:2001:20260827;StopPoint:OCETGV INOUI-87171926;2026-07-29 15:28:00;300;2026-07-29 15:31:00;300;;;;;;;;;;;;;;;;;StopPoint:OCETGV INOUI-87171926;Champagne-Ardenne TGV;;49.2147690;3.99452300;;;0;StopArea:OCE87171926
2026-07-29 13:52:26;OCESN5454F1187_F:OUI:FR:Line::6D267C2D-7D54-4578-9380-B2C7C75C7010::87212027:87581009:11:2001:20260827;StopPoint:OCETGV INOUI-87271494;2026-07-29 16:02:00;300;2026-07-29 16:17:00;300;;;;;;;;;;;;;;;;;StopPoint:OCETGV INOUI-87271494;Aéroport Charles de Gaulle 2 TGV;;49.0036180;2.57081200;;;0;StopArea:OCE87271494
2026-07-29 13:52:26;OCESN5454F1187_F:OUI:FR:Line::6D267C2D-7D54-4578-9380-B2C7C75C7010::87212027:87581009:11:2001:20260827;StopPoint:OCETGV INOUI-87111849;2026-07-29 16:28:00;300;2026-07-29 16:36:00;300;;;;;;;;;;;;;;;;;StopPoint:OCETGV INOUI-87111849;Marne-la-Vallée Chessy;;48.8698980;2.78262600;;;0;StopArea:OCE87111849
2026-07-29 13:52:26;OCESN5454F1187_F:OUI:FR:Line::6D267C2D-7D54-4578-9380-B2C7C75C7010::87212027:87581009:11:2001:20260827;StopPoint:OCETGV INOUI-87393702;2026-07-29 17:07:00;300;2026-07-29 17:10:00;300;;;;;;;;;;;;;;;;;StopPoint:OCETGV INOUI-87393702;Massy TGV;;48.7257580;2.26125400;;;0;StopArea:OCE87393702
2026-07-29 13:52:26;OCESN5454F1187_F:OUI:FR:Line::6D267C2D-7D54-4578-9380-B2C7C75C7010::87212027:87581009:11:2001:20260827;StopPoint:OCETGV INOUI-87571240;2026-07-29 18:08:00;300;2026-07-29 18:12:00;300;;;;;;;;;;;;;;;;;StopPoint:OCETGV INOUI-87571240;Saint-Pierre-des-Corps;;47.3861400;0.72353900;;;0;StopArea:OCE87571240
2026-07-29 13:52:26;OCESN5454F1187_F:OUI:FR:Line::6D267C2D-7D54-4578-9380-B2C7C75C7010::87212027:87581009:11:2001:20260827;StopPoint:OCETGV INOUI-87575001;2026-07-29 18:43:00;300;2026-07-29 18:47:00;300;;;;;;;;;;;;;;;;;StopPoint:OCETGV INOUI-87575001;Poitiers;;46.5822320;0.33313600;;;0;StopArea:OCE87575001
2026-07-29 13:52:26;OCESN5454F1187_F:OUI:FR:Line::6D267C2D-7D54-4578-9380-B2C7C75C7010::87212027:87581009:11:2001:20260827;StopPoint:OCETGV INOUI-87583005;2026-07-29 19:25:00;300;2026-07-29 19:28:00;300;;;;;;;;;;;;;;;;;StopPoint:OCETGV INOUI-87583005;Angoulême;;45.6535720;0.16460800;;;0;StopArea:OCE87583005
2026-07-29 13:52:26;OCESN5454F1187_F:OUI:FR:Line::6D267C2D-7D54-4578-9380-B2C7C75C7010::87212027:87581009:11:2001:20260827;StopPoint:OCETGV INOUI-87581009;2026-07-29 20:06:00;300;;;;;;;;;;;;;;;;;;;StopPoint:OCETGV INOUI-87581009;Bordeaux Saint-Jean;;44.8258730;-0.5566970;;;0;StopArea:OCE87581009
2026-07-29 13:52:26;OCESN866138F1187_F:TER:FR:Line::3ebed947-d25a-4cb1-ad23-a6db52a6f082::87581397:87581009:17:1613:20260828;StopPoint:OCETrain TER-87581397;;;2026-07-29 14:17:00;300;;;;;;;;;;;;;;;;;;;;;;;;;
2026-07-29 13:52:26;OCESN866138F1187_F:TER:FR:Line::3ebed947-d25a-4cb1-ad23-a6db52a6f082::87581397:87581009:17:1613:20260828;StopPoint:OCETrain TER-87581389;2026-07-29 14:20:00;300;2026-07-29 14:21:00;300;;;;;;;;;;;;;;;;;;;;;;;;;
2026-07-29 13:52:26;OCESN866138F1187_F:TER:FR:Line::3ebed947-d25a-4cb1-ad23-a6db52a6f082::87581397:87581009:17:1613:20260828;StopPoint:OCETrain TER-87581371;2026-07-29 14:27:00;300;2026-07-29 14:28:00;300;;;;;;;;;;;;;;;;;;;;;;;;;
2026-07-29 13:52:26;OCESN866138F1187_F:TER:FR:Line::3ebed947-d25a-4cb1-ad23-a6db52a6f082::87581397:87581009:17:1613:20260828;StopPoint:OCETrain TER-87581314;2026-07-29 14:50:00;300;2026-07-29 14:51:00;300;;;;;;;;;;;;;;;;;;;;;;;;;
2026-07-29 13:52:26;OCESN866138F1187_F:TER:FR:Line::3ebed947-d25a-4cb1-ad23-a6db52a6f082::87581397:87581009:17:1613:20260828;StopPoint:OCETrain TER-87581256;2026-07-29 15:06:00;300;2026-07-29 15:09:00;300;;;;;;;;;;;;;;;;;;;;;;;;;
2026-07-29 13:52:26;OCESN866138F1187_F:TER:FR:Line::3ebed947-d25a-4cb1-ad23-a6db52a6f082::87581397:87581009:17:1613:20260828;StopPoint:OCETrain TER-87581231;2026-07-29 15:21:00;300;2026-07-29 15:22:00;300;;;;;;;;;;;;;;;;;;;;;;;;;
2026-07-29 13:52:26;OCESN866138F1187_F:TER:FR:Line::3ebed947-d25a-4cb1-ad23-a6db52a6f082::87581397:87581009:17:1613:20260828;StopPoint:OCETrain TER-87581215;2026-07-29 15:27:00;300;2026-07-29 15:28:00;300;;;;;;;;;;;;;;;;;;;;;;;;;
2026-07-29 13:52:26;OCESN866138F1187_F:TER:FR:Line::3ebed947-d25a-4cb1-ad23-a6db52a6f082::87581397:87581009:17:1613:20260828;StopPoint:OCETrain TER-87581199;2026-07-29 15:34:00;300;2026-07-29 15:37:00;300;;;;;;;;;;;;;;;;;;;;;;;;;
2026-07-29 13:52:26;OCESN866138F1187_F:TER:FR:Line::3ebed947-d25a-4cb1-ad23-a6db52a6f082::87581397:87581009:17:1613:20260828;StopPoint:OCETrain TER-87581181;2026-07-29 15:41:00;300;2026-07-29 15:42:00;300;;;;;;;;;;;;;;;;;;;;;;;;;
2026-07-29 13:52:26;OCESN866138F1187_F:TER:FR:Line::3ebed947-d25a-4cb1-ad23-a6db52a6f082::87581397:87581009:17:1613:20260828;StopPoint:OCETrain TER-87581710;2026-07-29 15:45:00;300;2026-07-29 15:46:00;300;;;;;;;;;;;;;;;;;;;;;;;;;
2026-07-29 13:52:26;OCESN866138F1187_F:TER:FR:Line::3ebed947-d25a-4cb1-ad23-a6db52a6f082::87581397:87581009:17:1613:20260828;StopPoint:OCETrain TER-87581728;2026-07-29 15:49:00;300;2026-07-29 15:50:00;300;;;;;;;;;;;;;;;;;;;;;;;;;
2026-07-29 13:52:26;OCESN866138F1187_F:TER:FR:Line::3ebed947-d25a-4cb1-ad23-a6db52a6f082::87581397:87581009:17:1613:20260828;StopPoint:OCETrain TER-87581736;2026-07-29 15:54:00;300;2026-07-29 15:55:00;300;;;;;;;;;;;;;;;;;;;;;;;;;
2026-07-29 13:52:26;OCESN866138F1187_F:TER:FR:Line::3ebed947-d25a-4cb1-ad23-a6db52a6f082::87581397:87581009:17:1613:20260828;StopPoint:OCETrain TER-87738096;2026-07-29 15:59:00;300;2026-07-29 16:00:00;300;;;;;;;;;;;;;;;;;;;;;;;;;
2026-07-29 13:52:26;OCESN866138F1187_F:TER:FR:Line::3ebed947-d25a-4cb1-ad23-a6db52a6f082::87581397:87581009:17:1613:20260828;StopPoint:OCETrain TER-87581538;2026-07-29 16:04:00;300;2026-07-29 16:05:00;300;;;;;;;;;;;;;;;;;;;;;;;;;
2026-07-29 13:52:26;OCESN866138F1187_F:TER:FR:Line::3ebed947-d25a-4cb1-ad23-a6db52a6f082::87581397:87581009:17:1613:20260828;StopPoint:OCETrain TER-87278259;2026-07-29 16:07:00;300;2026-07-29 16:08:00;300;;;;;;;;;;;;;;;;;;;;;;;;;
2026-07-29 13:52:26;OCESN866138F1187_F:TER:FR:Line::3ebed947-d25a-4cb1-ad23-a6db52a6f082::87581397:87581009:17:1613:20260828;StopPoint:OCETrain TER-87748350;2026-07-29 16:12:00;300;2026-07-29 16:13:00;300;;;;;;;;;;;;;;;;;;;;;;;;;
2026-07-29 13:52:26;OCESN866138F1187_F:TER:FR:Line::3ebed947-d25a-4cb1-ad23-a6db52a6f082::87581397:87581009:17:1613:20260828;StopPoint:OCETrain TER-87581009;2026-07-29 16:18:00;300;;;;;;;;;;;;;;;;;;;;;;;;;;;
2026-07-29 13:52:26;OCESN879736F1187_F:TER:FR:Line::13646F20-4947-4CFA-B40D-63FF0D28C61E::87751008:87753004:15:1553:20261209;StopPoint:OCETrain TER-87751008;;;2026-07-29 14:25:00;300;;;;;;;;;;;;;;;;;;;;;;;;;
2026-07-29 13:52:26;OCESN879736F1187_F:TER:FR:Line::13646F20-4947-4CFA-B40D-63FF0D28C61E::87751008:87753004:15:1553:20261209;StopPoint:OCETrain TER-87580340;2026-07-29 14:30:00;300;2026-07-29 14:32:00;300;;;;;;;;;;;;;;;;;;;;;;;;;
2026-07-29 13:52:26;OCESN879736F1187_F:TER:FR:Line::13646F20-4947-4CFA-B40D-63FF0D28C61E::87751008:87753004:15:1553:20261209;StopPoint:OCETrain TER-87751602;2026-07-29 14:41:00;300;2026-07-29 14:43:00;300;;;;;;;;;;;;;;;;;;;;;;;;;
2026-07-29 13:52:26;OCESN879736F1187_F:TER:FR:Line::13646F20-4947-4CFA-B40D-63FF0D28C61E::87751008:87753004:15:1553:20261209;StopPoint:OCETrain TER-87753582;2026-07-29 14:52:00;300;2026-07-29 14:53:00;300;;;;;;;;;;;;;;;;;;;;;;;;;
2026-07-29 13:52:26;OCESN879736F1187_F:TER:FR:Line::13646F20-4947-4CFA-B40D-63FF0D28C61E::87751008:87753004:15:1553:20261209;StopPoint:OCETrain TER-87753574;2026-07-29 14:57:00;300;2026-07-29 14:59:00;300;;;;;;;;;;;;;;;;;;;;;;;;;
2026-07-29 13:52:26;OCESN879736F1187_F:TER:FR:Line::13646F20-4947-4CFA-B40D-63FF0D28C61E::87751008:87753004:15:1553:20261209;StopPoint:OCETrain TER-87753566;2026-07-29 15:02:00;300;2026-07-29 15:04:00;300;;;;;;;;;;;;;;;;;;;;;;;;;
2026-07-29 13:52:26;OCESN879736F1187_F:TER:FR:Line::13646F20-4947-4CFA-B40D-63FF0D28C61E::87751008:87753004:15:1553:20261209;StopPoint:OCETrain TER-87753558;2026-07-29 15:07:00;300;2026-07-29 15:09:00;300;;;;;;;;;;;;;;;;;;;;;;;;;
2026-07-29 13:52:26;OCESN879736F1187_F:TER:FR:Line::13646F20-4947-4CFA-B40D-63FF0D28C61E::87751008:87753004:15:1553:20261209;StopPoint:OCETrain TER-87753541;2026-07-29 15:14:00;300;2026-07-29 15:15:00;300;;;;;;;;;;;;;;;;;;;;;;;;;
2026-07-29 13:52:26;OCESN879736F1187_F:TER:FR:Line::13646F20-4947-4CFA-B40D-63FF0D28C61E::87751008:87753004:15:1553:20261209;StopPoint:OCETrain TER-87753509;2026-07-29 15:21:00;300;2026-07-29 15:23:00;300;;;;;;;;;;;;;;;;;;;;;;;;;
2026-07-29 13:52:26;OCESN879736F1187_F:TER:FR:Line::13646F20-4947-4CFA-B40D-63FF0D28C61E::87751008:87753004:15:1553:20261209;StopPoint:OCETrain TER-87753491;2026-07-29 15:25:00;300;2026-07-29 15:26:00;300;;;;;;;;;;;;;;;;;;;;;;;;;
2026-07-29 13:52:26;OCESN879736F1187_F:TER:FR:Line::13646F20-4947-4CFA-B40D-63FF0D28C61E::87751008:87753004:15:1553:20261209;StopPoint:OCETrain TER-87753459;2026-07-29 15:29:00;300;2026-07-29 15:31:00;300;;;;;;;;;;;;;;;;;;;;;;;;;
2026-07-29 13:52:26;OCESN879736F1187_F:TER:FR:Line::13646F20-4947-4CFA-B40D-63FF0D28C61E::87751008:87753004:15:1553:20261209;StopPoint:OCETrain TER-87753442;2026-07-29 15:34:00;300;2026-07-29 15:35:00;300;;;;;;;;;;;;;;;;;;;;;;;;;
2026-07-29 13:52:26;OCESN879736F1187_F:TER:FR:Line::13646F20-4947-4CFA-B40D-63FF0D28C61E::87751008:87753004:15:1553:20261209;StopPoint:OCETrain TER-87753426;2026-07-29 15:43:00;300;2026-07-29 15:45:00;300;;;;;;;;;;;;;;;;;;;;;;;;;
2026-07-29 13:52:26;OCESN879736F1187_F:TER:FR:Line::13646F20-4947-4CFA-B40D-63FF0D28C61E::87751008:87753004:15:1553:20261209;StopPoint:OCETrain TER-87753418;2026-07-29 15:47:00;300;2026-07-29 15:49:00;300;;;;;;;;;;;;;;;;;;;;;;;;;
2026-07-29 13:52:26;OCESN879736F1187_F:TER:FR:Line::13646F20-4947-4CFA-B40D-63FF0D28C61E::87751008:87753004:15:1553:20261209;StopPoint:OCETrain TER-87753004;2026-07-29 15:58:00;300;;;;;;;;;;;;;;;;;;;;;;;;;;;
2026-07-29 13:52:26;OCESN879522F1187_F:TER:FR:Line::7B48FDEF-35FE-45ED-BA4D-A638BCE7E21A::87751008:87765008:10:1603:20261211;StopPoint:OCETrain TER-87751008;;;2026-07-29 14:45:00;300;;;;;;;;;;;;;;;;;;;;;;;;;
2026-07-29 13:52:26;OCESN879522F1187_F:TER:FR:Line::7B48FDEF-35FE-45ED-BA4D-A638BCE7E21A::87751008:87765008:10:1603:20261211;StopPoint:OCETrain TER-87751602;2026-07-29 14:53:00;300;2026-07-29 14:54:00;300;;;;;;;;;;;;;;;;;;;;;;;;;
2026-07-29 13:52:26;OCESN879522F1187_F:TER:FR:Line::7B48FDEF-35FE-45ED-BA4D-A638BCE7E21A::87751008:87765008:10:1603:20261211;StopPoint:OCETrain TER-87753285;2026-07-29 14:59:00;300;2026-07-29 15:00:00;300;;;;;;;;;;;;;;;;;;;;;;;;;
2026-07-29 13:52:26;OCESN879522F1187_F:TER:FR:Line::7B48FDEF-35FE-45ED-BA4D-A638BCE7E21A::87751008:87765008:10:1603:20261211;StopPoint:OCETrain TER-87439554;2026-07-29 15:04:00;300;2026-07-29 15:05:00;300;;;;;;;;;;;;;;;;;;;;;;;;;
2026-07-29 13:52:26;OCESN879522F1187_F:TER:FR:Line::7B48FDEF-35FE-45ED-BA4D-A638BCE7E21A::87751008:87765008:10:1603:20261211;StopPoint:OCETrain TER-87753251;2026-07-29 15:08:00;300;2026-07-29 15:09:00;300;;;;;;;;;;;;;;;;;;;;;;;;;
2026-07-29 13:52:26;OCESN879522F1187_F:TER:FR:Line::7B48FDEF-35FE-45ED-BA4D-A638BCE7E21A::87751008:87765008:10:1603:20261211;StopPoint:OCETrain TER-87753202;2026-07-29 15:20:00;300;2026-07-29 15:21:00;300;;;;;;;;;;;;;;;;;;;;;;;;;
2026-07-29 13:52:26;OCESN879522F1187_F:TER:FR:Line::7B48FDEF-35FE-45ED-BA4D-A638BCE7E21A::87751008:87765008:10:1603:20261211;StopPoint:OCETrain TER-87753004;2026-07-29 15:25:00;300;2026-07-29 15:27:00;300;;;;;;;;;;;;;;;;;;;;;;;;;
2026-07-29 13:52:26;OCESN879522F1187_F:TER:FR:Line::7B48FDEF-35FE-45ED-BA4D-A638BCE7E21A::87751008:87765008:10:1603:20261211;StopPoint:OCETrain TER-87753681;2026-07-29 15:39:00;300;2026-07-29 15:40:00;300;;;;;;;;;;;;;;;;;;;;;;;;;
2026-07-29 13:52:26;OCESN879522F1187_F:TER:FR:Line::7B48FDEF-35FE-45ED-BA4D-A638BCE7E21A::87751008:87765008:10:1603:20261211;StopPoint:OCETrain TER-87753657;2026-07-29 15:49:00;300;2026-07-29 15:50:00;300;;;;;;;;;;;;;;;;;;;;;;;;;
2026-07-29 13:52:26;OCESN879522F1187_F:TER:FR:Line::7B48FDEF-35FE-45ED-BA4D-A638BCE7E21A::87751008:87765008:10:1603:20261211;StopPoint:OCETrain TER-87765008;2026-07-29 16:08:00;300;;;;;;;;;;;;;;;;;;;;;;;;;;;
2026-07-29 13:52:26;OCESN12260F1187_F:OUI:FR:Line::bfee86bc-5225-4c40-a6e6-785cfd43eae6::87581009:87391003:3:1716:20260827;StopPoint:OCETGV INOUI-87581009;;;2026-07-29 14:51:00;300;;;;;;;;;;;;;;;;;StopPoint:OCETGV INOUI-87581009;Bordeaux Saint-Jean;;44.8258730;-0.5566970;;;0;StopArea:OCE87581009
2026-07-29 13:52:26;OCESN12260F1187_F:OUI:FR:Line::bfee86bc-5225-4c40-a6e6-785cfd43eae6::87581009:87391003:3:1716:20260827;StopPoint:OCETGV INOUI-87583005;2026-07-29 15:26:00;300;2026-07-29 15:30:00;300;;;;;;;;;;;;;;;;;StopPoint:OCETGV INOUI-87583005;Angoulême;;45.6535720;0.16460800;;;0;StopArea:OCE87583005
2026-07-29 13:52:26;OCESN12260F1187_F:OUI:FR:Line::bfee86bc-5225-4c40-a6e6-785cfd43eae6::87581009:87391003:3:1716:20260827;StopPoint:OCETGV INOUI-87391003;2026-07-29 17:21:00;300;;;;;;;;;;;;;;;;;;;StopPoint:OCETGV INOUI-87391003;Paris Montparnasse Hall 1 - 2;;48.8411720;2.32051400;;;0;StopArea:OCE87391003
