collecte_horodatage;trip_id;stop_id_rt;arrival_time;arrival_delay_sec;departure_time;departure_delay_sec;trip_route_id;trip_service_id;trip_trip_id;trip_trip_headsign;trip_direction_id;trip_block_id;trip_shape_id;route_route_id;route_agency_id;route_route_short_name;route_route_long_name;route_route_desc;route_route_type;route_route_url;route_route_color;route_route_text_color;stop_stop_id;stop_stop_name;stop_stop_desc;stop_stop_lat;stop_stop_lon;stop_zone_id;stop_stop_url;stop_location_type;stop_parent_station
2026-07-30 11:51:50;OCESN5521F1187_F:OUI:FR:Line::4FA25873-A63A-4A2D-B62F-EF950E45D8A9::87192039:87773002:11:1252:20261212;StopPoint:OCETGV INOUI-87725002;2026-07-30 11:54:00;7200;2026-07-30 11:57:00;7200;FR:Line::4FA25873-A63A-4A2D-B62F-EF950E45D8A9:;003038;OCESN5521F1187_F:OUI:FR:Line::4FA25873-A63A-4A2D-B62F-EF950E45D8A9::87192039:87773002:11:1252:20261212;5521;1;12122;;FR:Line::4FA25873-A63A-4A2D-B62F-EF950E45D8A9:;1187;071B;Lux/Alsace/Loraine - LR;;2;;;;StopPoint:OCETGV INOUI-87725002;Chalon-sur-Saône;;46.78162200;4.843479000;;;0;StopArea:OCE87725002
2026-07-30 11:51:50;OCESN5521F1187_F:OUI:FR:Line::4FA25873-A63A-4A2D-B62F-EF950E45D8A9::87192039:87773002:11:1252:20261212;StopPoint:OCETGV INOUI-87723197;2026-07-30 12:59:00;7200;2026-07-30 13:05:00;7200;FR:Line::4FA25873-A63A-4A2D-B62F-EF950E45D8A9:;003038;OCESN5521F1187_F:OUI:FR:Line::4FA25873-A63A-4A2D-B62F-EF950E45D8A9::87192039:87773002:11:1252:20261212;5521;1;12122;;FR:Line::4FA25873-A63A-4A2D-B62F-EF950E45D8A9:;1187;071B;Lux/Alsace/Loraine - LR;;2;;;;StopPoint:OCETGV INOUI-87723197;Lyon Part Dieu;;45.76059600;4.859409000;;;0;StopArea:OCE87723197
2026-07-30 11:51:50;OCESN5521F1187_F:OUI:FR:Line::4FA25873-A63A-4A2D-B62F-EF950E45D8A9::87192039:87773002:11:1252:20261212;StopPoint:OCETGV INOUI-87775007;2026-07-30 14:22:00;7200;2026-07-30 14:25:00;7200;FR:Line::4FA25873-A63A-4A2D-B62F-EF950E45D8A9:;003038;OCESN5521F1187_F:OUI:FR:Line::4FA25873-A63A-4A2D-B62F-EF950E45D8A9::87192039:87773002:11:1252:20261212;5521;1;12122;;FR:Line::4FA25873-A63A-4A2D-B62F-EF950E45D8A9:;1187;071B;Lux/Alsace/Loraine - LR;;2;;;;StopPoint:OCETGV INOUI-87775007;Nîmes Centre;;43.83231300;4.365872000;;;0;StopArea:OCE87775007
2026-07-30 11:51:50;OCESN5521F1187_F:OUI:FR:Line::4FA25873-A63A-4A2D-B62F-EF950E45D8A9::87192039:87773002:11:1252:20261212;StopPoint:OCETGV INOUI-87773002;2026-07-30 14:52:00;7200;;;FR:Line::4FA25873-A63A-4A2D-B62F-EF950E45D8A9:;003038;OCESN5521F1187_F:OUI:FR:Line::4FA25873-A63A-4A2D-B62F-EF950E45D8A9::87192039:87773002:11:1252:20261212;5521;1;12122;;FR:Line::4FA25873-A63A-4A2D-B62F-EF950E45D8A9:;1187;071B;Lux/Alsace/Loraine - LR;;2;;;;StopPoint:OCETGV INOUI-87773002;Montpellier Saint-Roch;;43.60473800;3.880674000;;;0;StopArea:OCE87773002
2026-07-30 11:51:50;OCESN5202F1187_F:OUI:FR:Line::F74CC5B5-2F44-4A9F-8336-69F30A4DEC89::87286005:87581009:11:1202:20260816;StopPoint:OCETGV INOUI-87583005;2026-07-30 11:27:00;300;2026-07-30 11:30:00;300;FR:Line::F74CC5B5-2F44-4A9F-8336-69F30A4DEC89:;002778;OCESN5202F1187_F:OUI:FR:Line::F74CC5B5-2F44-4A9F-8336-69F30A4DEC89::87286005:87581009:11:1202:20260816;5202;1;11437;;FR:Line::F74CC5B5-2F44-4A9F-8336-69F30A4DEC89:;1187;003A;Nord Aquitaine TGV;;2;;;;StopPoint:OCETGV INOUI-87583005;Angoulême;;45.65357200;0.164608000;;;0;StopArea:OCE87583005
2026-07-30 11:51:50;OCESN5202F1187_F:OUI:FR:Line::F74CC5B5-2F44-4A9F-8336-69F30A4DEC89::87286005:87581009:11:1202:20260816;StopPoint:OCETGV INOUI-87581009;2026-07-30 12:07:00;300;;;FR:Line::F74CC5B5-2F44-4A9F-8336-69F30A4DEC89:;002778;OCESN5202F1187_F:OUI:FR:Line::F74CC5B5-2F44-4A9F-8336-69F30A4DEC89::87286005:87581009:11:1202:20260816;5202;1;11437;;FR:Line::F74CC5B5-2F44-4A9F-8336-69F30A4DEC89:;1187;003A;Nord Aquitaine TGV;;2;;;;StopPoint:OCETGV INOUI-87581009;Bordeaux Saint-Jean;;44.82587300;-0.55669700;;;0;StopArea:OCE87581009
2026-07-30 11:51:50;OCESN8571F1187_F:OUI:FR:Line::2881AC3D-A347-4440-BEF8-23ACAB159588::87391003:87671008:4:1151:20260730;StopPoint:OCETGV INOUI-87581009;2026-07-30 08:58:00;600;2026-07-30 08:59:00;300;FR:Line::2881AC3D-A347-4440-BEF8-23ACAB159588:;000049;OCESN8571F1187_F:OUI:FR:Line::2881AC3D-A347-4440-BEF8-23ACAB159588::87391003:87671008:4:1151:20260730;8571;1;27919;;FR:Line::2881AC3D-A347-4440-BEF8-23ACAB159588:;1187;421B;Paris - Tarbes TGV;;2;;;;StopPoint:OCETGV INOUI-87581009;Bordeaux Saint-Jean;;44.82587300;-0.55669700;;;0;StopArea:OCE87581009
2026-07-30 11:51:50;OCESN8571F1187_F:OUI:FR:Line::2881AC3D-A347-4440-BEF8-23ACAB159588::87391003:87671008:4:1151:20260730;StopPoint:OCETGV INOUI-87671008;2026-07-30 12:41:00;3000;;;FR:Line::2881AC3D-A347-4440-BEF8-23ACAB159588:;000049;OCESN8571F1187_F:OUI:FR:Line::2881AC3D-A347-4440-BEF8-23ACAB159588::87391003:87671008:4:1151:20260730;8571;1;27919;;FR:Line::2881AC3D-A347-4440-BEF8-23ACAB159588:;1187;421B;Paris - Tarbes TGV;;2;;;;StopPoint:OCETGV INOUI-87671008;Tarbes;;43.23986300;0.069442000;;;0;StopArea:OCE87671008
2026-07-30 11:51:50;OCESN9810F1187_F:OUI:FR:Line::A6C76228-9224-4C48-8B92-80FC80F093E2::88140010:87751008:9:1224:20260805;StopPoint:OCETGV INOUI-88140010;;;2026-07-30 06:42:00;300;FR:Line::A6C76228-9224-4C48-8B92-80FC80F093E2:;009198;OCESN9810F1187_F:OUI:FR:Line::A6C76228-9224-4C48-8B92-80FC80F093E2::88140010:87751008:9:1224:20260805;9810;0;48327;;FR:Line::A6C76228-9224-4C48-8B92-80FC80F093E2:;1187;001B;Lille - Mediterranee TGV;;2;;;;StopPoint:OCETGV INOUI-88140010;Bruxelles Midi;;50.83600000;4.336000000;;;0;StopArea:OCE88140010
2026-07-30 11:51:50;OCESN9810F1187_F:OUI:FR:Line::A6C76228-9224-4C48-8B92-80FC80F093E2::88140010:87751008:9:1224:20260805;StopPoint:OCETGV INOUI-87223263;2026-07-30 07:17:00;300;2026-07-30 07:28:00;300;FR:Line::A6C76228-9224-4C48-8B92-80FC80F093E2:;009198;OCESN9810F1187_F:OUI:FR:Line::A6C76228-9224-4C48-8B92-80FC80F093E2::88140010:87751008:9:1224:20260805;9810;0;48327;;FR:Line::A6C76228-9224-4C48-8B92-80FC80F093E2:;1187;001B;Lille - Mediterranee TGV;;2;;;;StopPoint:OCETGV INOUI-87223263;Lille Europe;;50.63940000;3.075721000;;;0;StopArea:OCE87223263
2026-07-30 11:51:50;OCESN9810F1187_F:OUI:FR:Line::A6C76228-9224-4C48-8B92-80FC80F093E2::88140010:87751008:9:1224:20260805;StopPoint:OCETGV INOUI-87313882;2026-07-30 07:54:00;300;2026-07-30 07:57:00;300;FR:Line::A6C76228-9224-4C48-8B92-80FC80F093E2:;009198;OCESN9810F1187_F:OUI:FR:Line::A6C76228-9224-4C48-8B92-80FC80F093E2::88140010:87751008:9:1224:20260805;9810;0;48327;;FR:Line::A6C76228-9224-4C48-8B92-80FC80F093E2:;1187;001B;Lille - Mediterranee TGV;;2;;;;StopPoint:OCETGV INOUI-87313882;TGV Haute Picardie;;49.85917200;2.831619000;;;0;StopArea:OCE87313882
2026-07-30 11:51:50;OCESN9810F1187_F:OUI:FR:Line::A6C76228-9224-4C48-8B92-80FC80F093E2::88140010:87751008:9:1224:20260805;StopPoint:OCETGV INOUI-87271494;2026-07-30 08:25:00;300;2026-07-30 08:32:00;300;FR:Line::A6C76228-9224-4C48-8B92-80FC80F093E2:;009198;OCESN9810F1187_F:OUI:FR:Line::A6C76228-9224-4C48-8B92-80FC80F093E2::88140010:87751008:9:1224:20260805;9810;0;48327;;FR:Line::A6C76228-9224-4C48-8B92-80FC80F093E2:;1187;001B;Lille - Mediterranee TGV;;2;;;;StopPoint:OCETGV INOUI-87271494;Aéroport Charles de Gaulle 2 TGV;;49.00361800;2.570812000;;;0;StopArea:OCE87271494
2026-07-30 11:51:50;OCESN9243F1187_F:OUI:FR:Line::2FFF7F96-0EBC-4AA1-B417-38EBD492057E::87686006:83016451:7:1353:20261206;StopPoint:OCETGV INOUI-87741009;2026-07-30 09:41:00;300;2026-07-30 09:59:00;900;FR:Line::2FFF7F96-0EBC-4AA1-B417-38EBD492057E:;008924;OCESN9243F1187_F:OUI:FR:Line::2FFF7F96-0EBC-4AA1-B417-38EBD492057E::87686006:83016451:7:1353:20261206;9243;0;47216;;FR:Line::2FFF7F96-0EBC-4AA1-B417-38EBD492057E:;1187;641A;Paris Milan;;2;;;;StopPoint:OCETGV INOUI-87741009;Chambéry - Challes-les-Eaux;;45.57130200;5.919547000;;;0;StopArea:OCE87741009
2026-07-30 11:51:50;OCESN9243F1187_F:OUI:FR:Line::2FFF7F96-0EBC-4AA1-B417-38EBD492057E::87686006:83016451:7:1353:20261206;StopPoint:OCETGV INOUI-87742007;2026-07-30 11:01:00;900;2026-07-30 11:05:00;600;FR:Line::2FFF7F96-0EBC-4AA1-B417-38EBD492057E:;008924;OCESN9243F1187_F:OUI:FR:Line::2FFF7F96-0EBC-4AA1-B417-38EBD492057E::87686006:83016451:7:1353:20261206;9243;0;47216;;FR:Line::2FFF7F96-0EBC-4AA1-B417-38EBD492057E:;1187;641A;Paris Milan;;2;;;;StopPoint:OCETGV INOUI-87742007;Modane;;45.19355500;6.659139000;;;0;StopArea:OCE87742007
2026-07-30 11:51:50;OCESN9243F1187_F:OUI:FR:Line::2FFF7F96-0EBC-4AA1-B417-38EBD492057E::87686006:83016451:7:1353:20261206;StopPoint:OCETGV INOUI-83002048;2026-07-30 11:31:00;600;2026-07-30 11:33:00;600;FR:Line::2FFF7F96-0EBC-4AA1-B417-38EBD492057E:;008924;OCESN9243F1187_F:OUI:FR:Line::2FFF7F96-0EBC-4AA1-B417-38EBD492057E::87686006:83016451:7:1353:20261206;9243;0;47216;;FR:Line::2FFF7F96-0EBC-4AA1-B417-38EBD492057E:;1187;641A;Paris Milan;;2;;;;StopPoint:OCETGV INOUI-83002048;OULX CESANA CLAVIERE SESTRIERE;;45.03879500;6.831431000;;;0;StopArea:OCE83002048
2026-07-30 11:51:50;OCESN9243F1187_F:OUI:FR:Line::2FFF7F96-0EBC-4AA1-B417-38EBD492057E::87686006:83016451:7:1353:20261206;StopPoint:OCETGV INOUI-83000356;2026-07-30 12:33:00;600;2026-07-30 12:35:00;600;FR:Line::2FFF7F96-0EBC-4AA1-B417-38EBD492057E:;008924;OCESN9243F1187_F:OUI:FR:Line::2FFF7F96-0EBC-4AA1-B417-38EBD492057E::87686006:83016451:7:1353:20261206;9243;0;47216;;FR:Line::2FFF7F96-0EBC-4AA1-B417-38EBD492057E:;1187;641A;Paris Milan;;2;;;;StopPoint:OCETGV INOUI-83000356;Turin Porta Susa;;45.07411800;7.666675000;;;0;StopArea:OCE83000356
2026-07-30 11:51:50;OCESN12181F1187_F:OUI:FR:Line::4FA25873-A63A-4A2D-B62F-EF950E45D8A9::87212027:87773002:10:1252:20261115;StopPoint:OCETGV INOUI-87725002;2026-07-30 11:54:00;7200;2026-07-30 11:57:00;7200;FR:Line::4FA25873-A63A-4A2D-B62F-EF950E45D8A9:;000212;OCESN12181F1187_F:OUI:FR:Line::4FA25873-A63A-4A2D-B62F-EF950E45D8A9::87212027:87773002:10:1252:20261115;12181;1;334;;FR:Line::4FA25873-A63A-4A2D-B62F-EF950E45D8A9:;1187;071B;Lux/Alsace/Loraine - LR;;2;;;;StopPoint:OCETGV INOUI-87725002;Chalon-sur-Saône;;46.78162200;4.843479000;;;0;StopArea:OCE87725002
2026-07-30 11:51:50;OCESN12181F1187_F:OUI:FR:Line::4FA25873-A63A-4A2D-B62F-EF950E45D8A9::87212027:87773002:10:1252:20261115;StopPoint:OCETGV INOUI-87723197;2026-07-30 12:59:00;7200;2026-07-30 13:05:00;7200;FR:Line::4FA25873-A63A-4A2D-B62F-EF950E45D8A9:;000212;OCESN12181F1187_F:OUI:FR:Line::4FA25873-A63A-4A2D-B62F-EF950E45D8A9::87212027:87773002:10:1252:20261115;12181;1;334;;FR:Line::4FA25873-A63A-4A2D-B62F-EF950E45D8A9:;1187;071B;Lux/Alsace/Loraine - LR;;2;;;;StopPoint:OCETGV INOUI-87723197;Lyon Part Dieu;;45.76059600;4.859409000;;;0;StopArea:OCE87723197
2026-07-30 11:51:50;OCESN12181F1187_F:OUI:FR:Line::4FA25873-A63A-4A2D-B62F-EF950E45D8A9::87212027:87773002:10:1252:20261115;StopPoint:OCETGV INOUI-87775007;2026-07-30 14:22:00;7200;2026-07-30 14:25:00;7200;FR:Line::4FA25873-A63A-4A2D-B62F-EF950E45D8A9:;000212;OCESN12181F1187_F:OUI:FR:Line::4FA25873-A63A-4A2D-B62F-EF950E45D8A9::87212027:87773002:10:1252:20261115;12181;1;334;;FR:Line::4FA25873-A63A-4A2D-B62F-EF950E45D8A9:;1187;071B;Lux/Alsace/Loraine - LR;;2;;;;StopPoint:OCETGV INOUI-87775007;Nîmes Centre;;43.83231300;4.365872000;;;0;StopArea:OCE87775007
2026-07-30 11:51:50;OCESN12181F1187_F:OUI:FR:Line::4FA25873-A63A-4A2D-B62F-EF950E45D8A9::87212027:87773002:10:1252:20261115;StopPoint:OCETGV INOUI-87773002;2026-07-30 14:52:00;7200;;;FR:Line::4FA25873-A63A-4A2D-B62F-EF950E45D8A9:;000212;OCESN12181F1187_F:OUI:FR:Line::4FA25873-A63A-4A2D-B62F-EF950E45D8A9::87212027:87773002:10:1252:20261115;12181;1;334;;FR:Line::4FA25873-A63A-4A2D-B62F-EF950E45D8A9:;1187;071B;Lux/Alsace/Loraine - LR;;2;;;;StopPoint:OCETGV INOUI-87773002;Montpellier Saint-Roch;;43.60473800;3.880674000;;;0;StopArea:OCE87773002
2026-07-30 11:51:50;OCESN12176F1187_F:OUI:FR:Line::19ea029b-6782-421a-8481-7470f5718e47::87756056:87212027:18:1554:20261124;StopPoint:OCETGV INOUI-87755009;2026-07-30 08:52:00;300;2026-07-30 08:55:00;300;FR:Line::19ea029b-6782-421a-8481-7470f5718e47:;000176;OCESN12176F1187_F:OUI:FR:Line::19ea029b-6782-421a-8481-7470f5718e47::87756056:87212027:18:1554:20261124;12176;1;274;;FR:Line::19ea029b-6782-421a-8481-7470f5718e47:;1187;071A;Lux/Alsace/Loraine - Paca;;2;;;;StopPoint:OCETGV INOUI-87755009;Toulon;;43.12835300;5.929404000;;;0;StopArea:OCE87755009
2026-07-30 11:51:50;OCESN12176F1187_F:OUI:FR:Line::19ea029b-6782-421a-8481-7470f5718e47::87756056:87212027:18:1554:20261124;StopPoint:OCETGV INOUI-87751008;2026-07-30 09:36:00;300;2026-07-30 09:50:00;300;FR:Line::19ea029b-6782-421a-8481-7470f5718e47:;000176;OCESN12176F1187_F:OUI:FR:Line::19ea029b-6782-421a-8481-7470f5718e47::87756056:87212027:18:1554:20261124;12176;1;274;;FR:Line::19ea029b-6782-421a-8481-7470f5718e47:;1187;071A;Lux/Alsace/Loraine - Paca;;2;;;;StopPoint:OCETGV INOUI-87751008;Marseille Saint-Charles;;43.30266600;5.380407000;;;0;StopArea:OCE87751008
2026-07-30 11:51:50;OCESN12176F1187_F:OUI:FR:Line::19ea029b-6782-421a-8481-7470f5718e47::87756056:87212027:18:1554:20261124;StopPoint:OCETGV INOUI-87319012;2026-07-30 10:01:00;300;2026-07-30 10:04:00;300;FR:Line::19ea029b-6782-421a-8481-7470f5718e47:;000176;OCESN12176F1187_F:OUI:FR:Line::19ea029b-6782-421a-8481-7470f5718e47::87756056:87212027:18:1554:20261124;12176;1;274;;FR:Line::19ea029b-6782-421a-8481-7470f5718e47:;1187;071A;Lux/Alsace/Loraine - Paca;;2;;;;StopPoint:OCETGV INOUI-87319012;Aix-en-Provence TGV;;43.45523700;5.317534000;;;0;StopArea:OCE87319012
2026-07-30 11:51:50;OCESN12176F1187_F:OUI:FR:Line::19ea029b-6782-421a-8481-7470f5718e47::87756056:87212027:18:1554:20261124;StopPoint:OCETGV INOUI-87318964;2026-07-30 10:24:00;300;2026-07-30 10:27:00;300;FR:Line::19ea029b-6782-421a-8481-7470f5718e47:;000176;OCESN12176F1187_F:OUI:FR:Line::19ea029b-6782-421a-8481-7470f5718e47::87756056:87212027:18:1554:20261124;12176;1;274;;FR:Line::19ea029b-6782-421a-8481-7470f5718e47:;1187;071A;Lux/Alsace/Loraine - Paca;;2;;;;StopPoint:OCETGV INOUI-87318964;Avignon TGV;;43.92194000;4.786136000;;;0;StopArea:OCE87318964
2026-07-30 11:51:50;OCESN12176F1187_F:OUI:FR:Line::19ea029b-6782-421a-8481-7470f5718e47::87756056:87212027:18:1554:20261124;StopPoint:OCETGV INOUI-87723197;2026-07-30 11:33:00;300;2026-07-30 11:43:00;300;FR:Line::19ea029b-6782-421a-8481-7470f5718e47:;000176;OCESN12176F1187_F:OUI:FR:Line::19ea029b-6782-421a-8481-7470f5718e47::87756056:87212027:18:1554:20261124;12176;1;274;;FR:Line::19ea029b-6782-421a-8481-7470f5718e47:;1187;071A;Lux/Alsace/Loraine - Paca;;2;;;;StopPoint:OCETGV INOUI-87723197;Lyon Part Dieu;;45.76059600;4.859409000;;;0;StopArea:OCE87723197
2026-07-30 11:51:50;OCESN12176F1187_F:OUI:FR:Line::19ea029b-6782-421a-8481-7470f5718e47::87756056:87212027:18:1554:20261124;StopPoint:OCETGV INOUI-87725689;2026-07-30 12:19:00;300;2026-07-30 12:22:00;300;FR:Line::19ea029b-6782-421a-8481-7470f5718e47:;000176;OCESN12176F1187_F:OUI:FR:Line::19ea029b-6782-421a-8481-7470f5718e47::87756056:87212027:18:1554:20261124;12176;1;274;;FR:Line::19ea029b-6782-421a-8481-7470f5718e47:;1187;071A;Lux/Alsace/Loraine - Paca;;2;;;;StopPoint:OCETGV INOUI-87725689;Mâcon;;46.30257200;4.824887000;;;0;StopArea:OCE87725689
2026-07-30 11:51:50;OCESN12176F1187_F:OUI:FR:Line::19ea029b-6782-421a-8481-7470f5718e47::87756056:87212027:18:1554:20261124;StopPoint:OCETGV INOUI-87713545;2026-07-30 13:08:00;300;2026-07-30 13:11:00;300;FR:Line::19ea029b-6782-421a-8481-7470f5718e47:;000176;OCESN12176F1187_F:OUI:FR:Line::19ea029b-6782-421a-8481-7470f5718e47::87756056:87212027:18:1554:20261124;12176;1;274;;FR:Line::19ea029b-6782-421a-8481-7470f5718e47:;1187;071A;Lux/Alsace/Loraine - Paca;;2;;;;StopPoint:OCETGV INOUI-87713545;Beaune;;47.02301400;4.848423000;;;0;StopArea:OCE87713545
2026-07-30 11:51:50;OCESN12176F1187_F:OUI:FR:Line::19ea029b-6782-421a-8481-7470f5718e47::87756056:87212027:18:1554:20261124;StopPoint:OCETGV INOUI-87713040;2026-07-30 13:31:00;300;2026-07-30 13:43:00;300;FR:Line::19ea029b-6782-421a-8481-7470f5718e47:;000176;OCESN12176F1187_F:OUI:FR:Line::19ea029b-6782-421a-8481-7470f5718e47::87756056:87212027:18:1554:20261124;12176;1;274;;FR:Line::19ea029b-6782-421a-8481-7470f5718e47:;1187;071A;Lux/Alsace/Loraine - Paca;;2;;;;StopPoint:OCETGV INOUI-87713040;Dijon;;47.32341100;5.027256000;;;0;StopArea:OCE87713040
2026-07-30 11:51:50;OCESN12176F1187_F:OUI:FR:Line::19ea029b-6782-421a-8481-7470f5718e47::87756056:87212027:18:1554:20261124;StopPoint:OCETGV INOUI-87300863;2026-07-30 14:10:00;300;2026-07-30 14:13:00;300;FR:Line::19ea029b-6782-421a-8481-7470f5718e47:;000176;OCESN12176F1187_F:OUI:FR:Line::19ea029b-6782-421a-8481-7470f5718e47::87756056:87212027:18:1554:20261124;12176;1;274;;FR:Line::19ea029b-6782-421a-8481-7470f5718e47:;1187;071A;Lux/Alsace/Loraine - Paca;;2;;;;StopPoint:OCETGV INOUI-87300863;Besançon Franche-Comté TGV;;47.30721500;5.953613000;;;0;StopArea:OCE87300863
2026-07-30 11:51:50;OCESN12176F1187_F:OUI:FR:Line::19ea029b-6782-421a-8481-7470f5718e47::87756056:87212027:18:1554:20261124;StopPoint:OCETGV INOUI-87300822;2026-07-30 14:34:00;300;2026-07-30 14:36:00;300;FR:Line::19ea029b-6782-421a-8481-7470f5718e47:;000176;OCESN12176F1187_F:OUI:FR:Line::19ea029b-6782-421a-8481-7470f5718e47::87756056:87212027:18:1554:20261124;12176;1;274;;FR:Line::19ea029b-6782-421a-8481-7470f5718e47:;1187;071A;Lux/Alsace/Loraine - Paca;;2;;;;StopPoint:OCETGV INOUI-87300822;Belfort - Montbéliard TGV;;47.58510500;6.897984000;;;0;StopArea:OCE87300822
2026-07-30 11:51:50;OCESN12176F1187_F:OUI:FR:Line::19ea029b-6782-421a-8481-7470f5718e47::87756056:87212027:18:1554:20261124;StopPoint:OCETGV INOUI-87182063;2026-07-30 14:58:00;300;2026-07-30 15:02:00;300;FR:Line::19ea029b-6782-421a-8481-7470f5718e47:;000176;OCESN12176F1187_F:OUI:FR:Line::19ea029b-6782-421a-8481-7470f5718e47::87756056:87212027:18:1554:20261124;12176;1;274;;FR:Line::19ea029b-6782-421a-8481-7470f5718e47:;1187;071A;Lux/Alsace/Loraine - Paca;;2;;;;StopPoint:OCETGV INOUI-87182063;Mulhouse;;47.74269100;7.343160000;;;0;StopArea:OCE87182063
2026-07-30 11:51:50;OCESN12176F1187_F:OUI:FR:Line::19ea029b-6782-421a-8481-7470f5718e47::87756056:87212027:18:1554:20261124;StopPoint:OCETGV INOUI-87182014;2026-07-30 15:29:00;300;2026-07-30 15:32:00;300;FR:Line::19ea029b-6782-421a-8481-7470f5718e47:;000176;OCESN12176F1187_F:OUI:FR:Line::19ea029b-6782-421a-8481-7470f5718e47::87756056:87212027:18:1554:20261124;12176;1;274;;FR:Line::19ea029b-6782-421a-8481-7470f5718e47:;1187;071A;Lux/Alsace/Loraine - Paca;;2;;;;StopPoint:OCETGV INOUI-87182014;Colmar;;48.07352700;7.347756000;;;0;StopArea:OCE87182014
2026-07-30 11:51:50;OCESN12176F1187_F:OUI:FR:Line::19ea029b-6782-421a-8481-7470f5718e47::87756056:87212027:18:1554:20261124;StopPoint:OCETGV INOUI-87212027;2026-07-30 15:59:00;300;;;FR:Line::19ea029b-6782-421a-8481-7470f5718e47:;000176;OCESN12176F1187_F:OUI:FR:Line::19ea029b-6782-421a-8481-7470f5718e47::87756056:87212027:18:1554:20261124;12176;1;274;;FR:Line::19ea029b-6782-421a-8481-7470f5718e47:;1187;071A;Lux/Alsace/Loraine - Paca;;2;;;;StopPoint:OCETGV INOUI-87212027;Strasbourg;;48.58511000;7.733882000;;;0;StopArea:OCE87212027
2026-07-30 11:51:50;OCESN5516F1187_F:OUI:FR:Line::19ea029b-6782-421a-8481-7470f5718e47::87756056:87141002:19:1702:20261212;StopPoint:OCETGV INOUI-87755009;2026-07-30 08:52:00;300;2026-07-30 08:55:00;300;FR:Line::19ea029b-6782-421a-8481-7470f5718e47:;003034;OCESN5516F1187_F:OUI:FR:Line::19ea029b-6782-421a-8481-7470f5718e47::87756056:87141002:19:1702:20261212;5516;1;12114;;FR:Line::19ea029b-6782-421a-8481-7470f5718e47:;1187;071A;Lux/Alsace/Loraine - Paca;;2;;;;StopPoint:OCETGV INOUI-87755009;Toulon;;43.12835300;5.929404000;;;0;StopArea:OCE87755009
2026-07-30 11:51:50;OCESN5516F1187_F:OUI:FR:Line::19ea029b-6782-421a-8481-7470f5718e47::87756056:87141002:19:1702:20261212;StopPoint:OCETGV INOUI-87751008;2026-07-30 09:36:00;300;2026-07-30 09:50:00;300;FR:Line::19ea029b-6782-421a-8481-7470f5718e47:;003034;OCESN5516F1187_F:OUI:FR:Line::19ea029b-6782-421a-8481-7470f5718e47::87756056:87141002:19:1702:20261212;5516;1;12114;;FR:Line::19ea029b-6782-421a-8481-7470f5718e47:;1187;071A;Lux/Alsace/Loraine - Paca;;2;;;;StopPoint:OCETGV INOUI-87751008;Marseille Saint-Charles;;43.30266600;5.380407000;;;0;StopArea:OCE87751008
2026-07-30 11:51:50;OCESN5516F1187_F:OUI:FR:Line::19ea029b-6782-421a-8481-7470f5718e47::87756056:87141002:19:1702:20261212;StopPoint:OCETGV INOUI-87319012;2026-07-30 10:01:00;300;2026-07-30 10:04:00;300;FR:Line::19ea029b-6782-421a-8481-7470f5718e47:;003034;OCESN5516F1187_F:OUI:FR:Line::19ea029b-6782-421a-8481-7470f5718e47::87756056:87141002:19:1702:20261212;5516;1;12114;;FR:Line::19ea029b-6782-421a-8481-7470f5718e47:;1187;071A;Lux/Alsace/Loraine - Paca;;2;;;;StopPoint:OCETGV INOUI-87319012;Aix-en-Provence TGV;;43.45523700;5.317534000;;;0;StopArea:OCE87319012
2026-07-30 11:51:50;OCESN5516F1187_F:OUI:FR:Line::19ea029b-6782-421a-8481-7470f5718e47::87756056:87141002:19:1702:20261212;StopPoint:OCETGV INOUI-87318964;2026-07-30 10:24:00;300;2026-07-30 10:27:00;300;FR:Line::19ea029b-6782-421a-8481-7470f5718e47:;003034;OCESN5516F1187_F:OUI:FR:Line::19ea029b-6782-421a-8481-7470f5718e47::87756056:87141002:19:1702:20261212;5516;1;12114;;FR:Line::19ea029b-6782-421a-8481-7470f5718e47:;1187;071A;Lux/Alsace/Loraine - Paca;;2;;;;StopPoint:OCETGV INOUI-87318964;Avignon TGV;;43.92194000;4.786136000;;;0;StopArea:OCE87318964
2026-07-30 11:51:50;OCESN5516F1187_F:OUI:FR:Line::19ea029b-6782-421a-8481-7470f5718e47::87756056:87141002:19:1702:20261212;StopPoint:OCETGV INOUI-87723197;2026-07-30 11:33:00;300;2026-07-30 11:43:00;300;FR:Line::19ea029b-6782-421a-8481-7470f5718e47:;003034;OCESN5516F1187_F:OUI:FR:Line::19ea029b-6782-421a-8481-7470f5718e47::87756056:87141002:19:1702:20261212;5516;1;12114;;FR:Line::19ea029b-6782-421a-8481-7470f5718e47:;1187;071A;Lux/Alsace/Loraine - Paca;;2;;;;StopPoint:OCETGV INOUI-87723197;Lyon Part Dieu;;45.76059600;4.859409000;;;0;StopArea:OCE87723197
2026-07-30 11:51:50;OCESN5516F1187_F:OUI:FR:Line::19ea029b-6782-421a-8481-7470f5718e47::87756056:87141002:19:1702:20261212;StopPoint:OCETGV INOUI-87725689;2026-07-30 12:19:00;300;2026-07-30 12:22:00;300;FR:Line::19ea029b-6782-421a-8481-7470f5718e47:;003034;OCESN5516F1187_F:OUI:FR:Line::19ea029b-6782-421a-8481-7470f5718e47::87756056:87141002:19:1702:20261212;5516;1;12114;;FR:Line::19ea029b-6782-421a-8481-7470f5718e47:;1187;071A;Lux/Alsace/Loraine - Paca;;2;;;;StopPoint:OCETGV INOUI-87725689;Mâcon;;46.30257200;4.824887000;;;0;StopArea:OCE87725689
2026-07-30 11:51:50;OCESN5516F1187_F:OUI:FR:Line::19ea029b-6782-421a-8481-7470f5718e47::87756056:87141002:19:1702:20261212;StopPoint:OCETGV INOUI-87713545;2026-07-30 13:08:00;300;2026-07-30 13:11:00;300;FR:Line::19ea029b-6782-421a-8481-7470f5718e47:;003034;OCESN5516F1187_F:OUI:FR:Line::19ea029b-6782-421a-8481-7470f5718e47::87756056:87141002:19:1702:20261212;5516;1;12114;;FR:Line::19ea029b-6782-421a-8481-7470f5718e47:;1187;071A;Lux/Alsace/Loraine - Paca;;2;;;;StopPoint:OCETGV INOUI-87713545;Beaune;;47.02301400;4.848423000;;;0;StopArea:OCE87713545
2026-07-30 11:51:50;OCESN5516F1187_F:OUI:FR:Line::19ea029b-6782-421a-8481-7470f5718e47::87756056:87141002:19:1702:20261212;StopPoint:OCETGV INOUI-87713040;2026-07-30 13:31:00;300;2026-07-30 13:43:00;300;FR:Line::19ea029b-6782-421a-8481-7470f5718e47:;003034;OCESN5516F1187_F:OUI:FR:Line::19ea029b-6782-421a-8481-7470f5718e47::87756056:87141002:19:1702:20261212;5516;1;12114;;FR:Line::19ea029b-6782-421a-8481-7470f5718e47:;1187;071A;Lux/Alsace/Loraine - Paca;;2;;;;StopPoint:OCETGV INOUI-87713040;Dijon;;47.32341100;5.027256000;;;0;StopArea:OCE87713040
2026-07-30 11:51:50;OCESN5516F1187_F:OUI:FR:Line::19ea029b-6782-421a-8481-7470f5718e47::87756056:87141002:19:1702:20261212;StopPoint:OCETGV INOUI-87300863;2026-07-30 14:10:00;300;2026-07-30 14:13:00;300;FR:Line::19ea029b-6782-421a-8481-7470f5718e47:;003034;OCESN5516F1187_F:OUI:FR:Line::19ea029b-6782-421a-8481-7470f5718e47::87756056:87141002:19:1702:20261212;5516;1;12114;;FR:Line::19ea029b-6782-421a-8481-7470f5718e47:;1187;071A;Lux/Alsace/Loraine - Paca;;2;;;;StopPoint:OCETGV INOUI-87300863;Besançon Franche-Comté TGV;;47.30721500;5.953613000;;;0;StopArea:OCE87300863
2026-07-30 11:51:50;OCESN5516F1187_F:OUI:FR:Line::19ea029b-6782-421a-8481-7470f5718e47::87756056:87141002:19:1702:20261212;StopPoint:OCETGV INOUI-87300822;2026-07-30 14:34:00;300;2026-07-30 14:36:00;300;FR:Line::19ea029b-6782-421a-8481-7470f5718e47:;003034;OCESN5516F1187_F:OUI:FR:Line::19ea029b-6782-421a-8481-7470f5718e47::87756056:87141002:19:1702:20261212;5516;1;12114;;FR:Line::19ea029b-6782-421a-8481-7470f5718e47:;1187;071A;Lux/Alsace/Loraine - Paca;;2;;;;StopPoint:OCETGV INOUI-87300822;Belfort - Montbéliard TGV;;47.58510500;6.897984000;;;0;StopArea:OCE87300822
2026-07-30 11:51:50;OCESN5516F1187_F:OUI:FR:Line::19ea029b-6782-421a-8481-7470f5718e47::87756056:87141002:19:1702:20261212;StopPoint:OCETGV INOUI-87182063;2026-07-30 14:58:00;300;2026-07-30 15:02:00;300;FR:Line::19ea029b-6782-421a-8481-7470f5718e47:;003034;OCESN5516F1187_F:OUI:FR:Line::19ea029b-6782-421a-8481-7470f5718e47::87756056:87141002:19:1702:20261212;5516;1;12114;;FR:Line::19ea029b-6782-421a-8481-7470f5718e47:;1187;071A;Lux/Alsace/Loraine - Paca;;2;;;;StopPoint:OCETGV INOUI-87182063;Mulhouse;;47.74269100;7.343160000;;;0;StopArea:OCE87182063
2026-07-30 11:51:50;OCESN5516F1187_F:OUI:FR:Line::19ea029b-6782-421a-8481-7470f5718e47::87756056:87141002:19:1702:20261212;StopPoint:OCETGV INOUI-87182014;2026-07-30 15:29:00;300;2026-07-30 15:32:00;300;FR:Line::19ea029b-6782-421a-8481-7470f5718e47:;003034;OCESN5516F1187_F:OUI:FR:Line::19ea029b-6782-421a-8481-7470f5718e47::87756056:87141002:19:1702:20261212;5516;1;12114;;FR:Line::19ea029b-6782-421a-8481-7470f5718e47:;1187;071A;Lux/Alsace/Loraine - Paca;;2;;;;StopPoint:OCETGV INOUI-87182014;Colmar;;48.07352700;7.347756000;;;0;StopArea:OCE87182014
2026-07-30 11:51:50;OCESN5516F1187_F:OUI:FR:Line::19ea029b-6782-421a-8481-7470f5718e47::87756056:87141002:19:1702:20261212;StopPoint:OCETGV INOUI-87212027;2026-07-30 15:59:00;300;2026-07-30 16:05:00;300;FR:Line::19ea029b-6782-421a-8481-7470f5718e47:;003034;OCESN5516F1187_F:OUI:FR:Line::19ea029b-6782-421a-8481-7470f5718e47::87756056:87141002:19:1702:20261212;5516;1;12114;;FR:Line::19ea029b-6782-421a-8481-7470f5718e47:;1187;071A;Lux/Alsace/Loraine - Paca;;2;;;;StopPoint:OCETGV INOUI-87212027;Strasbourg;;48.58511000;7.733882000;;;0;StopArea:OCE87212027
2026-07-30 11:51:50;OCESN5516F1187_F:OUI:FR:Line::19ea029b-6782-421a-8481-7470f5718e47::87756056:87141002:19:1702:20261212;StopPoint:OCETGV INOUI-87141002;2026-07-30 17:07:00;300;;;FR:Line::19ea029b-6782-421a-8481-7470f5718e47:;003034;OCESN5516F1187_F:OUI:FR:Line::19ea029b-6782-421a-8481-7470f5718e47::87756056:87141002:19:1702:20261212;5516;1;12114;;FR:Line::19ea029b-6782-421a-8481-7470f5718e47:;1187;071A;Lux/Alsace/Loraine - Paca;;2;;;;StopPoint:OCETGV INOUI-87141002;Nancy;;48.68985700;6.174579000;;;0;StopArea:OCE87141002
2026-07-30 11:51:50;OCESN6202F1187_F:OUI:FR:Line::8EDA0FF6-311A-4C83-8C18-63D890856B43::87784009:87686006:9:1218:20261025;StopPoint:OCETGV INOUI-87781104;2026-07-30 07:35:00;0;2026-07-30 07:43:00;300;FR:Line::8EDA0FF6-311A-4C83-8C18-63D890856B43:;003391;OCESN6202F1187_F:OUI:FR:Line::8EDA0FF6-311A-4C83-8C18-63D890856B43::87784009:87686006:9:1218:20261025;6202;1;13167;;FR:Line::8EDA0FF6-311A-4C83-8C18-63D890856B43:;1187;631C;Paris - Languedoc Roussillon TGV;;2;;;;StopPoint:OCETGV INOUI-87781104;Narbonne;;43.19061800;3.005667000;;;0;StopArea:OCE87781104
2026-07-30 11:51:50;OCESN6202F1187_F:OUI:FR:Line::8EDA0FF6-311A-4C83-8C18-63D890856B43::87784009:87686006:9:1218:20261025;StopPoint:OCETGV INOUI-87781005;2026-07-30 07:57:00;300;2026-07-30 08:00:00;300;FR:Line::8EDA0FF6-311A-4C83-8C18-63D890856B43:;003391;OCESN6202F1187_F:OUI:FR:Line::8EDA0FF6-311A-4C83-8C18-63D890856B43::87784009:87686006:9:1218:20261025;6202;1;13167;;FR:Line::8EDA0FF6-311A-4C83-8C18-63D890856B43:;1187;631C;Paris - Languedoc Roussillon TGV;;2;;;;StopPoint:OCETGV INOUI-87781005;Béziers;;43.33629500;3.218895000;;;0;StopArea:OCE87781005
2026-07-30 11:51:50;OCESN6202F1187_F:OUI:FR:Line::8EDA0FF6-311A-4C83-8C18-63D890856B43::87784009:87686006:9:1218:20261025;StopPoint:OCETGV INOUI-87781278;2026-07-30 08:13:00;300;2026-07-30 08:16:00;300;FR:Line::8EDA0FF6-311A-4C83-8C18-63D890856B43:;003391;OCESN6202F1187_F:OUI:FR:Line::8EDA0FF6-311A-4C83-8C18-63D890856B43::87784009:87686006:9:1218:20261025;6202;1;13167;;FR:Line::8EDA0FF6-311A-4C83-8C18-63D890856B43:;1187;631C;Paris - Languedoc Roussillon TGV;;2;;;;StopPoint:OCETGV INOUI-87781278;Agde;;43.31728000;3.466203000;;;0;StopArea:OCE87781278
2026-07-30 11:51:50;OCESN8531F1187_F:OUI:FR:Line::75E9980B-E8DF-4696-8E87-123692055B00::87391003:87677005:7:1148:20260730;StopPoint:OCETGV INOUI-87581009;2026-07-30 09:29:00;900;2026-07-30 09:35:00;900;FR:Line::75E9980B-E8DF-4696-8E87-123692055B00:;000049;OCESN8531F1187_F:OUI:FR:Line::75E9980B-E8DF-4696-8E87-123692055B00::87391003:87677005:7:1148:20260730;8531;1;25804;;FR:Line::75E9980B-E8DF-4696-8E87-123692055B00:;1187;421A;Paris - Hendaye TGV;;2;;;;StopPoint:OCETGV INOUI-87581009;Bordeaux Saint-Jean;;44.82587300;-0.55669700;;;0;StopArea:OCE87581009
2026-07-30 11:51:50;OCESN8531F1187_F:OUI:FR:Line::75E9980B-E8DF-4696-8E87-123692055B00::87391003:87677005:7:1148:20260730;StopPoint:OCETGV INOUI-87673202;2026-07-30 10:46:00;900;2026-07-30 10:50:00;900;FR:Line::75E9980B-E8DF-4696-8E87-123692055B00:;000049;OCESN8531F1187_F:OUI:FR:Line::75E9980B-E8DF-4696-8E87-123692055B00::87391003:87677005:7:1148:20260730;8531;1;25804;;FR:Line::75E9980B-E8DF-4696-8E87-123692055B00:;1187;421A;Paris - Hendaye TGV;;2;;;;StopPoint:OCETGV INOUI-87673202;Dax;;43.72047200;-1.05030100;;;0;StopArea:OCE87673202
2026-07-30 11:51:50;OCESN8531F1187_F:OUI:FR:Line::75E9980B-E8DF-4696-8E87-123692055B00::87391003:87677005:7:1148:20260730;StopPoint:OCETGV INOUI-87673004;2026-07-30 11:20:00;900;2026-07-30 11:23:00;900;FR:Line::75E9980B-E8DF-4696-8E87-123692055B00:;000049;OCESN8531F1187_F:OUI:FR:Line::75E9980B-E8DF-4696-8E87-123692055B00::87391003:87677005:7:1148:20260730;8531;1;25804;;FR:Line::75E9980B-E8DF-4696-8E87-123692055B00:;1187;421A;Paris - Hendaye TGV;;2;;;;StopPoint:OCETGV INOUI-87673004;Bayonne;;43.49679300;-1.47036800;;;0;StopArea:OCE87673004
2026-07-30 11:51:50;OCESN8531F1187_F:OUI:FR:Line::75E9980B-E8DF-4696-8E87-123692055B00::87391003:87677005:7:1148:20260730;StopPoint:OCETGV INOUI-87673400;2026-07-30 11:32:00;900;2026-07-30 11:35:00;900;FR:Line::75E9980B-E8DF-4696-8E87-123692055B00:;000049;OCESN8531F1187_F:OUI:FR:Line::75E9980B-E8DF-4696-8E87-123692055B00::87391003:87677005:7:1148:20260730;8531;1;25804;;FR:Line::75E9980B-E8DF-4696-8E87-123692055B00:;1187;421A;Paris - Hendaye TGV;;2;;;;StopPoint:OCETGV INOUI-87673400;Biarritz;;43.45938700;-1.54593700;;;0;StopArea:OCE87673400
2026-07-30 11:51:50;OCESN8531F1187_F:OUI:FR:Line::75E9980B-E8DF-4696-8E87-123692055B00::87391003:87677005:7:1148:20260730;StopPoint:OCETGV INOUI-87677120;2026-07-30 11:48:00;900;2026-07-30 11:50:00;900;FR:Line::75E9980B-E8DF-4696-8E87-123692055B00:;000049;OCESN8531F1187_F:OUI:FR:Line::75E9980B-E8DF-4696-8E87-123692055B00::87391003:87677005:7:1148:20260730;8531;1;25804;;FR:Line::75E9980B-E8DF-4696-8E87-123692055B00:;1187;421A;Paris - Hendaye TGV;;2;;;;StopPoint:OCETGV INOUI-87677120;Saint-Jean-de-Luz - Ciboure;;43.38586200;-1.66118100;;;0;StopArea:OCE87677120
2026-07-30 11:51:50;OCESN8531F1187_F:OUI:FR:Line::75E9980B-E8DF-4696-8E87-123692055B00::87391003:87677005:7:1148:20260730;StopPoint:OCETGV INOUI-87677005;2026-07-30 12:03:00;900;;;FR:Line::75E9980B-E8DF-4696-8E87-123692055B00:;000049;OCESN8531F1187_F:OUI:FR:Line::75E9980B-E8DF-4696-8E87-123692055B00::87391003:87677005:7:1148:20260730;8531;1;25804;;FR:Line::75E9980B-E8DF-4696-8E87-123692055B00:;1187;421A;Paris - Hendaye TGV;;2;;;;StopPoint:OCETGV INOUI-87677005;Hendaye;;43.35313200;-1.78172400;;;0;StopArea:OCE87677005
2026-07-30 11:51:50;OCESN12510F1187_F:OUI:FR:Line::A6C76228-9224-4C48-8B92-80FC80F093E2::87223263:87751008:8:1224:20260816;StopPoint:OCETGV INOUI-87223263;;;2026-07-30 07:28:00;300;FR:Line::A6C76228-9224-4C48-8B92-80FC80F093E2:;000452;OCESN12510F1187_F:OUI:FR:Line::A6C76228-9224-4C48-8B92-80FC80F093E2::87223263:87751008:8:1224:20260816;12510;0;767;;FR:Line::A6C76228-9224-4C48-8B92-80FC80F093E2:;1187;001B;Lille - Mediterranee TGV;;2;;;;StopPoint:OCETGV INOUI-87223263;Lille Europe;;50.63940000;3.075721000;;;0;StopArea:OCE87223263
2026-07-30 11:51:50;OCESN12510F1187_F:OUI:FR:Line::A6C76228-9224-4C48-8B92-80FC80F093E2::87223263:87751008:8:1224:20260816;StopPoint:OCETGV INOUI-87313882;2026-07-30 07:54:00;300;2026-07-30 07:57:00;300;FR:Line::A6C76228-9224-4C48-8B92-80FC80F093E2:;000452;OCESN12510F1187_F:OUI:FR:Line::A6C76228-9224-4C48-8B92-80FC80F093E2::87223263:87751008:8:1224:20260816;12510;0;767;;FR:Line::A6C76228-9224-4C48-8B92-80FC80F093E2:;1187;001B;Lille - Mediterranee TGV;;2;;;;StopPoint:OCETGV INOUI-87313882;TGV Haute Picardie;;49.85917200;2.831619000;;;0;StopArea:OCE87313882
2026-07-30 11:51:50;OCESN12510F1187_F:OUI:FR:Line::A6C76228-9224-4C48-8B92-80FC80F093E2::87223263:87751008:8:1224:20260816;StopPoint:OCETGV INOUI-87271494;2026-07-30 08:25:00;300;2026-07-30 08:32:00;300;FR:Line::A6C76228-9224-4C48-8B92-80FC80F093E2:;000452;OCESN12510F1187_F:OUI:FR:Line::A6C76228-9224-4C48-8B92-80FC80F093E2::87223263:87751008:8:1224:20260816;12510;0;767;;FR:Line::A6C76228-9224-4C48-8B92-80FC80F093E2:;1187;001B;Lille - Mediterranee TGV;;2;;;;StopPoint:OCETGV INOUI-87271494;Aéroport Charles de Gaulle 2 TGV;;49.00361800;2.570812000;;;0;StopArea:OCE87271494
2026-07-30 11:51:50;OCESN5486F1187_F:OUI:FR:Line::58c0c9b7-3765-46af-85a3-f193f3030e9b::87212027:87481002:9:1319:20260826;StopPoint:OCETGV INOUI-87393702;2026-07-30 10:39:00;300;2026-07-30 10:42:00;300;FR:Line::58c0c9b7-3765-46af-85a3-f193f3030e9b:;003014;OCESN5486F1187_F:OUI:FR:Line::58c0c9b7-3765-46af-85a3-f193f3030e9b::87212027:87481002:9:1319:20260826;5486;1;12055;;FR:Line::58c0c9b7-3765-46af-85a3-f193f3030e9b:;1187;061A;Est - Nantes TGV;;2;;;;StopPoint:OCETGV INOUI-87393702;Massy TGV;;48.72575800;2.261254000;;;0;StopArea:OCE87393702
2026-07-30 11:51:50;OCESN5486F1187_F:OUI:FR:Line::58c0c9b7-3765-46af-85a3-f193f3030e9b::87212027:87481002:9:1319:20260826;StopPoint:OCETGV INOUI-87571240;2026-07-30 11:43:00;600;2026-07-30 11:46:00;600;FR:Line::58c0c9b7-3765-46af-85a3-f193f3030e9b:;003014;OCESN5486F1187_F:OUI:FR:Line::58c0c9b7-3765-46af-85a3-f193f3030e9b::87212027:87481002:9:1319:20260826;5486;1;12055;;FR:Line::58c0c9b7-3765-46af-85a3-f193f3030e9b:;1187;061A;Est - Nantes TGV;;2;;;;StopPoint:OCETGV INOUI-87571240;Saint-Pierre-des-Corps;;47.38614000;0.723539000;;;0;StopArea:OCE87571240
2026-07-30 11:51:50;OCESN5486F1187_F:OUI:FR:Line::58c0c9b7-3765-46af-85a3-f193f3030e9b::87212027:87481002:9:1319:20260826;StopPoint:OCETGV INOUI-87484006;2026-07-30 12:41:00;300;2026-07-30 12:44:00;300;FR:Line::58c0c9b7-3765-46af-85a3-f193f3030e9b:;003014;OCESN5486F1187_F:OUI:FR:Line::58c0c9b7-3765-46af-85a3-f193f3030e9b::87212027:87481002:9:1319:20260826;5486;1;12055;;FR:Line::58c0c9b7-3765-46af-85a3-f193f3030e9b:;1187;061A;Est - Nantes TGV;;2;;;;StopPoint:OCETGV INOUI-87484006;Angers Saint-Laud;;47.46464900;-0.55677000;;;0;StopArea:OCE87484006
2026-07-30 11:51:50;OCESN5486F1187_F:OUI:FR:Line::58c0c9b7-3765-46af-85a3-f193f3030e9b::87212027:87481002:9:1319:20260826;StopPoint:OCETGV INOUI-87481002;2026-07-30 13:24:00;300;;;FR:Line::58c0c9b7-3765-46af-85a3-f193f3030e9b:;003014;OCESN5486F1187_F:OUI:FR:Line::58c0c9b7-3765-46af-85a3-f193f3030e9b::87212027:87481002:9:1319:20260826;5486;1;12055;;FR:Line::58c0c9b7-3765-46af-85a3-f193f3030e9b:;1187;061A;Est - Nantes TGV;;2;;;;StopPoint:OCETGV INOUI-87481002;Nantes;;47.21749100;-1.54207700;;;0;StopArea:OCE87481002
2026-07-30 11:51:50;OCESN8603F1187_F:OUI:FR:Line::D6BAEC78-815E-4C9A-BC66-2B9D2C00E41F::87391003:87474007:9:1146:20260730;StopPoint:OCETGV INOUI-87471003;2026-07-30 09:30:00;300;2026-07-30 09:34:00;60;FR:Line::D6BAEC78-815E-4C9A-BC66-2B9D2C00E41F:;000049;OCESN8603F1187_F:OUI:FR:Line::D6BAEC78-815E-4C9A-BC66-2B9D2C00E41F::87391003:87474007:9:1146:20260730;8603;1;31216;;FR:Line::D6BAEC78-815E-4C9A-BC66-2B9D2C00E41F:;1187;401A;Paris - Brest TGV;;2;;;;StopPoint:OCETGV INOUI-87471003;Rennes;;48.10351700;-1.67274400;;;0;StopArea:OCE87471003
2026-07-30 11:51:50;OCESN8603F1187_F:OUI:FR:Line::D6BAEC78-815E-4C9A-BC66-2B9D2C00E41F::87391003:87474007:9:1146:20260730;StopPoint:OCETGV INOUI-87473108;2026-07-30 10:14:00;300;2026-07-30 10:17:00;300;FR:Line::D6BAEC78-815E-4C9A-BC66-2B9D2C00E41F:;000049;OCESN8603F1187_F:OUI:FR:Line::D6BAEC78-815E-4C9A-BC66-2B9D2C00E41F::87391003:87474007:9:1146:20260730;8603;1;31216;;FR:Line::D6BAEC78-815E-4C9A-BC66-2B9D2C00E41F:;1187;401A;Paris - Brest TGV;;2;;;;StopPoint:OCETGV INOUI-87473108;Lamballe;;48.46606000;-2.51154600;;;0;StopArea:OCE87473108
2026-07-30 11:51:50;OCESN8603F1187_F:OUI:FR:Line::D6BAEC78-815E-4C9A-BC66-2B9D2C00E41F::87391003:87474007:9:1146:20260730;StopPoint:OCETGV INOUI-87473009;2026-07-30 10:27:00;300;2026-07-30 10:30:00;300;FR:Line::D6BAEC78-815E-4C9A-BC66-2B9D2C00E41F:;000049;OCESN8603F1187_F:OUI:FR:Line::D6BAEC78-815E-4C9A-BC66-2B9D2C00E41F::87391003:87474007:9:1146:20260730;8603;1;31216;;FR:Line::D6BAEC78-815E-4C9A-BC66-2B9D2C00E41F:;1187;401A;Paris - Brest TGV;;2;;;;StopPoint:OCETGV INOUI-87473009;Saint-Brieuc;;48.50758000;-2.76500000;;;0;StopArea:OCE87473009
2026-07-30 11:51:50;OCESN6871F1187_F:OUI:FR:Line::2AA7BAB5-03F9-465F-A91C-947819FBBB7D::87611004:87723197:9:1148:20260830;StopPoint:OCETGV INOUI-87763029;2026-07-30 11:12:00;600;2026-07-30 11:16:00;300;FR:Line::2AA7BAB5-03F9-465F-A91C-947819FBBB7D:;003305;OCESN6871F1187_F:OUI:FR:Line::2AA7BAB5-03F9-465F-A91C-947819FBBB7D::87611004:87723197:9:1148:20260830;6871;1;14324;;FR:Line::2AA7BAB5-03F9-465F-A91C-947819FBBB7D:;1187;041G;Lyon - LR;;2;;;;StopPoint:OCETGV INOUI-87763029;Valence TGV Rhône-Alpes Sud;;44.99190700;4.978652000;;;0;StopArea:OCE87763029
2026-07-30 11:51:50;OCESN6871F1187_F:OUI:FR:Line::2AA7BAB5-03F9-465F-A91C-947819FBBB7D::87611004:87723197:9:1148:20260830;StopPoint:OCETGV INOUI-87723197;2026-07-30 11:53:00;300;;;FR:Line::2AA7BAB5-03F9-465F-A91C-947819FBBB7D:;003305;OCESN6871F1187_F:OUI:FR:Line::2AA7BAB5-03F9-465F-A91C-947819FBBB7D::87611004:87723197:9:1148:20260830;6871;1;14324;;FR:Line::2AA7BAB5-03F9-465F-A91C-947819FBBB7D:;1187;041G;Lyon - LR;;2;;;;StopPoint:OCETGV INOUI-87723197;Lyon Part Dieu;;45.76059600;4.859409000;;;0;StopArea:OCE87723197
2026-07-30 11:51:50;OCESN12402F1187_F:OUI:FR:Line::8753D4FA-06CF-49A8-B412-13F55FD4A1A8::87471003:87751008:7:1324:20260829;StopPoint:OCETGV INOUI-87471003;;;2026-07-30 07:45:00;300;FR:Line::8753D4FA-06CF-49A8-B412-13F55FD4A1A8:;000401;OCESN12402F1187_F:OUI:FR:Line::8753D4FA-06CF-49A8-B412-13F55FD4A1A8::87471003:87751008:7:1324:20260829;12402;1;663;;FR:Line::8753D4FA-06CF-49A8-B412-13F55FD4A1A8:;1187;081A;Bretagne - Sud Est TGV;;2;;;;StopPoint:OCETGV INOUI-87471003;Rennes;;48.10351700;-1.67274400;;;0;StopArea:OCE87471003
2026-07-30 11:51:50;OCESN12402F1187_F:OUI:FR:Line::8753D4FA-06CF-49A8-B412-13F55FD4A1A8::87471003:87751008:7:1324:20260829;StopPoint:OCETGV INOUI-87396002;2026-07-30 08:35:00;300;2026-07-30 08:39:00;300;FR:Line::8753D4FA-06CF-49A8-B412-13F55FD4A1A8:;000401;OCESN12402F1187_F:OUI:FR:Line::8753D4FA-06CF-49A8-B412-13F55FD4A1A8::87471003:87751008:7:1324:20260829;12402;1;663;;FR:Line::8753D4FA-06CF-49A8-B412-13F55FD4A1A8:;1187;081A;Bretagne - Sud Est TGV;;2;;;;StopPoint:OCETGV INOUI-87396002;Le Mans;;47.99561500;0.192614000;;;0;StopArea:OCE87396002
2026-07-30 11:51:50;OCESN12402F1187_F:OUI:FR:Line::8753D4FA-06CF-49A8-B412-13F55FD4A1A8::87471003:87751008:7:1324:20260829;StopPoint:OCETGV INOUI-87393702;2026-07-30 09:27:00;300;2026-07-30 09:31:00;300;FR:Line::8753D4FA-06CF-49A8-B412-13F55FD4A1A8:;000401;OCESN12402F1187_F:OUI:FR:Line::8753D4FA-06CF-49A8-B412-13F55FD4A1A8::87471003:87751008:7:1324:20260829;12402;1;663;;FR:Line::8753D4FA-06CF-49A8-B412-13F55FD4A1A8:;1187;081A;Bretagne - Sud Est TGV;;2;;;;StopPoint:OCETGV INOUI-87393702;Massy TGV;;48.72575800;2.261254000;;;0;StopArea:OCE87393702
2026-07-30 11:51:50;OCESN5332F1187_F:OUI:FR:Line::8753D4FA-06CF-49A8-B412-13F55FD4A1A8::87471003:87751008:7:1324:20260927;StopPoint:OCETGV INOUI-87396002;2026-07-30 08:35:00;300;2026-07-30 08:39:00;300;FR:Line::8753D4FA-06CF-49A8-B412-13F55FD4A1A8:;002885;OCESN5332F1187_F:OUI:FR:Line::8753D4FA-06CF-49A8-B412-13F55FD4A1A8::87471003:87751008:7:1324:20260927;5332;1;11735;;FR:Line::8753D4FA-06CF-49A8-B412-13F55FD4A1A8:;1187;081A;Bretagne - Sud Est TGV;;2;;;;StopPoint:OCETGV INOUI-87396002;Le Mans;;47.99561500;0.192614000;;;0;StopArea:OCE87396002
2026-07-30 11:51:50;OCESN5332F1187_F:OUI:FR:Line::8753D4FA-06CF-49A8-B412-13F55FD4A1A8::87471003:87751008:7:1324:20260927;StopPoint:OCETGV INOUI-87393702;2026-07-30 09:27:00;300;2026-07-30 09:31:00;300;FR:Line::8753D4FA-06CF-49A8-B412-13F55FD4A1A8:;002885;OCESN5332F1187_F:OUI:FR:Line::8753D4FA-06CF-49A8-B412-13F55FD4A1A8::87471003:87751008:7:1324:20260927;5332;1;11735;;FR:Line::8753D4FA-06CF-49A8-B412-13F55FD4A1A8:;1187;081A;Bretagne - Sud Est TGV;;2;;;;StopPoint:OCETGV INOUI-87393702;Massy TGV;;48.72575800;2.261254000;;;0;StopArea:OCE87393702
2026-07-30 11:51:50;OCESN12347F1187_F:OUI:FR:Line::8EDA0FF6-311A-4C83-8C18-63D890856B43::87686006:87784009:9:1257:20261206;StopPoint:OCETGV INOUI-87773200;2026-07-30 11:30:00;0;2026-07-30 11:43:00;600;FR:Line::8EDA0FF6-311A-4C83-8C18-63D890856B43:;000381;OCESN12347F1187_F:OUI:FR:Line::8EDA0FF6-311A-4C83-8C18-63D890856B43::87686006:87784009:9:1257:20261206;12347;0;621;;FR:Line::8EDA0FF6-311A-4C83-8C18-63D890856B43:;1187;631C;Paris - Languedoc Roussillon TGV;;2;;;;StopPoint:OCETGV INOUI-87773200;Sète;;43.41264100;3.696571000;;;0;StopArea:OCE87773200
2026-07-30 11:51:50;OCESN12347F1187_F:OUI:FR:Line::8EDA0FF6-311A-4C83-8C18-63D890856B43::87686006:87784009:9:1257:20261206;StopPoint:OCETGV INOUI-87781278;2026-07-30 11:56:00;600;2026-07-30 11:59:00;600;FR:Line::8EDA0FF6-311A-4C83-8C18-63D890856B43:;000381;OCESN12347F1187_F:OUI:FR:Line::8EDA0FF6-311A-4C83-8C18-63D890856B43::87686006:87784009:9:1257:20261206;12347;0;621;;FR:Line::8EDA0FF6-311A-4C83-8C18-63D890856B43:;1187;631C;Paris - Languedoc Roussillon TGV;;2;;;;StopPoint:OCETGV INOUI-87781278;Agde;;43.31728000;3.466203000;;;0;StopArea:OCE87781278
2026-07-30 11:51:50;OCESN12347F1187_F:OUI:FR:Line::8EDA0FF6-311A-4C83-8C18-63D890856B43::87686006:87784009:9:1257:20261206;StopPoint:OCETGV INOUI-87781005;2026-07-30 12:14:00;600;2026-07-30 12:17:00;600;FR:Line::8EDA0FF6-311A-4C83-8C18-63D890856B43:;000381;OCESN12347F1187_F:OUI:FR:Line::8EDA0FF6-311A-4C83-8C18-63D890856B43::87686006:87784009:9:1257:20261206;12347;0;621;;FR:Line::8EDA0FF6-311A-4C83-8C18-63D890856B43:;1187;631C;Paris - Languedoc Roussillon TGV;;2;;;;StopPoint:OCETGV INOUI-87781005;Béziers;;43.33629500;3.218895000;;;0;StopArea:OCE87781005
2026-07-30 11:51:50;OCESN12347F1187_F:OUI:FR:Line::8EDA0FF6-311A-4C83-8C18-63D890856B43::87686006:87784009:9:1257:20261206;StopPoint:OCETGV INOUI-87781104;2026-07-30 12:31:00;600;2026-07-30 12:34:00;600;FR:Line::8EDA0FF6-311A-4C83-8C18-63D890856B43:;000381;OCESN12347F1187_F:OUI:FR:Line::8EDA0FF6-311A-4C83-8C18-63D890856B43::87686006:87784009:9:1257:20261206;12347;0;621;;FR:Line::8EDA0FF6-311A-4C83-8C18-63D890856B43:;1187;631C;Paris - Languedoc Roussillon TGV;;2;;;;StopPoint:OCETGV INOUI-87781104;Narbonne;;43.19061800;3.005667000;;;0;StopArea:OCE87781104
2026-07-30 11:51:50;OCESN12347F1187_F:OUI:FR:Line::8EDA0FF6-311A-4C83-8C18-63D890856B43::87686006:87784009:9:1257:20261206;StopPoint:OCETGV INOUI-87784009;2026-07-30 13:07:00;600;;;FR:Line::8EDA0FF6-311A-4C83-8C18-63D890856B43:;000381;OCESN12347F1187_F:OUI:FR:Line::8EDA0FF6-311A-4C83-8C18-63D890856B43::87686006:87784009:9:1257:20261206;12347;0;621;;FR:Line::8EDA0FF6-311A-4C83-8C18-63D890856B43:;1187;631C;Paris - Languedoc Roussillon TGV;;2;;;;StopPoint:OCETGV INOUI-87784009;Perpignan;;42.69609600;2.879355000;;;0;StopArea:OCE87784009
2026-07-30 11:51:50;OCESN9713F1187_F:OUI:FR:Line::6667353C-75C7-4A33-8ADE-EBA7FFC003C6::87686006:71718010:12:1432:20260830;StopPoint:OCETGV INOUI-87781005;2026-07-30 12:14:00;600;2026-07-30 12:17:00;600;FR:Line::6667353C-75C7-4A33-8ADE-EBA7FFC003C6:;000357;OCESN9713F1187_F:OUI:FR:Line::6667353C-75C7-4A33-8ADE-EBA7FFC003C6::87686006:71718010:12:1432:20260830;9713;1;48183;;FR:Line::6667353C-75C7-4A33-8ADE-EBA7FFC003C6:;1187;802A;Paris - Espagne TGV;;2;;;;StopPoint:OCETGV INOUI-87781005;Béziers;;43.33629500;3.218895000;;;0;StopArea:OCE87781005
2026-07-30 11:51:50;OCESN9713F1187_F:OUI:FR:Line::6667353C-75C7-4A33-8ADE-EBA7FFC003C6::87686006:71718010:12:1432:20260830;StopPoint:OCETGV INOUI-87781104;2026-07-30 12:31:00;600;2026-07-30 12:34:00;600;FR:Line::6667353C-75C7-4A33-8ADE-EBA7FFC003C6:;000357;OCESN9713F1187_F:OUI:FR:Line::6667353C-75C7-4A33-8ADE-EBA7FFC003C6::87686006:71718010:12:1432:20260830;9713;1;48183;;FR:Line::6667353C-75C7-4A33-8ADE-EBA7FFC003C6:;1187;802A;Paris - Espagne TGV;;2;;;;StopPoint:OCETGV INOUI-87781104;Narbonne;;43.19061800;3.005667000;;;0;StopArea:OCE87781104
2026-07-30 11:51:50;OCESN9713F1187_F:OUI:FR:Line::6667353C-75C7-4A33-8ADE-EBA7FFC003C6::87686006:71718010:12:1432:20260830;StopPoint:OCETGV INOUI-87784009;2026-07-30 13:07:00;600;2026-07-30 13:16:00;600;FR:Line::6667353C-75C7-4A33-8ADE-EBA7FFC003C6:;000357;OCESN9713F1187_F:OUI:FR:Line::6667353C-75C7-4A33-8ADE-EBA7FFC003C6::87686006:71718010:12:1432:20260830;9713;1;48183;;FR:Line::6667353C-75C7-4A33-8ADE-EBA7FFC003C6:;1187;802A;Paris - Espagne TGV;;2;;;;StopPoint:OCETGV INOUI-87784009;Perpignan;;42.69609600;2.879355000;;;0;StopArea:OCE87784009
2026-07-30 11:51:50;OCESN9713F1187_F:OUI:FR:Line::6667353C-75C7-4A33-8ADE-EBA7FFC003C6::87686006:71718010:12:1432:20260830;StopPoint:OCETGV INOUI-71043075;2026-07-30 13:40:00;600;2026-07-30 13:43:00;600;FR:Line::6667353C-75C7-4A33-8ADE-EBA7FFC003C6:;000357;OCESN9713F1187_F:OUI:FR:Line::6667353C-75C7-4A33-8ADE-EBA7FFC003C6::87686006:71718010:12:1432:20260830;9713;1;48183;;FR:Line::6667353C-75C7-4A33-8ADE-EBA7FFC003C6:;1187;802A;Paris - Espagne TGV;;2;;;;StopPoint:OCETGV INOUI-71043075;FIGUERES-VILAFANT;;42.26458100;2.943028000;;;0;StopArea:OCE71043075
2026-07-30 11:51:50;OCESN9713F1187_F:OUI:FR:Line::6667353C-75C7-4A33-8ADE-EBA7FFC003C6::87686006:71718010:12:1432:20260830;StopPoint:OCETGV INOUI-71793000;2026-07-30 13:57:00;600;2026-07-30 14:00:00;600;FR:Line::6667353C-75C7-4A33-8ADE-EBA7FFC003C6:;000357;OCESN9713F1187_F:OUI:FR:Line::6667353C-75C7-4A33-8ADE-EBA7FFC003C6::87686006:71718010:12:1432:20260830;9713;1;48183;;FR:Line::6667353C-75C7-4A33-8ADE-EBA7FFC003C6:;1187;802A;Paris - Espagne TGV;;2;;;;StopPoint:OCETGV INOUI-71793000;GIRONA;;41.97937100;2.816957000;;;0;StopArea:OCE71793000
2026-07-30 11:51:50;OCESN9713F1187_F:OUI:FR:Line::6667353C-75C7-4A33-8ADE-EBA7FFC003C6::87686006:71718010:12:1432:20260830;StopPoint:OCETGV INOUI-71718010;2026-07-30 14:42:00;600;;;FR:Line::6667353C-75C7-4A33-8ADE-EBA7FFC003C6:;000357;OCESN9713F1187_F:OUI:FR:Line::6667353C-75C7-4A33-8ADE-EBA7FFC003C6::87686006:71718010:12:1432:20260830;9713;1;48183;;FR:Line::6667353C-75C7-4A33-8ADE-EBA7FFC003C6:;1187;802A;Paris - Espagne TGV;;2;;;;StopPoint:OCETGV INOUI-71718010;Barcelone-Sants;;41.37896100;2.139834000;;;0;StopArea:OCE71718010
2026-07-30 11:51:50;OCESN6161F1187_F:OUI:FR:Line::3C11D08B-6F1C-416C-A388-63B4074018CB::87686006:87756056:6:1334:20260827;StopPoint:OCETGV INOUI-87755009;2026-07-30 11:41:00;300;2026-07-30 11:45:00;300;FR:Line::3C11D08B-6F1C-416C-A388-63B4074018CB:;001361;OCESN6161F1187_F:OUI:FR:Line::3C11D08B-6F1C-416C-A388-63B4074018CB::87686006:87756056:6:1334:20260827;6161;1;12932;;FR:Line::3C11D08B-6F1C-416C-A388-63B4074018CB:;1187;631A;Paris - Côte d'Azur TGV;;2;;;;StopPoint:OCETGV INOUI-87755009;Toulon;;43.12835300;5.929404000;;;0;StopArea:OCE87755009
2026-07-30 11:51:50;OCESN6161F1187_F:OUI:FR:Line::3C11D08B-6F1C-416C-A388-63B4074018CB::87686006:87756056:6:1334:20260827;StopPoint:OCETGV INOUI-87757526;2026-07-30 12:35:00;300;2026-07-30 12:38:00;300;FR:Line::3C11D08B-6F1C-416C-A388-63B4074018CB:;001361;OCESN6161F1187_F:OUI:FR:Line::3C11D08B-6F1C-416C-A388-63B4074018CB::87686006:87756056:6:1334:20260827;6161;1;12932;;FR:Line::3C11D08B-6F1C-416C-A388-63B4074018CB:;1187;631A;Paris - Côte d'Azur TGV;;2;;;;StopPoint:OCETGV INOUI-87757526;Saint-Raphaël Valescure;;43.42363100;6.769037000;;;0;StopArea:OCE87757526
2026-07-30 11:51:50;OCESN6161F1187_F:OUI:FR:Line::3C11D08B-6F1C-416C-A388-63B4074018CB::87686006:87756056:6:1334:20260827;StopPoint:OCETGV INOUI-87757625;2026-07-30 13:00:00;300;2026-07-30 13:04:00;300;FR:Line::3C11D08B-6F1C-416C-A388-63B4074018CB:;001361;OCESN6161F1187_F:OUI:FR:Line::3C11D08B-6F1C-416C-A388-63B4074018CB::87686006:87756056:6:1334:20260827;6161;1;12932;;FR:Line::3C11D08B-6F1C-416C-A388-63B4074018CB:;1187;631A;Paris - Côte d'Azur TGV;;2;;;;StopPoint:OCETGV INOUI-87757625;Cannes;;43.55390800;7.019711000;;;0;StopArea:OCE87757625
2026-07-30 11:51:50;OCESN6161F1187_F:OUI:FR:Line::3C11D08B-6F1C-416C-A388-63B4074018CB::87686006:87756056:6:1334:20260827;StopPoint:OCETGV INOUI-87757674;2026-07-30 13:12:00;300;2026-07-30 13:15:00;300;FR:Line::3C11D08B-6F1C-416C-A388-63B4074018CB:;001361;OCESN6161F1187_F:OUI:FR:Line::3C11D08B-6F1C-416C-A388-63B4074018CB::87686006:87756056:6:1334:20260827;6161;1;12932;;FR:Line::3C11D08B-6F1C-416C-A388-63B4074018CB:;1187;631A;Paris - Côte d'Azur TGV;;2;;;;StopPoint:OCETGV INOUI-87757674;Antibes;;43.58597100;7.119913000;;;0;StopArea:OCE87757674
2026-07-30 11:51:50;OCESN6161F1187_F:OUI:FR:Line::3C11D08B-6F1C-416C-A388-63B4074018CB::87686006:87756056:6:1334:20260827;StopPoint:OCETGV INOUI-87756056;2026-07-30 13:39:00;300;;;FR:Line::3C11D08B-6F1C-416C-A388-63B4074018CB:;001361;OCESN6161F1187_F:OUI:FR:Line::3C11D08B-6F1C-416C-A388-63B4074018CB::87686006:87756056:6:1334:20260827;6161;1;12932;;FR:Line::3C11D08B-6F1C-416C-A388-63B4074018CB:;1187;631A;Paris - Côte d'Azur TGV;;2;;;;StopPoint:OCETGV INOUI-87756056;Nice-Ville;;43.70455600;7.261904000;;;0;StopArea:OCE87756056
2026-07-30 11:51:50;OCESN6805F1187_F:OUI:FR:Line::237820F0-01B1-49D5-AB3A-3ACA662E322E::87723197:87756056:10:1304:20260827;StopPoint:OCETGV INOUI-87319012;2026-07-30 10:08:00;1200;2026-07-30 10:11:00;1200;FR:Line::237820F0-01B1-49D5-AB3A-3ACA662E322E:;001361;OCESN6805F1187_F:OUI:FR:Line::237820F0-01B1-49D5-AB3A-3ACA662E322E::87723197:87756056:10:1304:20260827;6805;1;13934;;FR:Line::237820F0-01B1-49D5-AB3A-3ACA662E322E:;1187;041F;Lyon - PACA;;2;;;;StopPoint:OCETGV INOUI-87319012;Aix-en-Provence TGV;;43.45523700;5.317534000;;;0;StopArea:OCE87319012
2026-07-30 11:51:50;OCESN6805F1187_F:OUI:FR:Line::237820F0-01B1-49D5-AB3A-3ACA662E322E::87723197:87756056:10:1304:20260827;StopPoint:OCETGV INOUI-87751008;2026-07-30 10:24:00;1200;2026-07-30 10:38:00;1200;FR:Line::237820F0-01B1-49D5-AB3A-3ACA662E322E:;001361;OCESN6805F1187_F:OUI:FR:Line::237820F0-01B1-49D5-AB3A-3ACA662E322E::87723197:87756056:10:1304:20260827;6805;1;13934;;FR:Line::237820F0-01B1-49D5-AB3A-3ACA662E322E:;1187;041F;Lyon - PACA;;2;;;;StopPoint:OCETGV INOUI-87751008;Marseille Saint-Charles;;43.30266600;5.380407000;;;0;StopArea:OCE87751008
2026-07-30 11:51:50;OCESN6805F1187_F:OUI:FR:Line::237820F0-01B1-49D5-AB3A-3ACA662E322E::87723197:87756056:10:1304:20260827;StopPoint:OCETGV INOUI-87755009;2026-07-30 11:27:00;1200;2026-07-30 11:27:00;900;FR:Line::237820F0-01B1-49D5-AB3A-3ACA662E322E:;001361;OCESN6805F1187_F:OUI:FR:Line::237820F0-01B1-49D5-AB3A-3ACA662E322E::87723197:87756056:10:1304:20260827;6805;1;13934;;FR:Line::237820F0-01B1-49D5-AB3A-3ACA662E322E:;1187;041F;Lyon - PACA;;2;;;;StopPoint:OCETGV INOUI-87755009;Toulon;;43.12835300;5.929404000;;;0;StopArea:OCE87755009
2026-07-30 11:51:50;OCESN6805F1187_F:OUI:FR:Line::237820F0-01B1-49D5-AB3A-3ACA662E322E::87723197:87756056:10:1304:20260827;StopPoint:OCETGV INOUI-87757526;2026-07-30 12:22:00;900;2026-07-30 12:25:00;900;FR:Line::237820F0-01B1-49D5-AB3A-3ACA662E322E:;001361;OCESN6805F1187_F:OUI:FR:Line::237820F0-01B1-49D5-AB3A-3ACA662E322E::87723197:87756056:10:1304:20260827;6805;1;13934;;FR:Line::237820F0-01B1-49D5-AB3A-3ACA662E322E:;1187;041F;Lyon - PACA;;2;;;;StopPoint:OCETGV INOUI-87757526;Saint-Raphaël Valescure;;43.42363100;6.769037000;;;0;StopArea:OCE87757526
2026-07-30 11:51:50;OCESN6805F1187_F:OUI:FR:Line::237820F0-01B1-49D5-AB3A-3ACA662E322E::87723197:87756056:10:1304:20260827;StopPoint:OCETGV INOUI-87757625;2026-07-30 12:47:00;900;2026-07-30 12:51:00;900;FR:Line::237820F0-01B1-49D5-AB3A-3ACA662E322E:;001361;OCESN6805F1187_F:OUI:FR:Line::237820F0-01B1-49D5-AB3A-3ACA662E322E::87723197:87756056:10:1304:20260827;6805;1;13934;;FR:Line::237820F0-01B1-49D5-AB3A-3ACA662E322E:;1187;041F;Lyon - PACA;;2;;;;StopPoint:OCETGV INOUI-87757625;Cannes;;43.55390800;7.019711000;;;0;StopArea:OCE87757625
2026-07-30 11:51:50;OCESN6805F1187_F:OUI:FR:Line::237820F0-01B1-49D5-AB3A-3ACA662E322E::87723197:87756056:10:1304:20260827;StopPoint:OCETGV INOUI-87757674;2026-07-30 13:00:00;900;2026-07-30 13:03:00;900;FR:Line::237820F0-01B1-49D5-AB3A-3ACA662E322E:;001361;OCESN6805F1187_F:OUI:FR:Line::237820F0-01B1-49D5-AB3A-3ACA662E322E::87723197:87756056:10:1304:20260827;6805;1;13934;;FR:Line::237820F0-01B1-49D5-AB3A-3ACA662E322E:;1187;041F;Lyon - PACA;;2;;;;StopPoint:OCETGV INOUI-87757674;Antibes;;43.58597100;7.119913000;;;0;StopArea:OCE87757674
2026-07-30 11:51:50;OCESN6805F1187_F:OUI:FR:Line::237820F0-01B1-49D5-AB3A-3ACA662E322E::87723197:87756056:10:1304:20260827;StopPoint:OCETGV INOUI-87756056;2026-07-30 13:19:00;900;;;FR:Line::237820F0-01B1-49D5-AB3A-3ACA662E322E:;001361;OCESN6805F1187_F:OUI:FR:Line::237820F0-01B1-49D5-AB3A-3ACA662E322E::87723197:87756056:10:1304:20260827;6805;1;13934;;FR:Line::237820F0-01B1-49D5-AB3A-3ACA662E322E:;1187;041F;Lyon - PACA;;2;;;;StopPoint:OCETGV INOUI-87756056;Nice-Ville;;43.70455600;7.261904000;;;0;StopArea:OCE87756056
2026-07-30 11:51:50;OCESN9877F1187_F:OUI:FR:Line::19ea029b-6782-421a-8481-7470f5718e47::87192039:87751008:12:1504:20261011;StopPoint:OCETGV INOUI-87182063;2026-07-30 09:58:00;300;2026-07-30 10:01:00;300;FR:Line::19ea029b-6782-421a-8481-7470f5718e47:;009283;OCESN9877F1187_F:OUI:FR:Line::19ea029b-6782-421a-8481-7470f5718e47::87192039:87751008:12:1504:20261011;9877;0;48823;;FR:Line::19ea029b-6782-421a-8481-7470f5718e47:;1187;071A;Lux/Alsace/Loraine - Paca;;2;;;;StopPoint:OCETGV INOUI-87182063;Mulhouse;;47.74269100;7.343160000;;;0;StopArea:OCE87182063
2026-07-30 11:51:50;OCESN9877F1187_F:OUI:FR:Line::19ea029b-6782-421a-8481-7470f5718e47::87192039:87751008:12:1504:20261011;StopPoint:OCETGV INOUI-87300822;2026-07-30 10:24:00;300;2026-07-30 10:26:00;300;FR:Line::19ea029b-6782-421a-8481-7470f5718e47:;009283;OCESN9877F1187_F:OUI:FR:Line::19ea029b-6782-421a-8481-7470f5718e47::87192039:87751008:12:1504:20261011;9877;0;48823;;FR:Line::19ea029b-6782-421a-8481-7470f5718e47:;1187;071A;Lux/Alsace/Loraine - Paca;;2;;;;StopPoint:OCETGV INOUI-87300822;Belfort - Montbéliard TGV;;47.58510500;6.897984000;;;0;StopArea:OCE87300822
2026-07-30 11:51:50;OCESN9877F1187_F:OUI:FR:Line::19ea029b-6782-421a-8481-7470f5718e47::87192039:87751008:12:1504:20261011;StopPoint:OCETGV INOUI-87300863;2026-07-30 10:46:00;300;2026-07-30 10:49:00;300;FR:Line::19ea029b-6782-421a-8481-7470f5718e47:;009283;OCESN9877F1187_F:OUI:FR:Line::19ea029b-6782-421a-8481-7470f5718e47::87192039:87751008:12:1504:20261011;9877;0;48823;;FR:Line::19ea029b-6782-421a-8481-7470f5718e47:;1187;071A;Lux/Alsace/Loraine - Paca;;2;;;;StopPoint:OCETGV INOUI-87300863;Besançon Franche-Comté TGV;;47.30721500;5.953613000;;;0;StopArea:OCE87300863
2026-07-30 11:51:50;OCESN9877F1187_F:OUI:FR:Line::19ea029b-6782-421a-8481-7470f5718e47::87192039:87751008:12:1504:20261011;StopPoint:OCETGV INOUI-87713040;2026-07-30 11:16:00;300;2026-07-30 11:26:00;300;FR:Line::19ea029b-6782-421a-8481-7470f5718e47:;009283;OCESN9877F1187_F:OUI:FR:Line::19ea029b-6782-421a-8481-7470f5718e47::87192039:87751008:12:1504:20261011;9877;0;48823;;FR:Line::19ea029b-6782-421a-8481-7470f5718e47:;1187;071A;Lux/Alsace/Loraine - Paca;;2;;;;StopPoint:OCETGV INOUI-87713040;Dijon;;47.32341100;5.027256000;;;0;StopArea:OCE87713040
2026-07-30 11:51:50;OCESN9877F1187_F:OUI:FR:Line::19ea029b-6782-421a-8481-7470f5718e47::87192039:87751008:12:1504:20261011;StopPoint:OCETGV INOUI-87725689;2026-07-30 12:59:00;2400;2026-07-30 13:02:00;2400;FR:Line::19ea029b-6782-421a-8481-7470f5718e47:;009283;OCESN9877F1187_F:OUI:FR:Line::19ea029b-6782-421a-8481-7470f5718e47::87192039:87751008:12:1504:20261011;9877;0;48823;;FR:Line::19ea029b-6782-421a-8481-7470f5718e47:;1187;071A;Lux/Alsace/Loraine - Paca;;2;;;;StopPoint:OCETGV INOUI-87725689;Mâcon;;46.30257200;4.824887000;;;0;StopArea:OCE87725689
2026-07-30 11:51:50;OCESN9877F1187_F:OUI:FR:Line::19ea029b-6782-421a-8481-7470f5718e47::87192039:87751008:12:1504:20261011;StopPoint:OCETGV INOUI-87723197;2026-07-30 13:29:00;1800;2026-07-30 13:40:00;1800;FR:Line::19ea029b-6782-421a-8481-7470f5718e47:;009283;OCESN9877F1187_F:OUI:FR:Line::19ea029b-6782-421a-8481-7470f5718e47::87192039:87751008:12:1504:20261011;9877;0;48823;;FR:Line::19ea029b-6782-421a-8481-7470f5718e47:;1187;071A;Lux/Alsace/Loraine - Paca;;2;;;;StopPoint:OCETGV INOUI-87723197;Lyon Part Dieu;;45.76059600;4.859409000;;;0;StopArea:OCE87723197
2026-07-30 11:51:50;OCESN9877F1187_F:OUI:FR:Line::19ea029b-6782-421a-8481-7470f5718e47::87192039:87751008:12:1504:20261011;StopPoint:OCETGV INOUI-87763029;2026-07-30 14:15:00;1800;2026-07-30 14:21:00;1800;FR:Line::19ea029b-6782-421a-8481-7470f5718e47:;009283;OCESN9877F1187_F:OUI:FR:Line::19ea029b-6782-421a-8481-7470f5718e47::87192039:87751008:12:1504:20261011;9877;0;48823;;FR:Line::19ea029b-6782-421a-8481-7470f5718e47:;1187;071A;Lux/Alsace/Loraine - Paca;;2;;;;StopPoint:OCETGV INOUI-87763029;Valence TGV Rhône-Alpes Sud;;44.99190700;4.978652000;;;0;StopArea:OCE87763029
2026-07-30 11:51:50;OCESN9877F1187_F:OUI:FR:Line::19ea029b-6782-421a-8481-7470f5718e47::87192039:87751008:12:1504:20261011;StopPoint:OCETGV INOUI-87318964;2026-07-30 14:56:00;1800;2026-07-30 14:59:00;1800;FR:Line::19ea029b-6782-421a-8481-7470f5718e47:;009283;OCESN9877F1187_F:OUI:FR:Line::19ea029b-6782-421a-8481-7470f5718e47::87192039:87751008:12:1504:20261011;9877;0;48823;;FR:Line::19ea029b-6782-421a-8481-7470f5718e47:;1187;071A;Lux/Alsace/Loraine - Paca;;2;;;;StopPoint:OCETGV INOUI-87318964;Avignon TGV;;43.92194000;4.786136000;;;0;StopArea:OCE87318964
2026-07-30 11:51:50;OCESN9877F1187_F:OUI:FR:Line::19ea029b-6782-421a-8481-7470f5718e47::87192039:87751008:12:1504:20261011;StopPoint:OCETGV INOUI-87319012;2026-07-30 15:19:00;1800;2026-07-30 15:22:00;1800;FR:Line::19ea029b-6782-421a-8481-7470f5718e47:;009283;OCESN9877F1187_F:OUI:FR:Line::19ea029b-6782-421a-8481-7470f5718e47::87192039:87751008:12:1504:20261011;9877;0;48823;;FR:Line::19ea029b-6782-421a-8481-7470f5718e47:;1187;071A;Lux/Alsace/Loraine - Paca;;2;;;;StopPoint:OCETGV INOUI-87319012;Aix-en-Provence TGV;;43.45523700;5.317534000;;;0;StopArea:OCE87319012
2026-07-30 11:51:50;OCESN9877F1187_F:OUI:FR:Line::19ea029b-6782-421a-8481-7470f5718e47::87192039:87751008:12:1504:20261011;StopPoint:OCETGV INOUI-87751008;2026-07-30 15:34:00;1800;;;FR:Line::19ea029b-6782-421a-8481-7470f5718e47:;009283;OCESN9877F1187_F:OUI:FR:Line::19ea029b-6782-421a-8481-7470f5718e47::87192039:87751008:12:1504:20261011;9877;0;48823;;FR:Line::19ea029b-6782-421a-8481-7470f5718e47:;1187;071A;Lux/Alsace/Loraine - Paca;;2;;;;StopPoint:OCETGV INOUI-87751008;Marseille Saint-Charles;;43.30266600;5.380407000;;;0;StopArea:OCE87751008
2026-07-30 11:51:50;OCESN12183F1187_F:OUI:FR:Line::19ea029b-6782-421a-8481-7470f5718e47::87751008:87212027:9:1343:20261107;StopPoint:OCETGV INOUI-87319012;2026-07-30 08:28:00;300;2026-07-30 08:31:00;300;FR:Line::19ea029b-6782-421a-8481-7470f5718e47:;000227;OCESN12183F1187_F:OUI:FR:Line::19ea029b-6782-421a-8481-7470f5718e47::87751008:87212027:9:1343:20261107;12183;1;361;;FR:Line::19ea029b-6782-421a-8481-7470f5718e47:;1187;071A;Lux/Alsace/Loraine - Paca;;2;;;;StopPoint:OCETGV INOUI-87319012;Aix-en-Provence TGV;;43.45523700;5.317534000;;;0;StopArea:OCE87319012
2026-07-30 11:51:50;OCESN12183F1187_F:OUI:FR:Line::19ea029b-6782-421a-8481-7470f5718e47::87751008:87212027:9:1343:20261107;StopPoint:OCETGV INOUI-87318964;2026-07-30 08:51:00;300;2026-07-30 08:54:00;300;FR:Line::19ea029b-6782-421a-8481-7470f5718e47:;000227;OCESN12183F1187_F:OUI:FR:Line::19ea029b-6782-421a-8481-7470f5718e47::87751008:87212027:9:1343:20261107;12183;1;361;;FR:Line::19ea029b-6782-421a-8481-7470f5718e47:;1187;071A;Lux/Alsace/Loraine - Paca;;2;;;;StopPoint:OCETGV INOUI-87318964;Avignon TGV;;43.92194000;4.786136000;;;0;StopArea:OCE87318964
2026-07-30 11:51:50;OCESN12183F1187_F:OUI:FR:Line::19ea029b-6782-421a-8481-7470f5718e47::87751008:87212027:9:1343:20261107;StopPoint:OCETGV INOUI-87723197;2026-07-30 09:59:00;300;2026-07-30 10:06:00;300;FR:Line::19ea029b-6782-421a-8481-7470f5718e47:;000227;OCESN12183F1187_F:OUI:FR:Line::19ea029b-6782-421a-8481-7470f5718e47::87751008:87212027:9:1343:20261107;12183;1;361;;FR:Line::19ea029b-6782-421a-8481-7470f5718e47:;1187;071A;Lux/Alsace/Loraine - Paca;;2;;;;StopPoint:OCETGV INOUI-87723197;Lyon Part Dieu;;45.76059600;4.859409000;;;0;StopArea:OCE87723197
2026-07-30 11:51:50;OCESN12183F1187_F:OUI:FR:Line::19ea029b-6782-421a-8481-7470f5718e47::87751008:87212027:9:1343:20261107;StopPoint:OCETGV INOUI-87725002;2026-07-30 11:08:00;300;2026-07-30 11:11:00;300;FR:Line::19ea029b-6782-421a-8481-7470f5718e47:;000227;OCESN12183F1187_F:OUI:FR:Line::19ea029b-6782-421a-8481-7470f5718e47::87751008:87212027:9:1343:20261107;12183;1;361;;FR:Line::19ea029b-6782-421a-8481-7470f5718e47:;1187;071A;Lux/Alsace/Loraine - Paca;;2;;;;StopPoint:OCETGV INOUI-87725002;Chalon-sur-Saône;;46.78162200;4.843479000;;;0;StopArea:OCE87725002
2026-07-30 11:51:50;OCESN12183F1187_F:OUI:FR:Line::19ea029b-6782-421a-8481-7470f5718e47::87751008:87212027:9:1343:20261107;StopPoint:OCETGV INOUI-87300863;2026-07-30 12:06:00;300;2026-07-30 12:08:00;300;FR:Line::19ea029b-6782-421a-8481-7470f5718e47:;000227;OCESN12183F1187_F:OUI:FR:Line::19ea029b-6782-421a-8481-7470f5718e47::87751008:87212027:9:1343:20261107;12183;1;361;;FR:Line::19ea029b-6782-421a-8481-7470f5718e47:;1187;071A;Lux/Alsace/Loraine - Paca;;2;;;;StopPoint:OCETGV INOUI-87300863;Besançon Franche-Comté TGV;;47.30721500;5.953613000;;;0;StopArea:OCE87300863
2026-07-30 11:51:50;OCESN12183F1187_F:OUI:FR:Line::19ea029b-6782-421a-8481-7470f5718e47::87751008:87212027:9:1343:20261107;StopPoint:OCETGV INOUI-87300822;2026-07-30 12:29:00;300;2026-07-30 12:32:00;300;FR:Line::19ea029b-6782-421a-8481-7470f5718e47:;000227;OCESN12183F1187_F:OUI:FR:Line::19ea029b-6782-421a-8481-7470f5718e47::87751008:87212027:9:1343:20261107;12183;1;361;;FR:Line::19ea029b-6782-421a-8481-7470f5718e47:;1187;071A;Lux/Alsace/Loraine - Paca;;2;;;;StopPoint:OCETGV INOUI-87300822;Belfort - Montbéliard TGV;;47.58510500;6.897984000;;;0;StopArea:OCE87300822
2026-07-30 11:51:50;OCESN12183F1187_F:OUI:FR:Line::19ea029b-6782-421a-8481-7470f5718e47::87751008:87212027:9:1343:20261107;StopPoint:OCETGV INOUI-87182063;2026-07-30 12:55:00;300;2026-07-30 12:59:00;300;FR:Line::19ea029b-6782-421a-8481-7470f5718e47:;000227;OCESN12183F1187_F:OUI:FR:Line::19ea029b-6782-421a-8481-7470f5718e47::87751008:87212027:9:1343:20261107;12183;1;361;;FR:Line::19ea029b-6782-421a-8481-7470f5718e47:;1187;071A;Lux/Alsace/Loraine - Paca;;2;;;;StopPoint:OCETGV INOUI-87182063;Mulhouse;;47.74269100;7.343160000;;;0;StopArea:OCE87182063
2026-07-30 11:51:50;OCESN12183F1187_F:OUI:FR:Line::19ea029b-6782-421a-8481-7470f5718e47::87751008:87212027:9:1343:20261107;StopPoint:OCETGV INOUI-87212027;2026-07-30 13:48:00;300;;;FR:Line::19ea029b-6782-421a-8481-7470f5718e47:;000227;OCESN12183F1187_F:OUI:FR:Line::19ea029b-6782-421a-8481-7470f5718e47::87751008:87212027:9:1343:20261107;12183;1;361;;FR:Line::19ea029b-6782-421a-8481-7470f5718e47:;1187;071A;Lux/Alsace/Loraine - Paca;;2;;;;StopPoint:OCETGV INOUI-87212027;Strasbourg;;48.58511000;7.733882000;;;0;StopArea:OCE87212027
2026-07-30 11:51:50;OCESN9812F1187_F:OUI:FR:Line::A6C76228-9224-4C48-8B92-80FC80F093E2::88140010:87773002:8:1402:20260805;StopPoint:OCETGV INOUI-88140010;;;2026-07-30 08:22:00;300;FR:Line::A6C76228-9224-4C48-8B92-80FC80F093E2:;009198;OCESN9812F1187_F:OUI:FR:Line::A6C76228-9224-4C48-8B92-80FC80F093E2::88140010:87773002:8:1402:20260805;9812;0;48391;;FR:Line::A6C76228-9224-4C48-8B92-80FC80F093E2:;1187;001B;Lille - Mediterranee TGV;;2;;;;StopPoint:OCETGV INOUI-88140010;Bruxelles Midi;;50.83600000;4.336000000;;;0;StopArea:OCE88140010
2026-07-30 11:51:50;OCESN9812F1187_F:OUI:FR:Line::A6C76228-9224-4C48-8B92-80FC80F093E2::88140010:87773002:8:1402:20260805;StopPoint:OCETGV INOUI-87223263;2026-07-30 08:56:00;300;2026-07-30 09:06:00;300;FR:Line::A6C76228-9224-4C48-8B92-80FC80F093E2:;009198;OCESN9812F1187_F:OUI:FR:Line::A6C76228-9224-4C48-8B92-80FC80F093E2::88140010:87773002:8:1402:20260805;9812;0;48391;;FR:Line::A6C76228-9224-4C48-8B92-80FC80F093E2:;1187;001B;Lille - Mediterranee TGV;;2;;;;StopPoint:OCETGV INOUI-87223263;Lille Europe;;50.63940000;3.075721000;;;0;StopArea:OCE87223263
2026-07-30 11:51:50;OCESN9812F1187_F:OUI:FR:Line::A6C76228-9224-4C48-8B92-80FC80F093E2::88140010:87773002:8:1402:20260805;StopPoint:OCETGV INOUI-87271494;2026-07-30 09:56:00;300;2026-07-30 10:02:00;300;FR:Line::A6C76228-9224-4C48-8B92-80FC80F093E2:;009198;OCESN9812F1187_F:OUI:FR:Line::A6C76228-9224-4C48-8B92-80FC80F093E2::88140010:87773002:8:1402:20260805;9812;0;48391;;FR:Line::A6C76228-9224-4C48-8B92-80FC80F093E2:;1187;001B;Lille - Mediterranee TGV;;2;;;;StopPoint:OCETGV INOUI-87271494;Aéroport Charles de Gaulle 2 TGV;;49.00361800;2.570812000;;;0;StopArea:OCE87271494
2026-07-30 11:51:50;OCESN9812F1187_F:OUI:FR:Line::A6C76228-9224-4C48-8B92-80FC80F093E2::88140010:87773002:8:1402:20260805;StopPoint:OCETGV INOUI-87111849;2026-07-30 10:13:00;300;2026-07-30 10:18:00;300;FR:Line::A6C76228-9224-4C48-8B92-80FC80F093E2:;009198;OCESN9812F1187_F:OUI:FR:Line::A6C76228-9224-4C48-8B92-80FC80F093E2::88140010:87773002:8:1402:20260805;9812;0;48391;;FR:Line::A6C76228-9224-4C48-8B92-80FC80F093E2:;1187;001B;Lille - Mediterranee TGV;;2;;;;StopPoint:OCETGV INOUI-87111849;Marne-la-Vallée Chessy;;48.86989800;2.782626000;;;0;StopArea:OCE87111849
2026-07-30 11:51:50;OCESN9812F1187_F:OUI:FR:Line::A6C76228-9224-4C48-8B92-80FC80F093E2::88140010:87773002:8:1402:20260805;StopPoint:OCETGV INOUI-87723197;2026-07-30 12:05:00;300;2026-07-30 12:15:00;300;FR:Line::A6C76228-9224-4C48-8B92-80FC80F093E2:;009198;OCESN9812F1187_F:OUI:FR:Line::A6C76228-9224-4C48-8B92-80FC80F093E2::88140010:87773002:8:1402:20260805;9812;0;48391;;FR:Line::A6C76228-9224-4C48-8B92-80FC80F093E2:;1187;001B;Lille - Mediterranee TGV;;2;;;;StopPoint:OCETGV INOUI-87723197;Lyon Part Dieu;;45.76059600;4.859409000;;;0;StopArea:OCE87723197
2026-07-30 11:51:50;OCESN9812F1187_F:OUI:FR:Line::A6C76228-9224-4C48-8B92-80FC80F093E2::88140010:87773002:8:1402:20260805;StopPoint:OCETGV INOUI-87763029;2026-07-30 12:50:00;300;2026-07-30 12:55:00;300;FR:Line::A6C76228-9224-4C48-8B92-80FC80F093E2:;009198;OCESN9812F1187_F:OUI:FR:Line::A6C76228-9224-4C48-8B92-80FC80F093E2::88140010:87773002:8:1402:20260805;9812;0;48391;;FR:Line::A6C76228-9224-4C48-8B92-80FC80F093E2:;1187;001B;Lille - Mediterranee TGV;;2;;;;StopPoint:OCETGV INOUI-87763029;Valence TGV Rhône-Alpes Sud;;44.99190700;4.978652000;;;0;StopArea:OCE87763029
2026-07-30 11:51:50;OCESN9812F1187_F:OUI:FR:Line::A6C76228-9224-4C48-8B92-80FC80F093E2::88140010:87773002:8:1402:20260805;StopPoint:OCETGV INOUI-87775007;2026-07-30 13:39:00;300;2026-07-30 13:42:00;300;FR:Line::A6C76228-9224-4C48-8B92-80FC80F093E2:;009198;OCESN9812F1187_F:OUI:FR:Line::A6C76228-9224-4C48-8B92-80FC80F093E2::88140010:87773002:8:1402:20260805;9812;0;48391;;FR:Line::A6C76228-9224-4C48-8B92-80FC80F093E2:;1187;001B;Lille - Mediterranee TGV;;2;;;;StopPoint:OCETGV INOUI-87775007;Nîmes Centre;;43.83231300;4.365872000;;;0;StopArea:OCE87775007
2026-07-30 11:51:50;OCESN9812F1187_F:OUI:FR:Line::A6C76228-9224-4C48-8B92-80FC80F093E2::88140010:87773002:8:1402:20260805;StopPoint:OCETGV INOUI-87773002;2026-07-30 14:07:00;300;;;FR:Line::A6C76228-9224-4C48-8B92-80FC80F093E2:;009198;OCESN9812F1187_F:OUI:FR:Line::A6C76228-9224-4C48-8B92-80FC80F093E2::88140010:87773002:8:1402:20260805;9812;0;48391;;FR:Line::A6C76228-9224-4C48-8B92-80FC80F093E2:;1187;001B;Lille - Mediterranee TGV;;2;;;;StopPoint:OCETGV INOUI-87773002;Montpellier Saint-Roch;;43.60473800;3.880674000;;;0;StopArea:OCE87773002
2026-07-30 11:51:50;OCESN35091F1187_F:OUI:FR:Line::BAF1DE9A-72EC-4064-8BE9-C4EFF292CB6A::87686006:87751008:4:1159:20260813;StopPoint:OCETGV INOUI-87686006;;;2026-07-30 08:31:00;300;FR:Line::BAF1DE9A-72EC-4064-8BE9-C4EFF292CB6A:;001883;OCESN35091F1187_F:OUI:FR:Line::BAF1DE9A-72EC-4064-8BE9-C4EFF292CB6A::87686006:87751008:4:1159:20260813;35091;1;5984;;FR:Line::BAF1DE9A-72EC-4064-8BE9-C4EFF292CB6A:;1187;631B;Paris - Marseille - Toulon TGV;;2;;;;StopPoint:OCETGV INOUI-87686006;Paris Gare de Lyon Hall 1 - 2;;48.84494500;2.373481000;;;0;StopArea:OCE87686006
2026-07-30 11:51:50;OCESN8362F1187_F:OUI:FR:Line::1C59DA64-5D12-4600-9092-4E99FCBFAC7A::87485003:87391003:5:1142:20261212;StopPoint:OCETGV INOUI-87571240;2026-07-30 10:40:00;300;2026-07-30 10:44:00;300;FR:Line::1C59DA64-5D12-4600-9092-4E99FCBFAC7A:;009560;OCESN8362F1187_F:OUI:FR:Line::1C59DA64-5D12-4600-9092-4E99FCBFAC7A::87485003:87391003:5:1142:20261212;8362;0;19377;;FR:Line::1C59DA64-5D12-4600-9092-4E99FCBFAC7A:;1187;421I;Paris - Poitiers - La Rochelle TGV;;2;;;;StopPoint:OCETGV INOUI-87571240;Saint-Pierre-des-Corps;;47.38614000;0.723539000;;;0;StopArea:OCE87571240
2026-07-30 11:51:50;OCESN8362F1187_F:OUI:FR:Line::1C59DA64-5D12-4600-9092-4E99FCBFAC7A::87485003:87391003:5:1142:20261212;StopPoint:OCETGV INOUI-87391003;2026-07-30 11:47:00;300;;;FR:Line::1C59DA64-5D12-4600-9092-4E99FCBFAC7A:;009560;OCESN8362F1187_F:OUI:FR:Line::1C59DA64-5D12-4600-9092-4E99FCBFAC7A::87485003:87391003:5:1142:20261212;8362;0;19377;;FR:Line::1C59DA64-5D12-4600-9092-4E99FCBFAC7A:;1187;421I;Paris - Poitiers - La Rochelle TGV;;2;;;;StopPoint:OCETGV INOUI-87391003;Paris Montparnasse Hall 1 - 2;;48.84117200;2.320514000;;;0;StopArea:OCE87391003
2026-07-30 11:51:50;OCESN6112F1187_F:OUI:FR:Line::BAF1DE9A-72EC-4064-8BE9-C4EFF292CB6A::87751008:87686006:4:1222:20261026;StopPoint:OCETGV INOUI-87751008;;;2026-07-30 10:03:00;3600;FR:Line::BAF1DE9A-72EC-4064-8BE9-C4EFF292CB6A:;003239;OCESN6112F1187_F:OUI:FR:Line::BAF1DE9A-72EC-4064-8BE9-C4EFF292CB6A::87751008:87686006:4:1222:20261026;6112;0;12739;;FR:Line::BAF1DE9A-72EC-4064-8BE9-C4EFF292CB6A:;1187;631B;Paris - Marseille - Toulon TGV;;2;;;;StopPoint:OCETGV INOUI-87751008;Marseille Saint-Charles;;43.30266600;5.380407000;;;0;StopArea:OCE87751008
2026-07-30 11:51:50;OCESN6112F1187_F:OUI:FR:Line::BAF1DE9A-72EC-4064-8BE9-C4EFF292CB6A::87751008:87686006:4:1222:20261026;StopPoint:OCETGV INOUI-87319012;2026-07-30 10:15:00;3600;2026-07-30 10:18:00;3600;FR:Line::BAF1DE9A-72EC-4064-8BE9-C4EFF292CB6A:;003239;OCESN6112F1187_F:OUI:FR:Line::BAF1DE9A-72EC-4064-8BE9-C4EFF292CB6A::87751008:87686006:4:1222:20261026;6112;0;12739;;FR:Line::BAF1DE9A-72EC-4064-8BE9-C4EFF292CB6A:;1187;631B;Paris - Marseille - Toulon TGV;;2;;;;StopPoint:OCETGV INOUI-87319012;Aix-en-Provence TGV;;43.45523700;5.317534000;;;0;StopArea:OCE87319012
2026-07-30 11:51:50;OCESN6112F1187_F:OUI:FR:Line::BAF1DE9A-72EC-4064-8BE9-C4EFF292CB6A::87751008:87686006:4:1222:20261026;StopPoint:OCETGV INOUI-87318964;2026-07-30 10:38:00;3600;2026-07-30 10:41:00;3600;FR:Line::BAF1DE9A-72EC-4064-8BE9-C4EFF292CB6A:;003239;OCESN6112F1187_F:OUI:FR:Line::BAF1DE9A-72EC-4064-8BE9-C4EFF292CB6A::87751008:87686006:4:1222:20261026;6112;0;12739;;FR:Line::BAF1DE9A-72EC-4064-8BE9-C4EFF292CB6A:;1187;631B;Paris - Marseille - Toulon TGV;;2;;;;StopPoint:OCETGV INOUI-87318964;Avignon TGV;;43.92194000;4.786136000;;;0;StopArea:OCE87318964
2026-07-30 11:51:50;OCESN6112F1187_F:OUI:FR:Line::BAF1DE9A-72EC-4064-8BE9-C4EFF292CB6A::87751008:87686006:4:1222:20261026;StopPoint:OCETGV INOUI-87686006;2026-07-30 13:22:00;3600;;;FR:Line::BAF1DE9A-72EC-4064-8BE9-C4EFF292CB6A:;003239;OCESN6112F1187_F:OUI:FR:Line::BAF1DE9A-72EC-4064-8BE9-C4EFF292CB6A::87751008:87686006:4:1222:20261026;6112;0;12739;;FR:Line::BAF1DE9A-72EC-4064-8BE9-C4EFF292CB6A:;1187;631B;Paris - Marseille - Toulon TGV;;2;;;;StopPoint:OCETGV INOUI-87686006;Paris Gare de Lyon Hall 1 - 2;;48.84494500;2.373481000;;;0;StopArea:OCE87686006
2026-07-30 11:51:50;OCESN12179F1187_F:OUI:FR:Line::19ea029b-6782-421a-8481-7470f5718e47::87212027:87751008:11:1504:20261108;StopPoint:OCETGV INOUI-87182063;2026-07-30 09:58:00;300;2026-07-30 10:01:00;300;FR:Line::19ea029b-6782-421a-8481-7470f5718e47:;000201;OCESN12179F1187_F:OUI:FR:Line::19ea029b-6782-421a-8481-7470f5718e47::87212027:87751008:11:1504:20261108;12179;0;318;;FR:Line::19ea029b-6782-421a-8481-7470f5718e47:;1187;071A;Lux/Alsace/Loraine - Paca;;2;;;;StopPoint:OCETGV INOUI-87182063;Mulhouse;;47.74269100;7.343160000;;;0;StopArea:OCE87182063
2026-07-30 11:51:50;OCESN12179F1187_F:OUI:FR:Line::19ea029b-6782-421a-8481-7470f5718e47::87212027:87751008:11:1504:20261108;StopPoint:OCETGV INOUI-87300822;2026-07-30 10:24:00;300;2026-07-30 10:26:00;300;FR:Line::19ea029b-6782-421a-8481-7470f5718e47:;000201;OCESN12179F1187_F:OUI:FR:Line::19ea029b-6782-421a-8481-7470f5718e47::87212027:87751008:11:1504:20261108;12179;0;318;;FR:Line::19ea029b-6782-421a-8481-7470f5718e47:;1187;071A;Lux/Alsace/Loraine - Paca;;2;;;;StopPoint:OCETGV INOUI-87300822;Belfort - Montbéliard TGV;;47.58510500;6.897984000;;;0;StopArea:OCE87300822
2026-07-30 11:51:50;OCESN12179F1187_F:OUI:FR:Line::19ea029b-6782-421a-8481-7470f5718e47::87212027:87751008:11:1504:20261108;StopPoint:OCETGV INOUI-87300863;2026-07-30 10:46:00;300;2026-07-30 10:49:00;300;FR:Line::19ea029b-6782-421a-8481-7470f5718e47:;000201;OCESN12179F1187_F:OUI:FR:Line::19ea029b-6782-421a-8481-7470f5718e47::87212027:87751008:11:1504:20261108;12179;0;318;;FR:Line::19ea029b-6782-421a-8481-7470f5718e47:;1187;071A;Lux/Alsace/Loraine - Paca;;2;;;;StopPoint:OCETGV INOUI-87300863;Besançon Franche-Comté TGV;;47.30721500;5.953613000;;;0;StopArea:OCE87300863
2026-07-30 11:51:50;OCESN12179F1187_F:OUI:FR:Line::19ea029b-6782-421a-8481-7470f5718e47::87212027:87751008:11:1504:20261108;StopPoint:OCETGV INOUI-87713040;2026-07-30 11:16:00;300;2026-07-30 11:26:00;300;FR:Line::19ea029b-6782-421a-8481-7470f5718e47:;000201;OCESN12179F1187_F:OUI:FR:Line::19ea029b-6782-421a-8481-7470f5718e47::87212027:87751008:11:1504:20261108;12179;0;318;;FR:Line::19ea029b-6782-421a-8481-7470f5718e47:;1187;071A;Lux/Alsace/Loraine - Paca;;2;;;;StopPoint:OCETGV INOUI-87713040;Dijon;;47.32341100;5.027256000;;;0;StopArea:OCE87713040
2026-07-30 11:51:50;OCESN12179F1187_F:OUI:FR:Line::19ea029b-6782-421a-8481-7470f5718e47::87212027:87751008:11:1504:20261108;StopPoint:OCETGV INOUI-87725689;2026-07-30 12:59:00;2400;2026-07-30 13:02:00;2400;FR:Line::19ea029b-6782-421a-8481-7470f5718e47:;000201;OCESN12179F1187_F:OUI:FR:Line::19ea029b-6782-421a-8481-7470f5718e47::87212027:87751008:11:1504:20261108;12179;0;318;;FR:Line::19ea029b-6782-421a-8481-7470f5718e47:;1187;071A;Lux/Alsace/Loraine - Paca;;2;;;;StopPoint:OCETGV INOUI-87725689;Mâcon;;46.30257200;4.824887000;;;0;StopArea:OCE87725689
2026-07-30 11:51:50;OCESN12179F1187_F:OUI:FR:Line::19ea029b-6782-421a-8481-7470f5718e47::87212027:87751008:11:1504:20261108;StopPoint:OCETGV INOUI-87723197;2026-07-30 13:29:00;1800;2026-07-30 13:40:00;1800;FR:Line::19ea029b-6782-421a-8481-7470f5718e47:;000201;OCESN12179F1187_F:OUI:FR:Line::19ea029b-6782-421a-8481-7470f5718e47::87212027:87751008:11:1504:20261108;12179;0;318;;FR:Line::19ea029b-6782-421a-8481-7470f5718e47:;1187;071A;Lux/Alsace/Loraine - Paca;;2;;;;StopPoint:OCETGV INOUI-87723197;Lyon Part Dieu;;45.76059600;4.859409000;;;0;StopArea:OCE87723197
2026-07-30 11:51:50;OCESN12179F1187_F:OUI:FR:Line::19ea029b-6782-421a-8481-7470f5718e47::87212027:87751008:11:1504:20261108;StopPoint:OCETGV INOUI-87763029;2026-07-30 14:15:00;1800;2026-07-30 14:21:00;1800;FR:Line::19ea029b-6782-421a-8481-7470f5718e47:;000201;OCESN12179F1187_F:OUI:FR:Line::19ea029b-6782-421a-8481-7470f5718e47::87212027:87751008:11:1504:20261108;12179;0;318;;FR:Line::19ea029b-6782-421a-8481-7470f5718e47:;1187;071A;Lux/Alsace/Loraine - Paca;;2;;;;StopPoint:OCETGV INOUI-87763029;Valence TGV Rhône-Alpes Sud;;44.99190700;4.978652000;;;0;StopArea:OCE87763029
2026-07-30 11:51:50;OCESN12179F1187_F:OUI:FR:Line::19ea029b-6782-421a-8481-7470f5718e47::87212027:87751008:11:1504:20261108;StopPoint:OCETGV INOUI-87318964;2026-07-30 14:56:00;1800;2026-07-30 14:59:00;1800;FR:Line::19ea029b-6782-421a-8481-7470f5718e47:;000201;OCESN12179F1187_F:OUI:FR:Line::19ea029b-6782-421a-8481-7470f5718e47::87212027:87751008:11:1504:20261108;12179;0;318;;FR:Line::19ea029b-6782-421a-8481-7470f5718e47:;1187;071A;Lux/Alsace/Loraine - Paca;;2;;;;StopPoint:OCETGV INOUI-87318964;Avignon TGV;;43.92194000;4.786136000;;;0;StopArea:OCE87318964
2026-07-30 11:51:50;OCESN12179F1187_F:OUI:FR:Line::19ea029b-6782-421a-8481-7470f5718e47::87212027:87751008:11:1504:20261108;StopPoint:OCETGV INOUI-87319012;2026-07-30 15:19:00;1800;2026-07-30 15:22:00;1800;FR:Line::19ea029b-6782-421a-8481-7470f5718e47:;000201;OCESN12179F1187_F:OUI:FR:Line::19ea029b-6782-421a-8481-7470f5718e47::87212027:87751008:11:1504:20261108;12179;0;318;;FR:Line::19ea029b-6782-421a-8481-7470f5718e47:;1187;071A;Lux/Alsace/Loraine - Paca;;2;;;;StopPoint:OCETGV INOUI-87319012;Aix-en-Provence TGV;;43.45523700;5.317534000;;;0;StopArea:OCE87319012
2026-07-30 11:51:50;OCESN12179F1187_F:OUI:FR:Line::19ea029b-6782-421a-8481-7470f5718e47::87212027:87751008:11:1504:20261108;StopPoint:OCETGV INOUI-87751008;2026-07-30 15:34:00;1800;;;FR:Line::19ea029b-6782-421a-8481-7470f5718e47:;000201;OCESN12179F1187_F:OUI:FR:Line::19ea029b-6782-421a-8481-7470f5718e47::87212027:87751008:11:1504:20261108;12179;0;318;;FR:Line::19ea029b-6782-421a-8481-7470f5718e47:;1187;071A;Lux/Alsace/Loraine - Paca;;2;;;;StopPoint:OCETGV INOUI-87751008;Marseille Saint-Charles;;43.30266600;5.380407000;;;0;StopArea:OCE87751008
2026-07-30 11:51:50;OCESN12562F1187_F:OUI:FR:Line::A6C76228-9224-4C48-8B92-80FC80F093E2::87688887:87223263:9:1424:20261211;StopPoint:OCETGV INOUI-87723197;2026-07-30 11:00:00;600;2026-07-30 11:10:00;600;FR:Line::A6C76228-9224-4C48-8B92-80FC80F093E2:;000512;OCESN12562F1187_F:OUI:FR:Line::A6C76228-9224-4C48-8B92-80FC80F093E2::87688887:87223263:9:1424:20261211;12562;1;876;;FR:Line::A6C76228-9224-4C48-8B92-80FC80F093E2:;1187;001B;Lille - Mediterranee TGV;;2;;;;StopPoint:OCETGV INOUI-87723197;Lyon Part Dieu;;45.76059600;4.859409000;;;0;StopArea:OCE87723197
2026-07-30 11:51:50;OCESN12562F1187_F:OUI:FR:Line::A6C76228-9224-4C48-8B92-80FC80F093E2::87688887:87223263:9:1424:20261211;StopPoint:OCETGV INOUI-87111849;2026-07-30 12:50:00;300;2026-07-30 12:55:00;300;FR:Line::A6C76228-9224-4C48-8B92-80FC80F093E2:;000512;OCESN12562F1187_F:OUI:FR:Line::A6C76228-9224-4C48-8B92-80FC80F093E2::87688887:87223263:9:1424:20261211;12562;1;876;;FR:Line::A6C76228-9224-4C48-8B92-80FC80F093E2:;1187;001B;Lille - Mediterranee TGV;;2;;;;StopPoint:OCETGV INOUI-87111849;Marne-la-Vallée Chessy;;48.86989800;2.782626000;;;0;StopArea:OCE87111849
2026-07-30 11:51:50;OCESN12562F1187_F:OUI:FR:Line::A6C76228-9224-4C48-8B92-80FC80F093E2::87688887:87223263:9:1424:20261211;StopPoint:OCETGV INOUI-87271494;2026-07-30 13:06:00;300;2026-07-30 13:08:00;0;FR:Line::A6C76228-9224-4C48-8B92-80FC80F093E2:;000512;OCESN12562F1187_F:OUI:FR:Line::A6C76228-9224-4C48-8B92-80FC80F093E2::87688887:87223263:9:1424:20261211;12562;1;876;;FR:Line::A6C76228-9224-4C48-8B92-80FC80F093E2:;1187;001B;Lille - Mediterranee TGV;;2;;;;StopPoint:OCETGV INOUI-87271494;Aéroport Charles de Gaulle 2 TGV;;49.00361800;2.570812000;;;0;StopArea:OCE87271494
2026-07-30 11:51:50;OCESN9862F1187_F:OUI:FR:Line::A6C76228-9224-4C48-8B92-80FC80F093E2::87688887:88140010:10:1526:20261211;StopPoint:OCETGV INOUI-87723197;2026-07-30 11:00:00;600;2026-07-30 11:10:00;600;FR:Line::A6C76228-9224-4C48-8B92-80FC80F093E2:;009251;OCESN9862F1187_F:OUI:FR:Line::A6C76228-9224-4C48-8B92-80FC80F093E2::87688887:88140010:10:1526:20261211;9862;1;48677;;FR:Line::A6C76228-9224-4C48-8B92-80FC80F093E2:;1187;001B;Lille - Mediterranee TGV;;2;;;;StopPoint:OCETGV INOUI-87723197;Lyon Part Dieu;;45.76059600;4.859409000;;;0;StopArea:OCE87723197
2026-07-30 11:51:50;OCESN9862F1187_F:OUI:FR:Line::A6C76228-9224-4C48-8B92-80FC80F093E2::87688887:88140010:10:1526:20261211;StopPoint:OCETGV INOUI-87111849;2026-07-30 12:50:00;300;2026-07-30 12:55:00;300;FR:Line::A6C76228-9224-4C48-8B92-80FC80F093E2:;009251;OCESN9862F1187_F:OUI:FR:Line::A6C76228-9224-4C48-8B92-80FC80F093E2::87688887:88140010:10:1526:20261211;9862;1;48677;;FR:Line::A6C76228-9224-4C48-8B92-80FC80F093E2:;1187;001B;Lille - Mediterranee TGV;;2;;;;StopPoint:OCETGV INOUI-87111849;Marne-la-Vallée Chessy;;48.86989800;2.782626000;;;0;StopArea:OCE87111849
2026-07-30 11:51:50;OCESN9862F1187_F:OUI:FR:Line::A6C76228-9224-4C48-8B92-80FC80F093E2::87688887:88140010:10:1526:20261211;StopPoint:OCETGV INOUI-87271494;2026-07-30 13:06:00;300;2026-07-30 13:08:00;0;FR:Line::A6C76228-9224-4C48-8B92-80FC80F093E2:;009251;OCESN9862F1187_F:OUI:FR:Line::A6C76228-9224-4C48-8B92-80FC80F093E2::87688887:88140010:10:1526:20261211;9862;1;48677;;FR:Line::A6C76228-9224-4C48-8B92-80FC80F093E2:;1187;001B;Lille - Mediterranee TGV;;2;;;;StopPoint:OCETGV INOUI-87271494;Aéroport Charles de Gaulle 2 TGV;;49.00361800;2.570812000;;;0;StopArea:OCE87271494
2026-07-30 11:51:50;OCESN6964F1187_F:OUI:FR:Line::60faff89-b743-4b4b-a86b-3c0537769bfa::87746008:87686006:5:1314:20261026;StopPoint:OCETGV INOUI-87725705;2026-07-30 11:40:00;300;2026-07-30 11:43:00;300;FR:Line::60faff89-b743-4b4b-a86b-3c0537769bfa:;003765;OCESN6964F1187_F:OUI:FR:Line::60faff89-b743-4b4b-a86b-3c0537769bfa::87746008:87686006:5:1314:20261026;6964;0;14528;;FR:Line::60faff89-b743-4b4b-a86b-3c0537769bfa:;1187;621B;Paris - Chambéry - Annecy TGV;;2;;;;StopPoint:OCETGV INOUI-87725705;Mâcon - Loché TGV;;46.28291200;4.778924000;;;0;StopArea:OCE87725705
2026-07-30 11:51:50;OCESN7516F1187_F:OUI:FR:Line::69ABADD2-325C-47DC-BC61-D74DD87C5E3C::87317586:87271007:5:1208:20260814;StopPoint:OCETGV INOUI-87342014;2026-07-30 11:18:00;300;2026-07-30 11:23:00;300;FR:Line::69ABADD2-325C-47DC-BC61-D74DD87C5E3C:;003972;OCESN7516F1187_F:OUI:FR:Line::69ABADD2-325C-47DC-BC61-D74DD87C5E3C::87317586:87271007:5:1208:20260814;7516;0;15485;;FR:Line::69ABADD2-325C-47DC-BC61-D74DD87C5E3C:;1187;261E;Paris - Littoral;;2;;;;StopPoint:OCETGV INOUI-87342014;Arras;;50.28697100;2.781314000;;;0;StopArea:OCE87342014
2026-07-30 11:51:50;OCESN7516F1187_F:OUI:FR:Line::69ABADD2-325C-47DC-BC61-D74DD87C5E3C::87317586:87271007:5:1208:20260814;StopPoint:OCETGV INOUI-87271007;2026-07-30 12:13:00;300;;;FR:Line::69ABADD2-325C-47DC-BC61-D74DD87C5E3C:;003972;OCESN7516F1187_F:OUI:FR:Line::69ABADD2-325C-47DC-BC61-D74DD87C5E3C::87317586:87271007:5:1208:20260814;7516;0;15485;;FR:Line::69ABADD2-325C-47DC-BC61-D74DD87C5E3C:;1187;261E;Paris - Littoral;;2;;;;StopPoint:OCETGV INOUI-87271007;Paris Gare du Nord;;48.88013600;2.354851000;;;0;StopArea:OCE87271007
2026-07-30 11:51:50;OCESN8913F1187_F:OUI:FR:Line::1F038E5C-9CF4-4BFC-9D55-33F57B4DB04F::87391003:87481788:7:1303:20261026;StopPoint:OCETGV INOUI-87484006;2026-07-30 11:19:00;300;2026-07-30 11:22:00;300;FR:Line::1F038E5C-9CF4-4BFC-9D55-33F57B4DB04F:;009683;OCESN8913F1187_F:OUI:FR:Line::1F038E5C-9CF4-4BFC-9D55-33F57B4DB04F::87391003:87481788:7:1303:20261026;8913;1;45397;;FR:Line::1F038E5C-9CF4-4BFC-9D55-33F57B4DB04F:;1187;411A;Paris - Saint-Nazaire - Le Croisic TGV;;2;;;;StopPoint:OCETGV INOUI-87484006;Angers Saint-Laud;;47.46464900;-0.55677000;;;0;StopArea:OCE87484006
2026-07-30 11:51:50;OCESN8913F1187_F:OUI:FR:Line::1F038E5C-9CF4-4BFC-9D55-33F57B4DB04F::87391003:87481788:7:1303:20261026;StopPoint:OCETGV INOUI-87481002;2026-07-30 11:59:00;300;2026-07-30 12:00:00;0;FR:Line::1F038E5C-9CF4-4BFC-9D55-33F57B4DB04F:;009683;OCESN8913F1187_F:OUI:FR:Line::1F038E5C-9CF4-4BFC-9D55-33F57B4DB04F::87391003:87481788:7:1303:20261026;8913;1;45397;;FR:Line::1F038E5C-9CF4-4BFC-9D55-33F57B4DB04F:;1187;411A;Paris - Saint-Nazaire - Le Croisic TGV;;2;;;;StopPoint:OCETGV INOUI-87481002;Nantes;;47.21749100;-1.54207700;;;0;StopArea:OCE87481002
2026-07-30 11:51:50;OCESN8973F1187_F:OUI:FR:Line::2C32F2C3-282A-4DCA-80AF-1B2FEAA61B11::87391003:87486449:6:1314:20260730;StopPoint:OCETGV INOUI-87484006;2026-07-30 11:19:00;300;2026-07-30 11:22:00;300;FR:Line::2C32F2C3-282A-4DCA-80AF-1B2FEAA61B11:;000349;OCESN8973F1187_F:OUI:FR:Line::2C32F2C3-282A-4DCA-80AF-1B2FEAA61B11::87391003:87486449:6:1314:20260730;8973;1;47032;;FR:Line::2C32F2C3-282A-4DCA-80AF-1B2FEAA61B11:;1187;411B;Paris - Les Sables d'Olonnes TGV;;2;;;;StopPoint:OCETGV INOUI-87484006;Angers Saint-Laud;;47.46464900;-0.55677000;;;0;StopArea:OCE87484006
2026-07-30 11:51:50;OCESN8973F1187_F:OUI:FR:Line::2C32F2C3-282A-4DCA-80AF-1B2FEAA61B11::87391003:87486449:6:1314:20260730;StopPoint:OCETGV INOUI-87481002;2026-07-30 11:59:00;300;2026-07-30 12:05:00;0;FR:Line::2C32F2C3-282A-4DCA-80AF-1B2FEAA61B11:;000349;OCESN8973F1187_F:OUI:FR:Line::2C32F2C3-282A-4DCA-80AF-1B2FEAA61B11::87391003:87486449:6:1314:20260730;8973;1;47032;;FR:Line::2C32F2C3-282A-4DCA-80AF-1B2FEAA61B11:;1187;411B;Paris - Les Sables d'Olonnes TGV;;2;;;;StopPoint:OCETGV INOUI-87481002;Nantes;;47.21749100;-1.54207700;;;0;StopArea:OCE87481002
2026-07-30 11:51:50;OCESN6908F1187_F:OUI:FR:Line::D9F206DE-37B5-4299-A71A-5B4201D0B9F9::87747006:87686006:3:1246:20261026;StopPoint:OCETGV INOUI-87762906;2026-07-30 10:54:00;300;2026-07-30 10:59:00;300;FR:Line::D9F206DE-37B5-4299-A71A-5B4201D0B9F9:;003721;OCESN6908F1187_F:OUI:FR:Line::D9F206DE-37B5-4299-A71A-5B4201D0B9F9::87747006:87686006:3:1246:20261026;6908;0;14391;;FR:Line::D9F206DE-37B5-4299-A71A-5B4201D0B9F9:;1187;621A;Paris - Grenoble TGV;;2;;;;StopPoint:OCETGV INOUI-87762906;Lyon Saint-Exupéry TGV;;45.72110900;5.074969000;;;0;StopArea:OCE87762906
2026-07-30 11:51:50;OCESN6937F1187_F:OUI:FR:Line::60faff89-b743-4b4b-a86b-3c0537769bfa::87686006:87746008:5:1329:20261212;StopPoint:OCETGV INOUI-87725705;2026-07-30 11:25:00;300;2026-07-30 11:28:00;300;FR:Line::60faff89-b743-4b4b-a86b-3c0537769bfa:;003745;OCESN6937F1187_F:OUI:FR:Line::60faff89-b743-4b4b-a86b-3c0537769bfa::87686006:87746008:5:1329:20261212;6937;1;14460;;FR:Line::60faff89-b743-4b4b-a86b-3c0537769bfa:;1187;621B;Paris - Chambéry - Annecy TGV;;2;;;;StopPoint:OCETGV INOUI-87725705;Mâcon - Loché TGV;;46.28291200;4.778924000;;;0;StopArea:OCE87725705
2026-07-30 11:51:50;OCESN6937F1187_F:OUI:FR:Line::60faff89-b743-4b4b-a86b-3c0537769bfa::87686006:87746008:5:1329:20261212;StopPoint:OCETGV INOUI-87741009;2026-07-30 12:40:00;300;2026-07-30 12:53:00;300;FR:Line::60faff89-b743-4b4b-a86b-3c0537769bfa:;003745;OCESN6937F1187_F:OUI:FR:Line::60faff89-b743-4b4b-a86b-3c0537769bfa::87686006:87746008:5:1329:20261212;6937;1;14460;;FR:Line::60faff89-b743-4b4b-a86b-3c0537769bfa:;1187;621B;Paris - Chambéry - Annecy TGV;;2;;;;StopPoint:OCETGV INOUI-87741009;Chambéry - Challes-les-Eaux;;45.57130200;5.919547000;;;0;StopArea:OCE87741009
2026-07-30 11:51:50;OCESN6937F1187_F:OUI:FR:Line::60faff89-b743-4b4b-a86b-3c0537769bfa::87686006:87746008:5:1329:20261212;StopPoint:OCETGV INOUI-87741132;2026-07-30 13:03:00;300;2026-07-30 13:07:00;300;FR:Line::60faff89-b743-4b4b-a86b-3c0537769bfa:;003745;OCESN6937F1187_F:OUI:FR:Line::60faff89-b743-4b4b-a86b-3c0537769bfa::87686006:87746008:5:1329:20261212;6937;1;14460;;FR:Line::60faff89-b743-4b4b-a86b-3c0537769bfa:;1187;621B;Paris - Chambéry - Annecy TGV;;2;;;;StopPoint:OCETGV INOUI-87741132;Aix-les-Bains le Revard;;45.68816100;5.909371000;;;0;StopArea:OCE87741132
2026-07-30 11:51:50;OCESN6937F1187_F:OUI:FR:Line::60faff89-b743-4b4b-a86b-3c0537769bfa::87686006:87746008:5:1329:20261212;StopPoint:OCETGV INOUI-87746008;2026-07-30 13:34:00;300;;;FR:Line::60faff89-b743-4b4b-a86b-3c0537769bfa:;003745;OCESN6937F1187_F:OUI:FR:Line::60faff89-b743-4b4b-a86b-3c0537769bfa::87686006:87746008:5:1329:20261212;6937;1;14460;;FR:Line::60faff89-b743-4b4b-a86b-3c0537769bfa:;1187;621B;Paris - Chambéry - Annecy TGV;;2;;;;StopPoint:OCETGV INOUI-87746008;Annecy;;45.90204700;6.121826000;;;0;StopArea:OCE87746008
2026-07-30 11:51:50;OCESN9247F1187_F:OUI:FR:Line::2FFF7F96-0EBC-4AA1-B417-38EBD492057E::87686006:83016451:7:1653:20261212;StopPoint:OCETGV INOUI-87725705;2026-07-30 11:25:00;300;2026-07-30 11:28:00;300;FR:Line::2FFF7F96-0EBC-4AA1-B417-38EBD492057E:;008927;OCESN9247F1187_F:OUI:FR:Line::2FFF7F96-0EBC-4AA1-B417-38EBD492057E::87686006:83016451:7:1653:20261212;9247;0;47224;;FR:Line::2FFF7F96-0EBC-4AA1-B417-38EBD492057E:;1187;641A;Paris Milan;;2;;;;StopPoint:OCETGV INOUI-87725705;Mâcon - Loché TGV;;46.28291200;4.778924000;;;0;StopArea:OCE87725705
2026-07-30 11:51:50;OCESN9247F1187_F:OUI:FR:Line::2FFF7F96-0EBC-4AA1-B417-38EBD492057E::87686006:83016451:7:1653:20261212;StopPoint:OCETGV INOUI-87741009;2026-07-30 12:40:00;300;2026-07-30 12:49:00;300;FR:Line::2FFF7F96-0EBC-4AA1-B417-38EBD492057E:;008927;OCESN9247F1187_F:OUI:FR:Line::2FFF7F96-0EBC-4AA1-B417-38EBD492057E::87686006:83016451:7:1653:20261212;9247;0;47224;;FR:Line::2FFF7F96-0EBC-4AA1-B417-38EBD492057E:;1187;641A;Paris Milan;;2;;;;StopPoint:OCETGV INOUI-87741009;Chambéry - Challes-les-Eaux;;45.57130200;5.919547000;;;0;StopArea:OCE87741009
2026-07-30 11:51:50;OCESN9247F1187_F:OUI:FR:Line::2FFF7F96-0EBC-4AA1-B417-38EBD492057E::87686006:83016451:7:1653:20261212;StopPoint:OCETGV INOUI-87742007;2026-07-30 13:51:00;300;2026-07-30 14:00:00;300;FR:Line::2FFF7F96-0EBC-4AA1-B417-38EBD492057E:;008927;OCESN9247F1187_F:OUI:FR:Line::2FFF7F96-0EBC-4AA1-B417-38EBD492057E::87686006:83016451:7:1653:20261212;9247;0;47224;;FR:Line::2FFF7F96-0EBC-4AA1-B417-38EBD492057E:;1187;641A;Paris Milan;;2;;;;StopPoint:OCETGV INOUI-87742007;Modane;;45.19355500;6.659139000;;;0;StopArea:OCE87742007
2026-07-30 11:51:50;OCESN9247F1187_F:OUI:FR:Line::2FFF7F96-0EBC-4AA1-B417-38EBD492057E::87686006:83016451:7:1653:20261212;StopPoint:OCETGV INOUI-83002048;2026-07-30 14:26:00;300;2026-07-30 14:28:00;300;FR:Line::2FFF7F96-0EBC-4AA1-B417-38EBD492057E:;008927;OCESN9247F1187_F:OUI:FR:Line::2FFF7F96-0EBC-4AA1-B417-38EBD492057E::87686006:83016451:7:1653:20261212;9247;0;47224;;FR:Line::2FFF7F96-0EBC-4AA1-B417-38EBD492057E:;1187;641A;Paris Milan;;2;;;;StopPoint:OCETGV INOUI-83002048;OULX CESANA CLAVIERE SESTRIERE;;45.03879500;6.831431000;;;0;StopArea:OCE83002048
2026-07-30 11:51:50;OCESN9247F1187_F:OUI:FR:Line::2FFF7F96-0EBC-4AA1-B417-38EBD492057E::87686006:83016451:7:1653:20261212;StopPoint:OCETGV INOUI-83000356;2026-07-30 15:28:00;300;2026-07-30 15:30:00;300;FR:Line::2FFF7F96-0EBC-4AA1-B417-38EBD492057E:;008927;OCESN9247F1187_F:OUI:FR:Line::2FFF7F96-0EBC-4AA1-B417-38EBD492057E::87686006:83016451:7:1653:20261212;9247;0;47224;;FR:Line::2FFF7F96-0EBC-4AA1-B417-38EBD492057E:;1187;641A;Paris Milan;;2;;;;StopPoint:OCETGV INOUI-83000356;Turin Porta Susa;;45.07411800;7.666675000;;;0;StopArea:OCE83000356
2026-07-30 11:51:50;OCESN2356F1187_F:OUI:FR:Line::73D50859-5CA3-42BE-92D2-15B56125EF05::87182014:87113001:3:1237:20260731;StopPoint:OCETGV INOUI-87113001;2026-07-30 12:42:00;300;;;FR:Line::73D50859-5CA3-42BE-92D2-15B56125EF05:;001292;OCESN2356F1187_F:OUI:FR:Line::73D50859-5CA3-42BE-92D2-15B56125EF05::87182014:87113001:3:1237:20260731;2356;1;3664;;FR:Line::73D50859-5CA3-42BE-92D2-15B56125EF05:;1187;807B;Paris - Haut-Rhin TGV;;2;;;;StopPoint:OCETGV INOUI-87113001;Paris Est;;48.87674200;2.358424000;;;0;StopArea:OCE87113001
2026-07-30 11:51:50;OCESN8572F1187_F:OUI:FR:Line::2881AC3D-A347-4440-BEF8-23ACAB159588::87391003:87671008:7:1525:20260730;StopPoint:OCETGV INOUI-87671008;2026-07-30 16:35:00;4200;;;FR:Line::2881AC3D-A347-4440-BEF8-23ACAB159588:;000049;OCESN8572F1187_F:OUI:FR:Line::2881AC3D-A347-4440-BEF8-23ACAB159588::87391003:87671008:7:1525:20260730;8572;1;28021;;FR:Line::2881AC3D-A347-4440-BEF8-23ACAB159588:;1187;421B;Paris - Tarbes TGV;;2;;;;StopPoint:OCETGV INOUI-87671008;Tarbes;;43.23986300;0.069442000;;;0;StopArea:OCE87671008
2026-07-30 11:51:50;OCESN7116F1187_F:OUI:FR:Line::BFA34945-1B58-4DF6-887D-D07AD8DC34B5::87343004:87271007:4:1208:20261212;StopPoint:OCETGV INOUI-87345009;2026-07-30 10:40:00;0;2026-07-30 10:56:00;300;FR:Line::BFA34945-1B58-4DF6-887D-D07AD8DC34B5:;003892;OCESN7116F1187_F:OUI:FR:Line::BFA34945-1B58-4DF6-887D-D07AD8DC34B5::87343004:87271007:4:1208:20261212;7116;0;15089;;FR:Line::BFA34945-1B58-4DF6-887D-D07AD8DC34B5:;1187;261A;Paris - Valenciennes;;2;;;;StopPoint:OCETGV INOUI-87345009;Douai;;50.37167300;3.089958000;;;0;StopArea:OCE87345009
2026-07-30 11:51:50;OCESN7116F1187_F:OUI:FR:Line::BFA34945-1B58-4DF6-887D-D07AD8DC34B5::87343004:87271007:4:1208:20261212;StopPoint:OCETGV INOUI-87342014;2026-07-30 11:11:00;300;2026-07-30 11:23:00;300;FR:Line::BFA34945-1B58-4DF6-887D-D07AD8DC34B5:;003892;OCESN7116F1187_F:OUI:FR:Line::BFA34945-1B58-4DF6-887D-D07AD8DC34B5::87343004:87271007:4:1208:20261212;7116;0;15089;;FR:Line::BFA34945-1B58-4DF6-887D-D07AD8DC34B5:;1187;261A;Paris - Valenciennes;;2;;;;StopPoint:OCETGV INOUI-87342014;Arras;;50.28697100;2.781314000;;;0;StopArea:OCE87342014
2026-07-30 11:51:50;OCESN7116F1187_F:OUI:FR:Line::BFA34945-1B58-4DF6-887D-D07AD8DC34B5::87343004:87271007:4:1208:20261212;StopPoint:OCETGV INOUI-87271007;2026-07-30 12:13:00;300;;;FR:Line::BFA34945-1B58-4DF6-887D-D07AD8DC34B5:;003892;OCESN7116F1187_F:OUI:FR:Line::BFA34945-1B58-4DF6-887D-D07AD8DC34B5::87343004:87271007:4:1208:20261212;7116;0;15089;;FR:Line::BFA34945-1B58-4DF6-887D-D07AD8DC34B5:;1187;261A;Paris - Valenciennes;;2;;;;StopPoint:OCETGV INOUI-87271007;Paris Gare du Nord;;48.88013600;2.354851000;;;0;StopArea:OCE87271007
2026-07-30 11:51:50;OCESN8486F1187_F:OUI:FR:Line::145aae45-17eb-45b5-b5b4-facb8b6490f3::87581009:87391003:5:1344:20260825;StopPoint:OCETGV INOUI-87575001;2026-07-30 12:14:00;300;2026-07-30 12:19:00;0;FR:Line::145aae45-17eb-45b5-b5b4-facb8b6490f3:;009570;OCESN8486F1187_F:OUI:FR:Line::145aae45-17eb-45b5-b5b4-facb8b6490f3::87581009:87391003:5:1344:20260825;8486;1;24207;;FR:Line::145aae45-17eb-45b5-b5b4-facb8b6490f3:;1187;421H;Paris - Bordeaux;;2;;;;StopPoint:OCETGV INOUI-87575001;Poitiers;;46.58223200;0.333136000;;;0;StopArea:OCE87575001
2026-07-30 11:51:50;OCESN9826F1187_F:OUI:FR:Line::A6C76228-9224-4C48-8B92-80FC80F093E2::88140010:87688887:8:1550:20260804;StopPoint:OCETGV INOUI-87223263;2026-07-30 10:56:00;300;2026-07-30 11:06:00;300;FR:Line::A6C76228-9224-4C48-8B92-80FC80F093E2:;008031;OCESN9826F1187_F:OUI:FR:Line::A6C76228-9224-4C48-8B92-80FC80F093E2::88140010:87688887:8:1550:20260804;9826;0;48407;;FR:Line::A6C76228-9224-4C48-8B92-80FC80F093E2:;1187;001B;Lille - Mediterranee TGV;;2;;;;StopPoint:OCETGV INOUI-87223263;Lille Europe;;50.63940000;3.075721000;;;0;StopArea:OCE87223263
2026-07-30 11:51:50;OCESN9826F1187_F:OUI:FR:Line::A6C76228-9224-4C48-8B92-80FC80F093E2::88140010:87688887:8:1550:20260804;StopPoint:OCETGV INOUI-87271494;2026-07-30 12:02:00;600;2026-07-30 12:08:00;600;FR:Line::A6C76228-9224-4C48-8B92-80FC80F093E2:;008031;OCESN9826F1187_F:OUI:FR:Line::A6C76228-9224-4C48-8B92-80FC80F093E2::88140010:87688887:8:1550:20260804;9826;0;48407;;FR:Line::A6C76228-9224-4C48-8B92-80FC80F093E2:;1187;001B;Lille - Mediterranee TGV;;2;;;;StopPoint:OCETGV INOUI-87271494;Aéroport Charles de Gaulle 2 TGV;;49.00361800;2.570812000;;;0;StopArea:OCE87271494
2026-07-30 11:51:50;OCESN9826F1187_F:OUI:FR:Line::A6C76228-9224-4C48-8B92-80FC80F093E2::88140010:87688887:8:1550:20260804;StopPoint:OCETGV INOUI-87111849;2026-07-30 12:19:00;600;2026-07-30 12:23:00;600;FR:Line::A6C76228-9224-4C48-8B92-80FC80F093E2:;008031;OCESN9826F1187_F:OUI:FR:Line::A6C76228-9224-4C48-8B92-80FC80F093E2::88140010:87688887:8:1550:20260804;9826;0;48407;;FR:Line::A6C76228-9224-4C48-8B92-80FC80F093E2:;1187;001B;Lille - Mediterranee TGV;;2;;;;StopPoint:OCETGV INOUI-87111849;Marne-la-Vallée Chessy;;48.86989800;2.782626000;;;0;StopArea:OCE87111849
2026-07-30 11:51:50;OCESN9826F1187_F:OUI:FR:Line::A6C76228-9224-4C48-8B92-80FC80F093E2::88140010:87688887:8:1550:20260804;StopPoint:OCETGV INOUI-87723197;2026-07-30 14:10:00;600;2026-07-30 14:20:00;600;FR:Line::A6C76228-9224-4C48-8B92-80FC80F093E2:;008031;OCESN9826F1187_F:OUI:FR:Line::A6C76228-9224-4C48-8B92-80FC80F093E2::88140010:87688887:8:1550:20260804;9826;0;48407;;FR:Line::A6C76228-9224-4C48-8B92-80FC80F093E2:;1187;001B;Lille - Mediterranee TGV;;2;;;;StopPoint:OCETGV INOUI-87723197;Lyon Part Dieu;;45.76059600;4.859409000;;;0;StopArea:OCE87723197
2026-07-30 11:51:50;OCESN9826F1187_F:OUI:FR:Line::A6C76228-9224-4C48-8B92-80FC80F093E2::88140010:87688887:8:1550:20260804;StopPoint:OCETGV INOUI-87763029;2026-07-30 14:55:00;600;2026-07-30 15:00:00;600;FR:Line::A6C76228-9224-4C48-8B92-80FC80F093E2:;008031;OCESN9826F1187_F:OUI:FR:Line::A6C76228-9224-4C48-8B92-80FC80F093E2::88140010:87688887:8:1550:20260804;9826;0;48407;;FR:Line::A6C76228-9224-4C48-8B92-80FC80F093E2:;1187;001B;Lille - Mediterranee TGV;;2;;;;StopPoint:OCETGV INOUI-87763029;Valence TGV Rhône-Alpes Sud;;44.99190700;4.978652000;;;0;StopArea:OCE87763029
2026-07-30 11:51:50;OCESN9826F1187_F:OUI:FR:Line::A6C76228-9224-4C48-8B92-80FC80F093E2::88140010:87688887:8:1550:20260804;StopPoint:OCETGV INOUI-87703975;2026-07-30 15:37:00;600;2026-07-30 15:40:00;600;FR:Line::A6C76228-9224-4C48-8B92-80FC80F093E2:;008031;OCESN9826F1187_F:OUI:FR:Line::A6C76228-9224-4C48-8B92-80FC80F093E2::88140010:87688887:8:1550:20260804;9826;0;48407;;FR:Line::A6C76228-9224-4C48-8B92-80FC80F093E2:;1187;001B;Lille - Mediterranee TGV;;2;;;;StopPoint:OCETGV INOUI-87703975;Nîmes Pont du Gard;;43.81680900;4.507678000;;;0;StopArea:OCE87703975
2026-07-30 11:51:50;OCESN9826F1187_F:OUI:FR:Line::A6C76228-9224-4C48-8B92-80FC80F093E2::88140010:87688887:8:1550:20260804;StopPoint:OCETGV INOUI-87688887;2026-07-30 16:00:00;600;;;FR:Line::A6C76228-9224-4C48-8B92-80FC80F093E2:;008031;OCESN9826F1187_F:OUI:FR:Line::A6C76228-9224-4C48-8B92-80FC80F093E2::88140010:87688887:8:1550:20260804;9826;0;48407;;FR:Line::A6C76228-9224-4C48-8B92-80FC80F093E2:;1187;001B;Lille - Mediterranee TGV;;2;;;;StopPoint:OCETGV INOUI-87688887;Montpellier Sud de France;;43.59514600;3.924009000;;;0;StopArea:OCE87688887
2026-07-30 11:51:50;OCESN6850F1187_F:OUI:FR:Line::237820F0-01B1-49D5-AB3A-3ACA662E322E::87751008:87723197:5:1210:20261026;StopPoint:OCETGV INOUI-87319012;2026-07-30 10:42:00;600;2026-07-30 10:45:00;600;FR:Line::237820F0-01B1-49D5-AB3A-3ACA662E322E:;003686;OCESN6850F1187_F:OUI:FR:Line::237820F0-01B1-49D5-AB3A-3ACA662E322E::87751008:87723197:5:1210:20261026;6850;1;14273;;FR:Line::237820F0-01B1-49D5-AB3A-3ACA662E322E:;1187;041F;Lyon - PACA;;2;;;;StopPoint:OCETGV INOUI-87319012;Aix-en-Provence TGV;;43.45523700;5.317534000;;;0;StopArea:OCE87319012
2026-07-30 11:51:50;OCESN6850F1187_F:OUI:FR:Line::237820F0-01B1-49D5-AB3A-3ACA662E322E::87751008:87723197:5:1210:20261026;StopPoint:OCETGV INOUI-87318964;2026-07-30 11:04:00;600;2026-07-30 11:12:00;900;FR:Line::237820F0-01B1-49D5-AB3A-3ACA662E322E:;003686;OCESN6850F1187_F:OUI:FR:Line::237820F0-01B1-49D5-AB3A-3ACA662E322E::87751008:87723197:5:1210:20261026;6850;1;14273;;FR:Line::237820F0-01B1-49D5-AB3A-3ACA662E322E:;1187;041F;Lyon - PACA;;2;;;;StopPoint:OCETGV INOUI-87318964;Avignon TGV;;43.92194000;4.786136000;;;0;StopArea:OCE87318964
2026-07-30 11:51:50;OCESN6850F1187_F:OUI:FR:Line::237820F0-01B1-49D5-AB3A-3ACA662E322E::87751008:87723197:5:1210:20261026;StopPoint:OCETGV INOUI-87763029;2026-07-30 11:43:00;900;2026-07-30 11:46:00;900;FR:Line::237820F0-01B1-49D5-AB3A-3ACA662E322E:;003686;OCESN6850F1187_F:OUI:FR:Line::237820F0-01B1-49D5-AB3A-3ACA662E322E::87751008:87723197:5:1210:20261026;6850;1;14273;;FR:Line::237820F0-01B1-49D5-AB3A-3ACA662E322E:;1187;041F;Lyon - PACA;;2;;;;StopPoint:OCETGV INOUI-87763029;Valence TGV Rhône-Alpes Sud;;44.99190700;4.978652000;;;0;StopArea:OCE87763029
2026-07-30 11:51:50;OCESN6850F1187_F:OUI:FR:Line::237820F0-01B1-49D5-AB3A-3ACA662E322E::87751008:87723197:5:1210:20261026;StopPoint:OCETGV INOUI-87723197;2026-07-30 12:25:00;900;;;FR:Line::237820F0-01B1-49D5-AB3A-3ACA662E322E:;003686;OCESN6850F1187_F:OUI:FR:Line::237820F0-01B1-49D5-AB3A-3ACA662E322E::87751008:87723197:5:1210:20261026;6850;1;14273;;FR:Line::237820F0-01B1-49D5-AB3A-3ACA662E322E:;1187;041F;Lyon - PACA;;2;;;;StopPoint:OCETGV INOUI-87723197;Lyon Part Dieu;;45.76059600;4.859409000;;;0;StopArea:OCE87723197
2026-07-30 11:51:50;OCESN8580F1187_F:OUI:FR:Line::2881AC3D-A347-4440-BEF8-23ACAB159588::87671008:87391003:6:1603:20260730;StopPoint:OCETGV INOUI-87581009;2026-07-30 14:52:00;4200;2026-07-30 14:58:00;4200;FR:Line::2881AC3D-A347-4440-BEF8-23ACAB159588:;000349;OCESN8580F1187_F:OUI:FR:Line::2881AC3D-A347-4440-BEF8-23ACAB159588::87671008:87391003:6:1603:20260730;8580;0;28809;;FR:Line::2881AC3D-A347-4440-BEF8-23ACAB159588:;1187;421B;Paris - Tarbes TGV;;2;;;;StopPoint:OCETGV INOUI-87581009;Bordeaux Saint-Jean;;44.82587300;-0.55669700;;;0;StopArea:OCE87581009
2026-07-30 11:51:50;OCESN8580F1187_F:OUI:FR:Line::2881AC3D-A347-4440-BEF8-23ACAB159588::87671008:87391003:6:1603:20260730;StopPoint:OCETGV INOUI-87391003;2026-07-30 17:13:00;4200;;;FR:Line::2881AC3D-A347-4440-BEF8-23ACAB159588:;000349;OCESN8580F1187_F:OUI:FR:Line::2881AC3D-A347-4440-BEF8-23ACAB159588::87671008:87391003:6:1603:20260730;8580;0;28809;;FR:Line::2881AC3D-A347-4440-BEF8-23ACAB159588:;1187;421B;Paris - Tarbes TGV;;2;;;;StopPoint:OCETGV INOUI-87391003;Paris Montparnasse Hall 1 - 2;;48.84117200;2.320514000;;;0;StopArea:OCE87391003
2026-07-30 11:51:50;OCESN2864F1187_F:OUI:FR:Line::6E3CCD81-9398-44C3-9D79-072A8303E507::87191007:87113001:3:1220:20260830;StopPoint:OCETGV INOUI-87113001;2026-07-30 12:25:00;300;;;FR:Line::6E3CCD81-9398-44C3-9D79-072A8303E507:;001617;OCESN2864F1187_F:OUI:FR:Line::6E3CCD81-9398-44C3-9D79-072A8303E507::87191007:87113001:3:1220:20260830;2864;1;4428;;FR:Line::6E3CCD81-9398-44C3-9D79-072A8303E507:;1187;803B;Paris - Thionville - Luxembourg TGV;;2;;;;StopPoint:OCETGV INOUI-87113001;Paris Est;;48.87674200;2.358424000;;;0;StopArea:OCE87113001
2026-07-30 11:51:50;OCESN6109F1187_F:OUI:FR:Line::BAF1DE9A-72EC-4064-8BE9-C4EFF292CB6A::87686006:87751008:4:1359:20261026;StopPoint:OCETGV INOUI-87686006;;;2026-07-30 11:28:00;3000;FR:Line::BAF1DE9A-72EC-4064-8BE9-C4EFF292CB6A:;003232;OCESN6109F1187_F:OUI:FR:Line::BAF1DE9A-72EC-4064-8BE9-C4EFF292CB6A::87686006:87751008:4:1359:20261026;6109;1;12722;;FR:Line::BAF1DE9A-72EC-4064-8BE9-C4EFF292CB6A:;1187;631B;Paris - Marseille - Toulon TGV;;2;;;;StopPoint:OCETGV INOUI-87686006;Paris Gare de Lyon Hall 1 - 2;;48.84494500;2.373481000;;;0;StopArea:OCE87686006
2026-07-30 11:51:50;OCESN6109F1187_F:OUI:FR:Line::BAF1DE9A-72EC-4064-8BE9-C4EFF292CB6A::87686006:87751008:4:1359:20261026;StopPoint:OCETGV INOUI-87318964;2026-07-30 14:02:00;2700;2026-07-30 14:05:00;2700;FR:Line::BAF1DE9A-72EC-4064-8BE9-C4EFF292CB6A:;003232;OCESN6109F1187_F:OUI:FR:Line::BAF1DE9A-72EC-4064-8BE9-C4EFF292CB6A::87686006:87751008:4:1359:20261026;6109;1;12722;;FR:Line::BAF1DE9A-72EC-4064-8BE9-C4EFF292CB6A:;1187;631B;Paris - Marseille - Toulon TGV;;2;;;;StopPoint:OCETGV INOUI-87318964;Avignon TGV;;43.92194000;4.786136000;;;0;StopArea:OCE87318964
2026-07-30 11:51:50;OCESN6109F1187_F:OUI:FR:Line::BAF1DE9A-72EC-4064-8BE9-C4EFF292CB6A::87686006:87751008:4:1359:20261026;StopPoint:OCETGV INOUI-87319012;2026-07-30 14:26:00;2700;2026-07-30 14:29:00;2700;FR:Line::BAF1DE9A-72EC-4064-8BE9-C4EFF292CB6A:;003232;OCESN6109F1187_F:OUI:FR:Line::BAF1DE9A-72EC-4064-8BE9-C4EFF292CB6A::87686006:87751008:4:1359:20261026;6109;1;12722;;FR:Line::BAF1DE9A-72EC-4064-8BE9-C4EFF292CB6A:;1187;631B;Paris - Marseille - Toulon TGV;;2;;;;StopPoint:OCETGV INOUI-87319012;Aix-en-Provence TGV;;43.45523700;5.317534000;;;0;StopArea:OCE87319012
2026-07-30 11:51:50;OCESN6109F1187_F:OUI:FR:Line::BAF1DE9A-72EC-4064-8BE9-C4EFF292CB6A::87686006:87751008:4:1359:20261026;StopPoint:OCETGV INOUI-87751008;2026-07-30 14:44:00;2700;;;FR:Line::BAF1DE9A-72EC-4064-8BE9-C4EFF292CB6A:;003232;OCESN6109F1187_F:OUI:FR:Line::BAF1DE9A-72EC-4064-8BE9-C4EFF292CB6A::87686006:87751008:4:1359:20261026;6109;1;12722;;FR:Line::BAF1DE9A-72EC-4064-8BE9-C4EFF292CB6A:;1187;631B;Paris - Marseille - Toulon TGV;;2;;;;StopPoint:OCETGV INOUI-87751008;Marseille Saint-Charles;;43.30266600;5.380407000;;;0;StopArea:OCE87751008
2026-07-30 11:51:50;OCESN12526F1187_F:OUI:FR:Line::58E6B1CC-5FD9-4B7D-93CA-05062BA23E9C::87223263:87723197:4:1400:20260816;StopPoint:OCETGV INOUI-87271494;2026-07-30 12:02:00;600;2026-07-30 12:08:00;600;FR:Line::58E6B1CC-5FD9-4B7D-93CA-05062BA23E9C:;000467;OCESN12526F1187_F:OUI:FR:Line::58E6B1CC-5FD9-4B7D-93CA-05062BA23E9C::87223263:87723197:4:1400:20260816;12526;0;793;;FR:Line::58E6B1CC-5FD9-4B7D-93CA-05062BA23E9C:;1187;001A;Lille Lyon TGV;;2;;;;StopPoint:OCETGV INOUI-87271494;Aéroport Charles de Gaulle 2 TGV;;49.00361800;2.570812000;;;0;StopArea:OCE87271494
2026-07-30 11:51:50;OCESN12526F1187_F:OUI:FR:Line::58E6B1CC-5FD9-4B7D-93CA-05062BA23E9C::87223263:87723197:4:1400:20260816;StopPoint:OCETGV INOUI-87111849;2026-07-30 12:19:00;600;2026-07-30 12:23:00;600;FR:Line::58E6B1CC-5FD9-4B7D-93CA-05062BA23E9C:;000467;OCESN12526F1187_F:OUI:FR:Line::58E6B1CC-5FD9-4B7D-93CA-05062BA23E9C::87223263:87723197:4:1400:20260816;12526;0;793;;FR:Line::58E6B1CC-5FD9-4B7D-93CA-05062BA23E9C:;1187;001A;Lille Lyon TGV;;2;;;;StopPoint:OCETGV INOUI-87111849;Marne-la-Vallée Chessy;;48.86989800;2.782626000;;;0;StopArea:OCE87111849
2026-07-30 11:51:50;OCESN12526F1187_F:OUI:FR:Line::58E6B1CC-5FD9-4B7D-93CA-05062BA23E9C::87223263:87723197:4:1400:20260816;StopPoint:OCETGV INOUI-87723197;2026-07-30 14:10:00;600;;;FR:Line::58E6B1CC-5FD9-4B7D-93CA-05062BA23E9C:;000467;OCESN12526F1187_F:OUI:FR:Line::58E6B1CC-5FD9-4B7D-93CA-05062BA23E9C::87223263:87723197:4:1400:20260816;12526;0;793;;FR:Line::58E6B1CC-5FD9-4B7D-93CA-05062BA23E9C:;1187;001A;Lille Lyon TGV;;2;;;;StopPoint:OCETGV INOUI-87723197;Lyon Part Dieu;;45.76059600;4.859409000;;;0;StopArea:OCE87723197
2026-07-30 11:51:50;OCESN6823F1187_F:OUI:FR:Line::2AA7BAB5-03F9-465F-A91C-947819FBBB7D::87723197:87611004:8:1620:20261211;StopPoint:OCETGV INOUI-87723197;;;2026-07-30 12:15:00;300;FR:Line::2AA7BAB5-03F9-465F-A91C-947819FBBB7D:;003666;OCESN6823F1187_F:OUI:FR:Line::2AA7BAB5-03F9-465F-A91C-947819FBBB7D::87723197:87611004:8:1620:20261211;6823;0;14088;;FR:Line::2AA7BAB5-03F9-465F-A91C-947819FBBB7D:;1187;041G;Lyon - LR;;2;;;;StopPoint:OCETGV INOUI-87723197;Lyon Part Dieu;;45.76059600;4.859409000;;;0;StopArea:OCE87723197
2026-07-30 11:51:50;OCESN6823F1187_F:OUI:FR:Line::2AA7BAB5-03F9-465F-A91C-947819FBBB7D::87723197:87611004:8:1620:20261211;StopPoint:OCETGV INOUI-87763029;2026-07-30 12:50:00;300;2026-07-30 12:55:00;300;FR:Line::2AA7BAB5-03F9-465F-A91C-947819FBBB7D:;003666;OCESN6823F1187_F:OUI:FR:Line::2AA7BAB5-03F9-465F-A91C-947819FBBB7D::87723197:87611004:8:1620:20261211;6823;0;14088;;FR:Line::2AA7BAB5-03F9-465F-A91C-947819FBBB7D:;1187;041G;Lyon - LR;;2;;;;StopPoint:OCETGV INOUI-87763029;Valence TGV Rhône-Alpes Sud;;44.99190700;4.978652000;;;0;StopArea:OCE87763029
2026-07-30 11:51:50;OCESN6823F1187_F:OUI:FR:Line::2AA7BAB5-03F9-465F-A91C-947819FBBB7D::87723197:87611004:8:1620:20261211;StopPoint:OCETGV INOUI-87775007;2026-07-30 13:39:00;300;2026-07-30 13:42:00;300;FR:Line::2AA7BAB5-03F9-465F-A91C-947819FBBB7D:;003666;OCESN6823F1187_F:OUI:FR:Line::2AA7BAB5-03F9-465F-A91C-947819FBBB7D::87723197:87611004:8:1620:20261211;6823;0;14088;;FR:Line::2AA7BAB5-03F9-465F-A91C-947819FBBB7D:;1187;041G;Lyon - LR;;2;;;;StopPoint:OCETGV INOUI-87775007;Nîmes Centre;;43.83231300;4.365872000;;;0;StopArea:OCE87775007
2026-07-30 11:51:50;OCESN6823F1187_F:OUI:FR:Line::2AA7BAB5-03F9-465F-A91C-947819FBBB7D::87723197:87611004:8:1620:20261211;StopPoint:OCETGV INOUI-87773002;2026-07-30 14:07:00;300;2026-07-30 14:14:00;300;FR:Line::2AA7BAB5-03F9-465F-A91C-947819FBBB7D:;003666;OCESN6823F1187_F:OUI:FR:Line::2AA7BAB5-03F9-465F-A91C-947819FBBB7D::87723197:87611004:8:1620:20261211;6823;0;14088;;FR:Line::2AA7BAB5-03F9-465F-A91C-947819FBBB7D:;1187;041G;Lyon - LR;;2;;;;StopPoint:OCETGV INOUI-87773002;Montpellier Saint-Roch;;43.60473800;3.880674000;;;0;StopArea:OCE87773002
2026-07-30 11:51:50;OCESN6823F1187_F:OUI:FR:Line::2AA7BAB5-03F9-465F-A91C-947819FBBB7D::87723197:87611004:8:1620:20261211;StopPoint:OCETGV INOUI-87781005;2026-07-30 14:51:00;300;2026-07-30 14:54:00;300;FR:Line::2AA7BAB5-03F9-465F-A91C-947819FBBB7D:;003666;OCESN6823F1187_F:OUI:FR:Line::2AA7BAB5-03F9-465F-A91C-947819FBBB7D::87723197:87611004:8:1620:20261211;6823;0;14088;;FR:Line::2AA7BAB5-03F9-465F-A91C-947819FBBB7D:;1187;041G;Lyon - LR;;2;;;;StopPoint:OCETGV INOUI-87781005;Béziers;;43.33629500;3.218895000;;;0;StopArea:OCE87781005
2026-07-30 11:51:50;OCESN6823F1187_F:OUI:FR:Line::2AA7BAB5-03F9-465F-A91C-947819FBBB7D::87723197:87611004:8:1620:20261211;StopPoint:OCETGV INOUI-87781104;2026-07-30 15:08:00;300;2026-07-30 15:11:00;300;FR:Line::2AA7BAB5-03F9-465F-A91C-947819FBBB7D:;003666;OCESN6823F1187_F:OUI:FR:Line::2AA7BAB5-03F9-465F-A91C-947819FBBB7D::87723197:87611004:8:1620:20261211;6823;0;14088;;FR:Line::2AA7BAB5-03F9-465F-A91C-947819FBBB7D:;1187;041G;Lyon - LR;;2;;;;StopPoint:OCETGV INOUI-87781104;Narbonne;;43.19061800;3.005667000;;;0;StopArea:OCE87781104
2026-07-30 11:51:50;OCESN6823F1187_F:OUI:FR:Line::2AA7BAB5-03F9-465F-A91C-947819FBBB7D::87723197:87611004:8:1620:20261211;StopPoint:OCETGV INOUI-87615286;2026-07-30 15:39:00;300;2026-07-30 15:42:00;300;FR:Line::2AA7BAB5-03F9-465F-A91C-947819FBBB7D:;003666;OCESN6823F1187_F:OUI:FR:Line::2AA7BAB5-03F9-465F-A91C-947819FBBB7D::87723197:87611004:8:1620:20261211;6823;0;14088;;FR:Line::2AA7BAB5-03F9-465F-A91C-947819FBBB7D:;1187;041G;Lyon - LR;;2;;;;StopPoint:OCETGV INOUI-87615286;Carcassonne;;43.21802900;2.351824000;;;0;StopArea:OCE87615286
2026-07-30 11:51:50;OCESN6823F1187_F:OUI:FR:Line::2AA7BAB5-03F9-465F-A91C-947819FBBB7D::87723197:87611004:8:1620:20261211;StopPoint:OCETGV INOUI-87611004;2026-07-30 16:25:00;300;;;FR:Line::2AA7BAB5-03F9-465F-A91C-947819FBBB7D:;003666;OCESN6823F1187_F:OUI:FR:Line::2AA7BAB5-03F9-465F-A91C-947819FBBB7D::87723197:87611004:8:1620:20261211;6823;0;14088;;FR:Line::2AA7BAB5-03F9-465F-A91C-947819FBBB7D:;1187;041G;Lyon - LR;;2;;;;StopPoint:OCETGV INOUI-87611004;Toulouse Matabiau;;43.61120600;1.453616000;;;0;StopArea:OCE87611004
2026-07-30 11:51:50;OCESN8582F1187_F:OUI:FR:Line::2881AC3D-A347-4440-BEF8-23ACAB159588::87671008:87391003:7:1756:20260730;StopPoint:OCETGV INOUI-87581009;2026-07-30 16:50:00;4200;2026-07-30 16:56:00;4200;FR:Line::2881AC3D-A347-4440-BEF8-23ACAB159588:;000049;OCESN8582F1187_F:OUI:FR:Line::2881AC3D-A347-4440-BEF8-23ACAB159588::87671008:87391003:7:1756:20260730;8582;0;29040;;FR:Line::2881AC3D-A347-4440-BEF8-23ACAB159588:;1187;421B;Paris - Tarbes TGV;;2;;;;StopPoint:OCETGV INOUI-87581009;Bordeaux Saint-Jean;;44.82587300;-0.55669700;;;0;StopArea:OCE87581009
2026-07-30 11:51:50;OCESN8582F1187_F:OUI:FR:Line::2881AC3D-A347-4440-BEF8-23ACAB159588::87671008:87391003:7:1756:20260730;StopPoint:OCETGV INOUI-87391003;2026-07-30 19:06:00;4200;;;FR:Line::2881AC3D-A347-4440-BEF8-23ACAB159588:;000049;OCESN8582F1187_F:OUI:FR:Line::2881AC3D-A347-4440-BEF8-23ACAB159588::87671008:87391003:7:1756:20260730;8582;0;29040;;FR:Line::2881AC3D-A347-4440-BEF8-23ACAB159588:;1187;421B;Paris - Tarbes TGV;;2;;;;StopPoint:OCETGV INOUI-87391003;Paris Montparnasse Hall 1 - 2;;48.84117200;2.320514000;;;0;StopArea:OCE87391003
2026-07-30 12:01:02;OCESN5521F1187_F:OUI:FR:Line::4FA25873-A63A-4A2D-B62F-EF950E45D8A9::87192039:87773002:11:1252:20261212;StopPoint:OCETGV INOUI-87725002;2026-07-30 12:34:00;9600;2026-07-30 12:37:00;9600;FR:Line::4FA25873-A63A-4A2D-B62F-EF950E45D8A9:;003038;OCESN5521F1187_F:OUI:FR:Line::4FA25873-A63A-4A2D-B62F-EF950E45D8A9::87192039:87773002:11:1252:20261212;5521;1;12122;;FR:Line::4FA25873-A63A-4A2D-B62F-EF950E45D8A9:;1187;071B;Lux/Alsace/Loraine - LR;;2;;;;StopPoint:OCETGV INOUI-87725002;Chalon-sur-Saône;;46.78162200;4.843479000;;;0;StopArea:OCE87725002
2026-07-30 12:01:02;OCESN5521F1187_F:OUI:FR:Line::4FA25873-A63A-4A2D-B62F-EF950E45D8A9::87192039:87773002:11:1252:20261212;StopPoint:OCETGV INOUI-87723197;2026-07-30 13:39:00;9600;2026-07-30 13:45:00;9600;FR:Line::4FA25873-A63A-4A2D-B62F-EF950E45D8A9:;003038;OCESN5521F1187_F:OUI:FR:Line::4FA25873-A63A-4A2D-B62F-EF950E45D8A9::87192039:87773002:11:1252:20261212;5521;1;12122;;FR:Line::4FA25873-A63A-4A2D-B62F-EF950E45D8A9:;1187;071B;Lux/Alsace/Loraine - LR;;2;;;;StopPoint:OCETGV INOUI-87723197;Lyon Part Dieu;;45.76059600;4.859409000;;;0;StopArea:OCE87723197
2026-07-30 12:01:02;OCESN5521F1187_F:OUI:FR:Line::4FA25873-A63A-4A2D-B62F-EF950E45D8A9::87192039:87773002:11:1252:20261212;StopPoint:OCETGV INOUI-87775007;2026-07-30 15:02:00;9600;2026-07-30 15:05:00;9600;FR:Line::4FA25873-A63A-4A2D-B62F-EF950E45D8A9:;003038;OCESN5521F1187_F:OUI:FR:Line::4FA25873-A63A-4A2D-B62F-EF950E45D8A9::87192039:87773002:11:1252:20261212;5521;1;12122;;FR:Line::4FA25873-A63A-4A2D-B62F-EF950E45D8A9:;1187;071B;Lux/Alsace/Loraine - LR;;2;;;;StopPoint:OCETGV INOUI-87775007;Nîmes Centre;;43.83231300;4.365872000;;;0;StopArea:OCE87775007
2026-07-30 12:01:02;OCESN5521F1187_F:OUI:FR:Line::4FA25873-A63A-4A2D-B62F-EF950E45D8A9::87192039:87773002:11:1252:20261212;StopPoint:OCETGV INOUI-87773002;2026-07-30 15:32:00;9600;;;FR:Line::4FA25873-A63A-4A2D-B62F-EF950E45D8A9:;003038;OCESN5521F1187_F:OUI:FR:Line::4FA25873-A63A-4A2D-B62F-EF950E45D8A9::87192039:87773002:11:1252:20261212;5521;1;12122;;FR:Line::4FA25873-A63A-4A2D-B62F-EF950E45D8A9:;1187;071B;Lux/Alsace/Loraine - LR;;2;;;;StopPoint:OCETGV INOUI-87773002;Montpellier Saint-Roch;;43.60473800;3.880674000;;;0;StopArea:OCE87773002
2026-07-30 12:01:02;OCESN5202F1187_F:OUI:FR:Line::F74CC5B5-2F44-4A9F-8336-69F30A4DEC89::87286005:87581009:11:1202:20260816;StopPoint:OCETGV INOUI-87583005;2026-07-30 11:27:00;300;2026-07-30 11:30:00;300;FR:Line::F74CC5B5-2F44-4A9F-8336-69F30A4DEC89:;002778;OCESN5202F1187_F:OUI:FR:Line::F74CC5B5-2F44-4A9F-8336-69F30A4DEC89::87286005:87581009:11:1202:20260816;5202;1;11437;;FR:Line::F74CC5B5-2F44-4A9F-8336-69F30A4DEC89:;1187;003A;Nord Aquitaine TGV;;2;;;;StopPoint:OCETGV INOUI-87583005;Angoulême;;45.65357200;0.164608000;;;0;StopArea:OCE87583005
2026-07-30 12:01:02;OCESN5202F1187_F:OUI:FR:Line::F74CC5B5-2F44-4A9F-8336-69F30A4DEC89::87286005:87581009:11:1202:20260816;StopPoint:OCETGV INOUI-87581009;2026-07-30 12:07:00;300;;;FR:Line::F74CC5B5-2F44-4A9F-8336-69F30A4DEC89:;002778;OCESN5202F1187_F:OUI:FR:Line::F74CC5B5-2F44-4A9F-8336-69F30A4DEC89::87286005:87581009:11:1202:20260816;5202;1;11437;;FR:Line::F74CC5B5-2F44-4A9F-8336-69F30A4DEC89:;1187;003A;Nord Aquitaine TGV;;2;;;;StopPoint:OCETGV INOUI-87581009;Bordeaux Saint-Jean;;44.82587300;-0.55669700;;;0;StopArea:OCE87581009
2026-07-30 12:01:02;OCESN8571F1187_F:OUI:FR:Line::2881AC3D-A347-4440-BEF8-23ACAB159588::87391003:87671008:4:1151:20260730;StopPoint:OCETGV INOUI-87581009;2026-07-30 08:58:00;600;2026-07-30 08:59:00;300;FR:Line::2881AC3D-A347-4440-BEF8-23ACAB159588:;000049;OCESN8571F1187_F:OUI:FR:Line::2881AC3D-A347-4440-BEF8-23ACAB159588::87391003:87671008:4:1151:20260730;8571;1;27919;;FR:Line::2881AC3D-A347-4440-BEF8-23ACAB159588:;1187;421B;Paris - Tarbes TGV;;2;;;;StopPoint:OCETGV INOUI-87581009;Bordeaux Saint-Jean;;44.82587300;-0.55669700;;;0;StopArea:OCE87581009
2026-07-30 12:01:02;OCESN8571F1187_F:OUI:FR:Line::2881AC3D-A347-4440-BEF8-23ACAB159588::87391003:87671008:4:1151:20260730;StopPoint:OCETGV INOUI-87671008;2026-07-30 12:41:00;3000;;;FR:Line::2881AC3D-A347-4440-BEF8-23ACAB159588:;000049;OCESN8571F1187_F:OUI:FR:Line::2881AC3D-A347-4440-BEF8-23ACAB159588::87391003:87671008:4:1151:20260730;8571;1;27919;;FR:Line::2881AC3D-A347-4440-BEF8-23ACAB159588:;1187;421B;Paris - Tarbes TGV;;2;;;;StopPoint:OCETGV INOUI-87671008;Tarbes;;43.23986300;0.069442000;;;0;StopArea:OCE87671008
2026-07-30 12:01:02;OCESN9810F1187_F:OUI:FR:Line::A6C76228-9224-4C48-8B92-80FC80F093E2::88140010:87751008:9:1224:20260805;StopPoint:OCETGV INOUI-88140010;;;2026-07-30 06:42:00;300;FR:Line::A6C76228-9224-4C48-8B92-80FC80F093E2:;009198;OCESN9810F1187_F:OUI:FR:Line::A6C76228-9224-4C48-8B92-80FC80F093E2::88140010:87751008:9:1224:20260805;9810;0;48327;;FR:Line::A6C76228-9224-4C48-8B92-80FC80F093E2:;1187;001B;Lille - Mediterranee TGV;;2;;;;StopPoint:OCETGV INOUI-88140010;Bruxelles Midi;;50.83600000;4.336000000;;;0;StopArea:OCE88140010
2026-07-30 12:01:02;OCESN9810F1187_F:OUI:FR:Line::A6C76228-9224-4C48-8B92-80FC80F093E2::88140010:87751008:9:1224:20260805;StopPoint:OCETGV INOUI-87223263;2026-07-30 07:17:00;300;2026-07-30 07:28:00;300;FR:Line::A6C76228-9224-4C48-8B92-80FC80F093E2:;009198;OCESN9810F1187_F:OUI:FR:Line::A6C76228-9224-4C48-8B92-80FC80F093E2::88140010:87751008:9:1224:20260805;9810;0;48327;;FR:Line::A6C76228-9224-4C48-8B92-80FC80F093E2:;1187;001B;Lille - Mediterranee TGV;;2;;;;StopPoint:OCETGV INOUI-87223263;Lille Europe;;50.63940000;3.075721000;;;0;StopArea:OCE87223263
2026-07-30 12:01:02;OCESN9810F1187_F:OUI:FR:Line::A6C76228-9224-4C48-8B92-80FC80F093E2::88140010:87751008:9:1224:20260805;StopPoint:OCETGV INOUI-87313882;2026-07-30 07:54:00;300;2026-07-30 07:57:00;300;FR:Line::A6C76228-9224-4C48-8B92-80FC80F093E2:;009198;OCESN9810F1187_F:OUI:FR:Line::A6C76228-9224-4C48-8B92-80FC80F093E2::88140010:87751008:9:1224:20260805;9810;0;48327;;FR:Line::A6C76228-9224-4C48-8B92-80FC80F093E2:;1187;001B;Lille - Mediterranee TGV;;2;;;;StopPoint:OCETGV INOUI-87313882;TGV Haute Picardie;;49.85917200;2.831619000;;;0;StopArea:OCE87313882
2026-07-30 12:01:02;OCESN9810F1187_F:OUI:FR:Line::A6C76228-9224-4C48-8B92-80FC80F093E2::88140010:87751008:9:1224:20260805;StopPoint:OCETGV INOUI-87271494;2026-07-30 08:25:00;300;2026-07-30 08:32:00;300;FR:Line::A6C76228-9224-4C48-8B92-80FC80F093E2:;009198;OCESN9810F1187_F:OUI:FR:Line::A6C76228-9224-4C48-8B92-80FC80F093E2::88140010:87751008:9:1224:20260805;9810;0;48327;;FR:Line::A6C76228-9224-4C48-8B92-80FC80F093E2:;1187;001B;Lille - Mediterranee TGV;;2;;;;StopPoint:OCETGV INOUI-87271494;Aéroport Charles de Gaulle 2 TGV;;49.00361800;2.570812000;;;0;StopArea:OCE87271494
2026-07-30 12:01:02;OCESN9243F1187_F:OUI:FR:Line::2FFF7F96-0EBC-4AA1-B417-38EBD492057E::87686006:83016451:7:1353:20261206;StopPoint:OCETGV INOUI-87741009;2026-07-30 09:41:00;300;2026-07-30 09:59:00;900;FR:Line::2FFF7F96-0EBC-4AA1-B417-38EBD492057E:;008924;OCESN9243F1187_F:OUI:FR:Line::2FFF7F96-0EBC-4AA1-B417-38EBD492057E::87686006:83016451:7:1353:20261206;9243;0;47216;;FR:Line::2FFF7F96-0EBC-4AA1-B417-38EBD492057E:;1187;641A;Paris Milan;;2;;;;StopPoint:OCETGV INOUI-87741009;Chambéry - Challes-les-Eaux;;45.57130200;5.919547000;;;0;StopArea:OCE87741009
2026-07-30 12:01:02;OCESN9243F1187_F:OUI:FR:Line::2FFF7F96-0EBC-4AA1-B417-38EBD492057E::87686006:83016451:7:1353:20261206;StopPoint:OCETGV INOUI-87742007;2026-07-30 11:01:00;900;2026-07-30 11:05:00;600;FR:Line::2FFF7F96-0EBC-4AA1-B417-38EBD492057E:;008924;OCESN9243F1187_F:OUI:FR:Line::2FFF7F96-0EBC-4AA1-B417-38EBD492057E::87686006:83016451:7:1353:20261206;9243;0;47216;;FR:Line::2FFF7F96-0EBC-4AA1-B417-38EBD492057E:;1187;641A;Paris Milan;;2;;;;StopPoint:OCETGV INOUI-87742007;Modane;;45.19355500;6.659139000;;;0;StopArea:OCE87742007
2026-07-30 12:01:02;OCESN9243F1187_F:OUI:FR:Line::2FFF7F96-0EBC-4AA1-B417-38EBD492057E::87686006:83016451:7:1353:20261206;StopPoint:OCETGV INOUI-83002048;2026-07-30 11:31:00;600;2026-07-30 11:33:00;600;FR:Line::2FFF7F96-0EBC-4AA1-B417-38EBD492057E:;008924;OCESN9243F1187_F:OUI:FR:Line::2FFF7F96-0EBC-4AA1-B417-38EBD492057E::87686006:83016451:7:1353:20261206;9243;0;47216;;FR:Line::2FFF7F96-0EBC-4AA1-B417-38EBD492057E:;1187;641A;Paris Milan;;2;;;;StopPoint:OCETGV INOUI-83002048;OULX CESANA CLAVIERE SESTRIERE;;45.03879500;6.831431000;;;0;StopArea:OCE83002048
2026-07-30 12:01:02;OCESN9243F1187_F:OUI:FR:Line::2FFF7F96-0EBC-4AA1-B417-38EBD492057E::87686006:83016451:7:1353:20261206;StopPoint:OCETGV INOUI-83000356;2026-07-30 12:33:00;600;2026-07-30 12:35:00;600;FR:Line::2FFF7F96-0EBC-4AA1-B417-38EBD492057E:;008924;OCESN9243F1187_F:OUI:FR:Line::2FFF7F96-0EBC-4AA1-B417-38EBD492057E::87686006:83016451:7:1353:20261206;9243;0;47216;;FR:Line::2FFF7F96-0EBC-4AA1-B417-38EBD492057E:;1187;641A;Paris Milan;;2;;;;StopPoint:OCETGV INOUI-83000356;Turin Porta Susa;;45.07411800;7.666675000;;;0;StopArea:OCE83000356
2026-07-30 12:01:02;OCESN12181F1187_F:OUI:FR:Line::4FA25873-A63A-4A2D-B62F-EF950E45D8A9::87212027:87773002:10:1252:20261115;StopPoint:OCETGV INOUI-87725002;2026-07-30 12:34:00;9600;2026-07-30 12:37:00;9600;FR:Line::4FA25873-A63A-4A2D-B62F-EF950E45D8A9:;000212;OCESN12181F1187_F:OUI:FR:Line::4FA25873-A63A-4A2D-B62F-EF950E45D8A9::87212027:87773002:10:1252:20261115;12181;1;334;;FR:Line::4FA25873-A63A-4A2D-B62F-EF950E45D8A9:;1187;071B;Lux/Alsace/Loraine - LR;;2;;;;StopPoint:OCETGV INOUI-87725002;Chalon-sur-Saône;;46.78162200;4.843479000;;;0;StopArea:OCE87725002
2026-07-30 12:01:02;OCESN12181F1187_F:OUI:FR:Line::4FA25873-A63A-4A2D-B62F-EF950E45D8A9::87212027:87773002:10:1252:20261115;StopPoint:OCETGV INOUI-87723197;2026-07-30 13:39:00;9600;2026-07-30 13:45:00;9600;FR:Line::4FA25873-A63A-4A2D-B62F-EF950E45D8A9:;000212;OCESN12181F1187_F:OUI:FR:Line::4FA25873-A63A-4A2D-B62F-EF950E45D8A9::87212027:87773002:10:1252:20261115;12181;1;334;;FR:Line::4FA25873-A63A-4A2D-B62F-EF950E45D8A9:;1187;071B;Lux/Alsace/Loraine - LR;;2;;;;StopPoint:OCETGV INOUI-87723197;Lyon Part Dieu;;45.76059600;4.859409000;;;0;StopArea:OCE87723197
2026-07-30 12:01:02;OCESN12181F1187_F:OUI:FR:Line::4FA25873-A63A-4A2D-B62F-EF950E45D8A9::87212027:87773002:10:1252:20261115;StopPoint:OCETGV INOUI-87775007;2026-07-30 15:02:00;9600;2026-07-30 15:05:00;9600;FR:Line::4FA25873-A63A-4A2D-B62F-EF950E45D8A9:;000212;OCESN12181F1187_F:OUI:FR:Line::4FA25873-A63A-4A2D-B62F-EF950E45D8A9::87212027:87773002:10:1252:20261115;12181;1;334;;FR:Line::4FA25873-A63A-4A2D-B62F-EF950E45D8A9:;1187;071B;Lux/Alsace/Loraine - LR;;2;;;;StopPoint:OCETGV INOUI-87775007;Nîmes Centre;;43.83231300;4.365872000;;;0;StopArea:OCE87775007
2026-07-30 12:01:02;OCESN12181F1187_F:OUI:FR:Line::4FA25873-A63A-4A2D-B62F-EF950E45D8A9::87212027:87773002:10:1252:20261115;StopPoint:OCETGV INOUI-87773002;2026-07-30 15:32:00;9600;;;FR:Line::4FA25873-A63A-4A2D-B62F-EF950E45D8A9:;000212;OCESN12181F1187_F:OUI:FR:Line::4FA25873-A63A-4A2D-B62F-EF950E45D8A9::87212027:87773002:10:1252:20261115;12181;1;334;;FR:Line::4FA25873-A63A-4A2D-B62F-EF950E45D8A9:;1187;071B;Lux/Alsace/Loraine - LR;;2;;;;StopPoint:OCETGV INOUI-87773002;Montpellier Saint-Roch;;43.60473800;3.880674000;;;0;StopArea:OCE87773002
2026-07-30 12:01:02;OCESN12176F1187_F:OUI:FR:Line::19ea029b-6782-421a-8481-7470f5718e47::87756056:87212027:18:1554:20261124;StopPoint:OCETGV INOUI-87755009;2026-07-30 08:52:00;300;2026-07-30 08:55:00;300;FR:Line::19ea029b-6782-421a-8481-7470f5718e47:;000176;OCESN12176F1187_F:OUI:FR:Line::19ea029b-6782-421a-8481-7470f5718e47::87756056:87212027:18:1554:20261124;12176;1;274;;FR:Line::19ea029b-6782-421a-8481-7470f5718e47:;1187;071A;Lux/Alsace/Loraine - Paca;;2;;;;StopPoint:OCETGV INOUI-87755009;Toulon;;43.12835300;5.929404000;;;0;StopArea:OCE87755009
2026-07-30 12:01:02;OCESN12176F1187_F:OUI:FR:Line::19ea029b-6782-421a-8481-7470f5718e47::87756056:87212027:18:1554:20261124;StopPoint:OCETGV INOUI-87751008;2026-07-30 09:36:00;300;2026-07-30 09:50:00;300;FR:Line::19ea029b-6782-421a-8481-7470f5718e47:;000176;OCESN12176F1187_F:OUI:FR:Line::19ea029b-6782-421a-8481-7470f5718e47::87756056:87212027:18:1554:20261124;12176;1;274;;FR:Line::19ea029b-6782-421a-8481-7470f5718e47:;1187;071A;Lux/Alsace/Loraine - Paca;;2;;;;StopPoint:OCETGV INOUI-87751008;Marseille Saint-Charles;;43.30266600;5.380407000;;;0;StopArea:OCE87751008
2026-07-30 12:01:02;OCESN12176F1187_F:OUI:FR:Line::19ea029b-6782-421a-8481-7470f5718e47::87756056:87212027:18:1554:20261124;StopPoint:OCETGV INOUI-87319012;2026-07-30 10:01:00;300;2026-07-30 10:04:00;300;FR:Line::19ea029b-6782-421a-8481-7470f5718e47:;000176;OCESN12176F1187_F:OUI:FR:Line::19ea029b-6782-421a-8481-7470f5718e47::87756056:87212027:18:1554:20261124;12176;1;274;;FR:Line::19ea029b-6782-421a-8481-7470f5718e47:;1187;071A;Lux/Alsace/Loraine - Paca;;2;;;;StopPoint:OCETGV INOUI-87319012;Aix-en-Provence TGV;;43.45523700;5.317534000;;;0;StopArea:OCE87319012
2026-07-30 12:01:02;OCESN12176F1187_F:OUI:FR:Line::19ea029b-6782-421a-8481-7470f5718e47::87756056:87212027:18:1554:20261124;StopPoint:OCETGV INOUI-87318964;2026-07-30 10:24:00;300;2026-07-30 10:27:00;300;FR:Line::19ea029b-6782-421a-8481-7470f5718e47:;000176;OCESN12176F1187_F:OUI:FR:Line::19ea029b-6782-421a-8481-7470f5718e47::87756056:87212027:18:1554:20261124;12176;1;274;;FR:Line::19ea029b-6782-421a-8481-7470f5718e47:;1187;071A;Lux/Alsace/Loraine - Paca;;2;;;;StopPoint:OCETGV INOUI-87318964;Avignon TGV;;43.92194000;4.786136000;;;0;StopArea:OCE87318964
2026-07-30 12:01:02;OCESN12176F1187_F:OUI:FR:Line::19ea029b-6782-421a-8481-7470f5718e47::87756056:87212027:18:1554:20261124;StopPoint:OCETGV INOUI-87723197;2026-07-30 11:33:00;300;2026-07-30 11:43:00;300;FR:Line::19ea029b-6782-421a-8481-7470f5718e47:;000176;OCESN12176F1187_F:OUI:FR:Line::19ea029b-6782-421a-8481-7470f5718e47::87756056:87212027:18:1554:20261124;12176;1;274;;FR:Line::19ea029b-6782-421a-8481-7470f5718e47:;1187;071A;Lux/Alsace/Loraine - Paca;;2;;;;StopPoint:OCETGV INOUI-87723197;Lyon Part Dieu;;45.76059600;4.859409000;;;0;StopArea:OCE87723197
2026-07-30 12:01:02;OCESN12176F1187_F:OUI:FR:Line::19ea029b-6782-421a-8481-7470f5718e47::87756056:87212027:18:1554:20261124;StopPoint:OCETGV INOUI-87725689;2026-07-30 12:19:00;300;2026-07-30 12:22:00;300;FR:Line::19ea029b-6782-421a-8481-7470f5718e47:;000176;OCESN12176F1187_F:OUI:FR:Line::19ea029b-6782-421a-8481-7470f5718e47::87756056:87212027:18:1554:20261124;12176;1;274;;FR:Line::19ea029b-6782-421a-8481-7470f5718e47:;1187;071A;Lux/Alsace/Loraine - Paca;;2;;;;StopPoint:OCETGV INOUI-87725689;Mâcon;;46.30257200;4.824887000;;;0;StopArea:OCE87725689
2026-07-30 12:01:02;OCESN12176F1187_F:OUI:FR:Line::19ea029b-6782-421a-8481-7470f5718e47::87756056:87212027:18:1554:20261124;StopPoint:OCETGV INOUI-87713545;2026-07-30 13:08:00;300;2026-07-30 13:11:00;300;FR:Line::19ea029b-6782-421a-8481-7470f5718e47:;000176;OCESN12176F1187_F:OUI:FR:Line::19ea029b-6782-421a-8481-7470f5718e47::87756056:87212027:18:1554:20261124;12176;1;274;;FR:Line::19ea029b-6782-421a-8481-7470f5718e47:;1187;071A;Lux/Alsace/Loraine - Paca;;2;;;;StopPoint:OCETGV INOUI-87713545;Beaune;;47.02301400;4.848423000;;;0;StopArea:OCE87713545
2026-07-30 12:01:02;OCESN12176F1187_F:OUI:FR:Line::19ea029b-6782-421a-8481-7470f5718e47::87756056:87212027:18:1554:20261124;StopPoint:OCETGV INOUI-87713040;2026-07-30 13:31:00;300;2026-07-30 13:43:00;300;FR:Line::19ea029b-6782-421a-8481-7470f5718e47:;000176;OCESN12176F1187_F:OUI:FR:Line::19ea029b-6782-421a-8481-7470f5718e47::87756056:87212027:18:1554:20261124;12176;1;274;;FR:Line::19ea029b-6782-421a-8481-7470f5718e47:;1187;071A;Lux/Alsace/Loraine - Paca;;2;;;;StopPoint:OCETGV INOUI-87713040;Dijon;;47.32341100;5.027256000;;;0;StopArea:OCE87713040
2026-07-30 12:01:02;OCESN12176F1187_F:OUI:FR:Line::19ea029b-6782-421a-8481-7470f5718e47::87756056:87212027:18:1554:20261124;StopPoint:OCETGV INOUI-87300863;2026-07-30 14:10:00;300;2026-07-30 14:13:00;300;FR:Line::19ea029b-6782-421a-8481-7470f5718e47:;000176;OCESN12176F1187_F:OUI:FR:Line::19ea029b-6782-421a-8481-7470f5718e47::87756056:87212027:18:1554:20261124;12176;1;274;;FR:Line::19ea029b-6782-421a-8481-7470f5718e47:;1187;071A;Lux/Alsace/Loraine - Paca;;2;;;;StopPoint:OCETGV INOUI-87300863;Besançon Franche-Comté TGV;;47.30721500;5.953613000;;;0;StopArea:OCE87300863
2026-07-30 12:01:02;OCESN12176F1187_F:OUI:FR:Line::19ea029b-6782-421a-8481-7470f5718e47::87756056:87212027:18:1554:20261124;StopPoint:OCETGV INOUI-87300822;2026-07-30 14:34:00;300;2026-07-30 14:36:00;300;FR:Line::19ea029b-6782-421a-8481-7470f5718e47:;000176;OCESN12176F1187_F:OUI:FR:Line::19ea029b-6782-421a-8481-7470f5718e47::87756056:87212027:18:1554:20261124;12176;1;274;;FR:Line::19ea029b-6782-421a-8481-7470f5718e47:;1187;071A;Lux/Alsace/Loraine - Paca;;2;;;;StopPoint:OCETGV INOUI-87300822;Belfort - Montbéliard TGV;;47.58510500;6.897984000;;;0;StopArea:OCE87300822
2026-07-30 12:01:02;OCESN12176F1187_F:OUI:FR:Line::19ea029b-6782-421a-8481-7470f5718e47::87756056:87212027:18:1554:20261124;StopPoint:OCETGV INOUI-87182063;2026-07-30 14:58:00;300;2026-07-30 15:02:00;300;FR:Line::19ea029b-6782-421a-8481-7470f5718e47:;000176;OCESN12176F1187_F:OUI:FR:Line::19ea029b-6782-421a-8481-7470f5718e47::87756056:87212027:18:1554:20261124;12176;1;274;;FR:Line::19ea029b-6782-421a-8481-7470f5718e47:;1187;071A;Lux/Alsace/Loraine - Paca;;2;;;;StopPoint:OCETGV INOUI-87182063;Mulhouse;;47.74269100;7.343160000;;;0;StopArea:OCE87182063
2026-07-30 12:01:02;OCESN12176F1187_F:OUI:FR:Line::19ea029b-6782-421a-8481-7470f5718e47::87756056:87212027:18:1554:20261124;StopPoint:OCETGV INOUI-87182014;2026-07-30 15:29:00;300;2026-07-30 15:32:00;300;FR:Line::19ea029b-6782-421a-8481-7470f5718e47:;000176;OCESN12176F1187_F:OUI:FR:Line::19ea029b-6782-421a-8481-7470f5718e47::87756056:87212027:18:1554:20261124;12176;1;274;;FR:Line::19ea029b-6782-421a-8481-7470f5718e47:;1187;071A;Lux/Alsace/Loraine - Paca;;2;;;;StopPoint:OCETGV INOUI-87182014;Colmar;;48.07352700;7.347756000;;;0;StopArea:OCE87182014
2026-07-30 12:01:02;OCESN12176F1187_F:OUI:FR:Line::19ea029b-6782-421a-8481-7470f5718e47::87756056:87212027:18:1554:20261124;StopPoint:OCETGV INOUI-87212027;2026-07-30 15:59:00;300;;;FR:Line::19ea029b-6782-421a-8481-7470f5718e47:;000176;OCESN12176F1187_F:OUI:FR:Line::19ea029b-6782-421a-8481-7470f5718e47::87756056:87212027:18:1554:20261124;12176;1;274;;FR:Line::19ea029b-6782-421a-8481-7470f5718e47:;1187;071A;Lux/Alsace/Loraine - Paca;;2;;;;StopPoint:OCETGV INOUI-87212027;Strasbourg;;48.58511000;7.733882000;;;0;StopArea:OCE87212027
2026-07-30 12:01:02;OCESN5516F1187_F:OUI:FR:Line::19ea029b-6782-421a-8481-7470f5718e47::87756056:87141002:19:1702:20261212;StopPoint:OCETGV INOUI-87755009;2026-07-30 08:52:00;300;2026-07-30 08:55:00;300;FR:Line::19ea029b-6782-421a-8481-7470f5718e47:;003034;OCESN5516F1187_F:OUI:FR:Line::19ea029b-6782-421a-8481-7470f5718e47::87756056:87141002:19:1702:20261212;5516;1;12114;;FR:Line::19ea029b-6782-421a-8481-7470f5718e47:;1187;071A;Lux/Alsace/Loraine - Paca;;2;;;;StopPoint:OCETGV INOUI-87755009;Toulon;;43.12835300;5.929404000;;;0;StopArea:OCE87755009
2026-07-30 12:01:02;OCESN5516F1187_F:OUI:FR:Line::19ea029b-6782-421a-8481-7470f5718e47::87756056:87141002:19:1702:20261212;StopPoint:OCETGV INOUI-87751008;2026-07-30 09:36:00;300;2026-07-30 09:50:00;300;FR:Line::19ea029b-6782-421a-8481-7470f5718e47:;003034;OCESN5516F1187_F:OUI:FR:Line::19ea029b-6782-421a-8481-7470f5718e47::87756056:87141002:19:1702:20261212;5516;1;12114;;FR:Line::19ea029b-6782-421a-8481-7470f5718e47:;1187;071A;Lux/Alsace/Loraine - Paca;;2;;;;StopPoint:OCETGV INOUI-87751008;Marseille Saint-Charles;;43.30266600;5.380407000;;;0;StopArea:OCE87751008
2026-07-30 12:01:02;OCESN5516F1187_F:OUI:FR:Line::19ea029b-6782-421a-8481-7470f5718e47::87756056:87141002:19:1702:20261212;StopPoint:OCETGV INOUI-87319012;2026-07-30 10:01:00;300;2026-07-30 10:04:00;300;FR:Line::19ea029b-6782-421a-8481-7470f5718e47:;003034;OCESN5516F1187_F:OUI:FR:Line::19ea029b-6782-421a-8481-7470f5718e47::87756056:87141002:19:1702:20261212;5516;1;12114;;FR:Line::19ea029b-6782-421a-8481-7470f5718e47:;1187;071A;Lux/Alsace/Loraine - Paca;;2;;;;StopPoint:OCETGV INOUI-87319012;Aix-en-Provence TGV;;43.45523700;5.317534000;;;0;StopArea:OCE87319012
2026-07-30 12:01:02;OCESN5516F1187_F:OUI:FR:Line::19ea029b-6782-421a-8481-7470f5718e47::87756056:87141002:19:1702:20261212;StopPoint:OCETGV INOUI-87318964;2026-07-30 10:24:00;300;2026-07-30 10:27:00;300;FR:Line::19ea029b-6782-421a-8481-7470f5718e47:;003034;OCESN5516F1187_F:OUI:FR:Line::19ea029b-6782-421a-8481-7470f5718e47::87756056:87141002:19:1702:20261212;5516;1;12114;;FR:Line::19ea029b-6782-421a-8481-7470f5718e47:;1187;071A;Lux/Alsace/Loraine - Paca;;2;;;;StopPoint:OCETGV INOUI-87318964;Avignon TGV;;43.92194000;4.786136000;;;0;StopArea:OCE87318964
2026-07-30 12:01:02;OCESN5516F1187_F:OUI:FR:Line::19ea029b-6782-421a-8481-7470f5718e47::87756056:87141002:19:1702:20261212;StopPoint:OCETGV INOUI-87723197;2026-07-30 11:33:00;300;2026-07-30 11:43:00;300;FR:Line::19ea029b-6782-421a-8481-7470f5718e47:;003034;OCESN5516F1187_F:OUI:FR:Line::19ea029b-6782-421a-8481-7470f5718e47::87756056:87141002:19:1702:20261212;5516;1;12114;;FR:Line::19ea029b-6782-421a-8481-7470f5718e47:;1187;071A;Lux/Alsace/Loraine - Paca;;2;;;;StopPoint:OCETGV INOUI-87723197;Lyon Part Dieu;;45.76059600;4.859409000;;;0;StopArea:OCE87723197
2026-07-30 12:01:02;OCESN5516F1187_F:OUI:FR:Line::19ea029b-6782-421a-8481-7470f5718e47::87756056:87141002:19:1702:20261212;StopPoint:OCETGV INOUI-87725689;2026-07-30 12:19:00;300;2026-07-30 12:22:00;300;FR:Line::19ea029b-6782-421a-8481-7470f5718e47:;003034;OCESN5516F1187_F:OUI:FR:Line::19ea029b-6782-421a-8481-7470f5718e47::87756056:87141002:19:1702:20261212;5516;1;12114;;FR:Line::19ea029b-6782-421a-8481-7470f5718e47:;1187;071A;Lux/Alsace/Loraine - Paca;;2;;;;StopPoint:OCETGV INOUI-87725689;Mâcon;;46.30257200;4.824887000;;;0;StopArea:OCE87725689
2026-07-30 12:01:02;OCESN5516F1187_F:OUI:FR:Line::19ea029b-6782-421a-8481-7470f5718e47::87756056:87141002:19:1702:20261212;StopPoint:OCETGV INOUI-87713545;2026-07-30 13:08:00;300;2026-07-30 13:11:00;300;FR:Line::19ea029b-6782-421a-8481-7470f5718e47:;003034;OCESN5516F1187_F:OUI:FR:Line::19ea029b-6782-421a-8481-7470f5718e47::87756056:87141002:19:1702:20261212;5516;1;12114;;FR:Line::19ea029b-6782-421a-8481-7470f5718e47:;1187;071A;Lux/Alsace/Loraine - Paca;;2;;;;StopPoint:OCETGV INOUI-87713545;Beaune;;47.02301400;4.848423000;;;0;StopArea:OCE87713545
2026-07-30 12:01:02;OCESN5516F1187_F:OUI:FR:Line::19ea029b-6782-421a-8481-7470f5718e47::87756056:87141002:19:1702:20261212;StopPoint:OCETGV INOUI-87713040;2026-07-30 13:31:00;300;2026-07-30 13:43:00;300;FR:Line::19ea029b-6782-421a-8481-7470f5718e47:;003034;OCESN5516F1187_F:OUI:FR:Line::19ea029b-6782-421a-8481-7470f5718e47::87756056:87141002:19:1702:20261212;5516;1;12114;;FR:Line::19ea029b-6782-421a-8481-7470f5718e47:;1187;071A;Lux/Alsace/Loraine - Paca;;2;;;;StopPoint:OCETGV INOUI-87713040;Dijon;;47.32341100;5.027256000;;;0;StopArea:OCE87713040
2026-07-30 12:01:02;OCESN5516F1187_F:OUI:FR:Line::19ea029b-6782-421a-8481-7470f5718e47::87756056:87141002:19:1702:20261212;StopPoint:OCETGV INOUI-87300863;2026-07-30 14:10:00;300;2026-07-30 14:13:00;300;FR:Line::19ea029b-6782-421a-8481-7470f5718e47:;003034;OCESN5516F1187_F:OUI:FR:Line::19ea029b-6782-421a-8481-7470f5718e47::87756056:87141002:19:1702:20261212;5516;1;12114;;FR:Line::19ea029b-6782-421a-8481-7470f5718e47:;1187;071A;Lux/Alsace/Loraine - Paca;;2;;;;StopPoint:OCETGV INOUI-87300863;Besançon Franche-Comté TGV;;47.30721500;5.953613000;;;0;StopArea:OCE87300863
2026-07-30 12:01:02;OCESN5516F1187_F:OUI:FR:Line::19ea029b-6782-421a-8481-7470f5718e47::87756056:87141002:19:1702:20261212;StopPoint:OCETGV INOUI-87300822;2026-07-30 14:34:00;300;2026-07-30 14:36:00;300;FR:Line::19ea029b-6782-421a-8481-7470f5718e47:;003034;OCESN5516F1187_F:OUI:FR:Line::19ea029b-6782-421a-8481-7470f5718e47::87756056:87141002:19:1702:20261212;5516;1;12114;;FR:Line::19ea029b-6782-421a-8481-7470f5718e47:;1187;071A;Lux/Alsace/Loraine - Paca;;2;;;;StopPoint:OCETGV INOUI-87300822;Belfort - Montbéliard TGV;;47.58510500;6.897984000;;;0;StopArea:OCE87300822
2026-07-30 12:01:02;OCESN5516F1187_F:OUI:FR:Line::19ea029b-6782-421a-8481-7470f5718e47::87756056:87141002:19:1702:20261212;StopPoint:OCETGV INOUI-87182063;2026-07-30 14:58:00;300;2026-07-30 15:02:00;300;FR:Line::19ea029b-6782-421a-8481-7470f5718e47:;003034;OCESN5516F1187_F:OUI:FR:Line::19ea029b-6782-421a-8481-7470f5718e47::87756056:87141002:19:1702:20261212;5516;1;12114;;FR:Line::19ea029b-6782-421a-8481-7470f5718e47:;1187;071A;Lux/Alsace/Loraine - Paca;;2;;;;StopPoint:OCETGV INOUI-87182063;Mulhouse;;47.74269100;7.343160000;;;0;StopArea:OCE87182063
2026-07-30 12:01:02;OCESN5516F1187_F:OUI:FR:Line::19ea029b-6782-421a-8481-7470f5718e47::87756056:87141002:19:1702:20261212;StopPoint:OCETGV INOUI-87182014;2026-07-30 15:29:00;300;2026-07-30 15:32:00;300;FR:Line::19ea029b-6782-421a-8481-7470f5718e47:;003034;OCESN5516F1187_F:OUI:FR:Line::19ea029b-6782-421a-8481-7470f5718e47::87756056:87141002:19:1702:20261212;5516;1;12114;;FR:Line::19ea029b-6782-421a-8481-7470f5718e47:;1187;071A;Lux/Alsace/Loraine - Paca;;2;;;;StopPoint:OCETGV INOUI-87182014;Colmar;;48.07352700;7.347756000;;;0;StopArea:OCE87182014
2026-07-30 12:01:02;OCESN5516F1187_F:OUI:FR:Line::19ea029b-6782-421a-8481-7470f5718e47::87756056:87141002:19:1702:20261212;StopPoint:OCETGV INOUI-87212027;2026-07-30 15:59:00;300;2026-07-30 16:05:00;300;FR:Line::19ea029b-6782-421a-8481-7470f5718e47:;003034;OCESN5516F1187_F:OUI:FR:Line::19ea029b-6782-421a-8481-7470f5718e47::87756056:87141002:19:1702:20261212;5516;1;12114;;FR:Line::19ea029b-6782-421a-8481-7470f5718e47:;1187;071A;Lux/Alsace/Loraine - Paca;;2;;;;StopPoint:OCETGV INOUI-87212027;Strasbourg;;48.58511000;7.733882000;;;0;StopArea:OCE87212027
2026-07-30 12:01:02;OCESN5516F1187_F:OUI:FR:Line::19ea029b-6782-421a-8481-7470f5718e47::87756056:87141002:19:1702:20261212;StopPoint:OCETGV INOUI-87141002;2026-07-30 17:07:00;300;;;FR:Line::19ea029b-6782-421a-8481-7470f5718e47:;003034;OCESN5516F1187_F:OUI:FR:Line::19ea029b-6782-421a-8481-7470f5718e47::87756056:87141002:19:1702:20261212;5516;1;12114;;FR:Line::19ea029b-6782-421a-8481-7470f5718e47:;1187;071A;Lux/Alsace/Loraine - Paca;;2;;;;StopPoint:OCETGV INOUI-87141002;Nancy;;48.68985700;6.174579000;;;0;StopArea:OCE87141002
2026-07-30 12:01:02;OCESN6202F1187_F:OUI:FR:Line::8EDA0FF6-311A-4C83-8C18-63D890856B43::87784009:87686006:9:1218:20261025;StopPoint:OCETGV INOUI-87781104;2026-07-30 07:35:00;0;2026-07-30 07:43:00;300;FR:Line::8EDA0FF6-311A-4C83-8C18-63D890856B43:;003391;OCESN6202F1187_F:OUI:FR:Line::8EDA0FF6-311A-4C83-8C18-63D890856B43::87784009:87686006:9:1218:20261025;6202;1;13167;;FR:Line::8EDA0FF6-311A-4C83-8C18-63D890856B43:;1187;631C;Paris - Languedoc Roussillon TGV;;2;;;;StopPoint:OCETGV INOUI-87781104;Narbonne;;43.19061800;3.005667000;;;0;StopArea:OCE87781104
2026-07-30 12:01:02;OCESN6202F1187_F:OUI:FR:Line::8EDA0FF6-311A-4C83-8C18-63D890856B43::87784009:87686006:9:1218:20261025;StopPoint:OCETGV INOUI-87781005;2026-07-30 07:57:00;300;2026-07-30 08:00:00;300;FR:Line::8EDA0FF6-311A-4C83-8C18-63D890856B43:;003391;OCESN6202F1187_F:OUI:FR:Line::8EDA0FF6-311A-4C83-8C18-63D890856B43::87784009:87686006:9:1218:20261025;6202;1;13167;;FR:Line::8EDA0FF6-311A-4C83-8C18-63D890856B43:;1187;631C;Paris - Languedoc Roussillon TGV;;2;;;;StopPoint:OCETGV INOUI-87781005;Béziers;;43.33629500;3.218895000;;;0;StopArea:OCE87781005
2026-07-30 12:01:02;OCESN6202F1187_F:OUI:FR:Line::8EDA0FF6-311A-4C83-8C18-63D890856B43::87784009:87686006:9:1218:20261025;StopPoint:OCETGV INOUI-87781278;2026-07-30 08:13:00;300;2026-07-30 08:16:00;300;FR:Line::8EDA0FF6-311A-4C83-8C18-63D890856B43:;003391;OCESN6202F1187_F:OUI:FR:Line::8EDA0FF6-311A-4C83-8C18-63D890856B43::87784009:87686006:9:1218:20261025;6202;1;13167;;FR:Line::8EDA0FF6-311A-4C83-8C18-63D890856B43:;1187;631C;Paris - Languedoc Roussillon TGV;;2;;;;StopPoint:OCETGV INOUI-87781278;Agde;;43.31728000;3.466203000;;;0;StopArea:OCE87781278
2026-07-30 12:01:02;OCESN8531F1187_F:OUI:FR:Line::75E9980B-E8DF-4696-8E87-123692055B00::87391003:87677005:7:1148:20260730;StopPoint:OCETGV INOUI-87581009;2026-07-30 09:29:00;900;2026-07-30 09:35:00;900;FR:Line::75E9980B-E8DF-4696-8E87-123692055B00:;000049;OCESN8531F1187_F:OUI:FR:Line::75E9980B-E8DF-4696-8E87-123692055B00::87391003:87677005:7:1148:20260730;8531;1;25804;;FR:Line::75E9980B-E8DF-4696-8E87-123692055B00:;1187;421A;Paris - Hendaye TGV;;2;;;;StopPoint:OCETGV INOUI-87581009;Bordeaux Saint-Jean;;44.82587300;-0.55669700;;;0;StopArea:OCE87581009
2026-07-30 12:01:02;OCESN8531F1187_F:OUI:FR:Line::75E9980B-E8DF-4696-8E87-123692055B00::87391003:87677005:7:1148:20260730;StopPoint:OCETGV INOUI-87673202;2026-07-30 10:46:00;900;2026-07-30 10:50:00;900;FR:Line::75E9980B-E8DF-4696-8E87-123692055B00:;000049;OCESN8531F1187_F:OUI:FR:Line::75E9980B-E8DF-4696-8E87-123692055B00::87391003:87677005:7:1148:20260730;8531;1;25804;;FR:Line::75E9980B-E8DF-4696-8E87-123692055B00:;1187;421A;Paris - Hendaye TGV;;2;;;;StopPoint:OCETGV INOUI-87673202;Dax;;43.72047200;-1.05030100;;;0;StopArea:OCE87673202
2026-07-30 12:01:02;OCESN8531F1187_F:OUI:FR:Line::75E9980B-E8DF-4696-8E87-123692055B00::87391003:87677005:7:1148:20260730;StopPoint:OCETGV INOUI-87673004;2026-07-30 11:20:00;900;2026-07-30 11:23:00;900;FR:Line::75E9980B-E8DF-4696-8E87-123692055B00:;000049;OCESN8531F1187_F:OUI:FR:Line::75E9980B-E8DF-4696-8E87-123692055B00::87391003:87677005:7:1148:20260730;8531;1;25804;;FR:Line::75E9980B-E8DF-4696-8E87-123692055B00:;1187;421A;Paris - Hendaye TGV;;2;;;;StopPoint:OCETGV INOUI-87673004;Bayonne;;43.49679300;-1.47036800;;;0;StopArea:OCE87673004
2026-07-30 12:01:02;OCESN8531F1187_F:OUI:FR:Line::75E9980B-E8DF-4696-8E87-123692055B00::87391003:87677005:7:1148:20260730;StopPoint:OCETGV INOUI-87673400;2026-07-30 11:32:00;900;2026-07-30 11:35:00;900;FR:Line::75E9980B-E8DF-4696-8E87-123692055B00:;000049;OCESN8531F1187_F:OUI:FR:Line::75E9980B-E8DF-4696-8E87-123692055B00::87391003:87677005:7:1148:20260730;8531;1;25804;;FR:Line::75E9980B-E8DF-4696-8E87-123692055B00:;1187;421A;Paris - Hendaye TGV;;2;;;;StopPoint:OCETGV INOUI-87673400;Biarritz;;43.45938700;-1.54593700;;;0;StopArea:OCE87673400
2026-07-30 12:01:02;OCESN8531F1187_F:OUI:FR:Line::75E9980B-E8DF-4696-8E87-123692055B00::87391003:87677005:7:1148:20260730;StopPoint:OCETGV INOUI-87677120;2026-07-30 11:48:00;900;2026-07-30 11:50:00;900;FR:Line::75E9980B-E8DF-4696-8E87-123692055B00:;000049;OCESN8531F1187_F:OUI:FR:Line::75E9980B-E8DF-4696-8E87-123692055B00::87391003:87677005:7:1148:20260730;8531;1;25804;;FR:Line::75E9980B-E8DF-4696-8E87-123692055B00:;1187;421A;Paris - Hendaye TGV;;2;;;;StopPoint:OCETGV INOUI-87677120;Saint-Jean-de-Luz - Ciboure;;43.38586200;-1.66118100;;;0;StopArea:OCE87677120
2026-07-30 12:01:02;OCESN8531F1187_F:OUI:FR:Line::75E9980B-E8DF-4696-8E87-123692055B00::87391003:87677005:7:1148:20260730;StopPoint:OCETGV INOUI-87677005;2026-07-30 12:03:00;900;;;FR:Line::75E9980B-E8DF-4696-8E87-123692055B00:;000049;OCESN8531F1187_F:OUI:FR:Line::75E9980B-E8DF-4696-8E87-123692055B00::87391003:87677005:7:1148:20260730;8531;1;25804;;FR:Line::75E9980B-E8DF-4696-8E87-123692055B00:;1187;421A;Paris - Hendaye TGV;;2;;;;StopPoint:OCETGV INOUI-87677005;Hendaye;;43.35313200;-1.78172400;;;0;StopArea:OCE87677005
2026-07-30 12:01:02;OCESN12510F1187_F:OUI:FR:Line::A6C76228-9224-4C48-8B92-80FC80F093E2::87223263:87751008:8:1224:20260816;StopPoint:OCETGV INOUI-87223263;;;2026-07-30 07:28:00;300;FR:Line::A6C76228-9224-4C48-8B92-80FC80F093E2:;000452;OCESN12510F1187_F:OUI:FR:Line::A6C76228-9224-4C48-8B92-80FC80F093E2::87223263:87751008:8:1224:20260816;12510;0;767;;FR:Line::A6C76228-9224-4C48-8B92-80FC80F093E2:;1187;001B;Lille - Mediterranee TGV;;2;;;;StopPoint:OCETGV INOUI-87223263;Lille Europe;;50.63940000;3.075721000;;;0;StopArea:OCE87223263
2026-07-30 12:01:02;OCESN12510F1187_F:OUI:FR:Line::A6C76228-9224-4C48-8B92-80FC80F093E2::87223263:87751008:8:1224:20260816;StopPoint:OCETGV INOUI-87313882;2026-07-30 07:54:00;300;2026-07-30 07:57:00;300;FR:Line::A6C76228-9224-4C48-8B92-80FC80F093E2:;000452;OCESN12510F1187_F:OUI:FR:Line::A6C76228-9224-4C48-8B92-80FC80F093E2::87223263:87751008:8:1224:20260816;12510;0;767;;FR:Line::A6C76228-9224-4C48-8B92-80FC80F093E2:;1187;001B;Lille - Mediterranee TGV;;2;;;;StopPoint:OCETGV INOUI-87313882;TGV Haute Picardie;;49.85917200;2.831619000;;;0;StopArea:OCE87313882
2026-07-30 12:01:02;OCESN12510F1187_F:OUI:FR:Line::A6C76228-9224-4C48-8B92-80FC80F093E2::87223263:87751008:8:1224:20260816;StopPoint:OCETGV INOUI-87271494;2026-07-30 08:25:00;300;2026-07-30 08:32:00;300;FR:Line::A6C76228-9224-4C48-8B92-80FC80F093E2:;000452;OCESN12510F1187_F:OUI:FR:Line::A6C76228-9224-4C48-8B92-80FC80F093E2::87223263:87751008:8:1224:20260816;12510;0;767;;FR:Line::A6C76228-9224-4C48-8B92-80FC80F093E2:;1187;001B;Lille - Mediterranee TGV;;2;;;;StopPoint:OCETGV INOUI-87271494;Aéroport Charles de Gaulle 2 TGV;;49.00361800;2.570812000;;;0;StopArea:OCE87271494
2026-07-30 12:01:02;OCESN5486F1187_F:OUI:FR:Line::58c0c9b7-3765-46af-85a3-f193f3030e9b::87212027:87481002:9:1319:20260826;StopPoint:OCETGV INOUI-87393702;2026-07-30 10:39:00;300;2026-07-30 10:42:00;300;FR:Line::58c0c9b7-3765-46af-85a3-f193f3030e9b:;003014;OCESN5486F1187_F:OUI:FR:Line::58c0c9b7-3765-46af-85a3-f193f3030e9b::87212027:87481002:9:1319:20260826;5486;1;12055;;FR:Line::58c0c9b7-3765-46af-85a3-f193f3030e9b:;1187;061A;Est - Nantes TGV;;2;;;;StopPoint:OCETGV INOUI-87393702;Massy TGV;;48.72575800;2.261254000;;;0;StopArea:OCE87393702
2026-07-30 12:01:02;OCESN5486F1187_F:OUI:FR:Line::58c0c9b7-3765-46af-85a3-f193f3030e9b::87212027:87481002:9:1319:20260826;StopPoint:OCETGV INOUI-87571240;2026-07-30 11:43:00;600;2026-07-30 11:46:00;600;FR:Line::58c0c9b7-3765-46af-85a3-f193f3030e9b:;003014;OCESN5486F1187_F:OUI:FR:Line::58c0c9b7-3765-46af-85a3-f193f3030e9b::87212027:87481002:9:1319:20260826;5486;1;12055;;FR:Line::58c0c9b7-3765-46af-85a3-f193f3030e9b:;1187;061A;Est - Nantes TGV;;2;;;;StopPoint:OCETGV INOUI-87571240;Saint-Pierre-des-Corps;;47.38614000;0.723539000;;;0;StopArea:OCE87571240
2026-07-30 12:01:02;OCESN5486F1187_F:OUI:FR:Line::58c0c9b7-3765-46af-85a3-f193f3030e9b::87212027:87481002:9:1319:20260826;StopPoint:OCETGV INOUI-87484006;2026-07-30 12:41:00;300;2026-07-30 12:44:00;300;FR:Line::58c0c9b7-3765-46af-85a3-f193f3030e9b:;003014;OCESN5486F1187_F:OUI:FR:Line::58c0c9b7-3765-46af-85a3-f193f3030e9b::87212027:87481002:9:1319:20260826;5486;1;12055;;FR:Line::58c0c9b7-3765-46af-85a3-f193f3030e9b:;1187;061A;Est - Nantes TGV;;2;;;;StopPoint:OCETGV INOUI-87484006;Angers Saint-Laud;;47.46464900;-0.55677000;;;0;StopArea:OCE87484006
2026-07-30 12:01:02;OCESN5486F1187_F:OUI:FR:Line::58c0c9b7-3765-46af-85a3-f193f3030e9b::87212027:87481002:9:1319:20260826;StopPoint:OCETGV INOUI-87481002;2026-07-30 13:24:00;300;;;FR:Line::58c0c9b7-3765-46af-85a3-f193f3030e9b:;003014;OCESN5486F1187_F:OUI:FR:Line::58c0c9b7-3765-46af-85a3-f193f3030e9b::87212027:87481002:9:1319:20260826;5486;1;12055;;FR:Line::58c0c9b7-3765-46af-85a3-f193f3030e9b:;1187;061A;Est - Nantes TGV;;2;;;;StopPoint:OCETGV INOUI-87481002;Nantes;;47.21749100;-1.54207700;;;0;StopArea:OCE87481002
2026-07-30 12:01:02;OCESN12402F1187_F:OUI:FR:Line::8753D4FA-06CF-49A8-B412-13F55FD4A1A8::87471003:87751008:7:1324:20260829;StopPoint:OCETGV INOUI-87471003;;;2026-07-30 07:45:00;300;FR:Line::8753D4FA-06CF-49A8-B412-13F55FD4A1A8:;000401;OCESN12402F1187_F:OUI:FR:Line::8753D4FA-06CF-49A8-B412-13F55FD4A1A8::87471003:87751008:7:1324:20260829;12402;1;663;;FR:Line::8753D4FA-06CF-49A8-B412-13F55FD4A1A8:;1187;081A;Bretagne - Sud Est TGV;;2;;;;StopPoint:OCETGV INOUI-87471003;Rennes;;48.10351700;-1.67274400;;;0;StopArea:OCE87471003
2026-07-30 12:01:02;OCESN12402F1187_F:OUI:FR:Line::8753D4FA-06CF-49A8-B412-13F55FD4A1A8::87471003:87751008:7:1324:20260829;StopPoint:OCETGV INOUI-87396002;2026-07-30 08:35:00;300;2026-07-30 08:39:00;300;FR:Line::8753D4FA-06CF-49A8-B412-13F55FD4A1A8:;000401;OCESN12402F1187_F:OUI:FR:Line::8753D4FA-06CF-49A8-B412-13F55FD4A1A8::87471003:87751008:7:1324:20260829;12402;1;663;;FR:Line::8753D4FA-06CF-49A8-B412-13F55FD4A1A8:;1187;081A;Bretagne - Sud Est TGV;;2;;;;StopPoint:OCETGV INOUI-87396002;Le Mans;;47.99561500;0.192614000;;;0;StopArea:OCE87396002
2026-07-30 12:01:02;OCESN12402F1187_F:OUI:FR:Line::8753D4FA-06CF-49A8-B412-13F55FD4A1A8::87471003:87751008:7:1324:20260829;StopPoint:OCETGV INOUI-87393702;2026-07-30 09:27:00;300;2026-07-30 09:31:00;300;FR:Line::8753D4FA-06CF-49A8-B412-13F55FD4A1A8:;000401;OCESN12402F1187_F:OUI:FR:Line::8753D4FA-06CF-49A8-B412-13F55FD4A1A8::87471003:87751008:7:1324:20260829;12402;1;663;;FR:Line::8753D4FA-06CF-49A8-B412-13F55FD4A1A8:;1187;081A;Bretagne - Sud Est TGV;;2;;;;StopPoint:OCETGV INOUI-87393702;Massy TGV;;48.72575800;2.261254000;;;0;StopArea:OCE87393702
2026-07-30 12:01:02;OCESN5332F1187_F:OUI:FR:Line::8753D4FA-06CF-49A8-B412-13F55FD4A1A8::87471003:87751008:7:1324:20260927;StopPoint:OCETGV INOUI-87396002;2026-07-30 08:35:00;300;2026-07-30 08:39:00;300;FR:Line::8753D4FA-06CF-49A8-B412-13F55FD4A1A8:;002885;OCESN5332F1187_F:OUI:FR:Line::8753D4FA-06CF-49A8-B412-13F55FD4A1A8::87471003:87751008:7:1324:20260927;5332;1;11735;;FR:Line::8753D4FA-06CF-49A8-B412-13F55FD4A1A8:;1187;081A;Bretagne - Sud Est TGV;;2;;;;StopPoint:OCETGV INOUI-87396002;Le Mans;;47.99561500;0.192614000;;;0;StopArea:OCE87396002
2026-07-30 12:01:02;OCESN5332F1187_F:OUI:FR:Line::8753D4FA-06CF-49A8-B412-13F55FD4A1A8::87471003:87751008:7:1324:20260927;StopPoint:OCETGV INOUI-87393702;2026-07-30 09:27:00;300;2026-07-30 09:31:00;300;FR:Line::8753D4FA-06CF-49A8-B412-13F55FD4A1A8:;002885;OCESN5332F1187_F:OUI:FR:Line::8753D4FA-06CF-49A8-B412-13F55FD4A1A8::87471003:87751008:7:1324:20260927;5332;1;11735;;FR:Line::8753D4FA-06CF-49A8-B412-13F55FD4A1A8:;1187;081A;Bretagne - Sud Est TGV;;2;;;;StopPoint:OCETGV INOUI-87393702;Massy TGV;;48.72575800;2.261254000;;;0;StopArea:OCE87393702
2026-07-30 12:01:02;OCESN12347F1187_F:OUI:FR:Line::8EDA0FF6-311A-4C83-8C18-63D890856B43::87686006:87784009:9:1257:20261206;StopPoint:OCETGV INOUI-87773200;2026-07-30 11:30:00;0;2026-07-30 11:43:00;600;FR:Line::8EDA0FF6-311A-4C83-8C18-63D890856B43:;000381;OCESN12347F1187_F:OUI:FR:Line::8EDA0FF6-311A-4C83-8C18-63D890856B43::87686006:87784009:9:1257:20261206;12347;0;621;;FR:Line::8EDA0FF6-311A-4C83-8C18-63D890856B43:;1187;631C;Paris - Languedoc Roussillon TGV;;2;;;;StopPoint:OCETGV INOUI-87773200;Sète;;43.41264100;3.696571000;;;0;StopArea:OCE87773200
2026-07-30 12:01:02;OCESN12347F1187_F:OUI:FR:Line::8EDA0FF6-311A-4C83-8C18-63D890856B43::87686006:87784009:9:1257:20261206;StopPoint:OCETGV INOUI-87781278;2026-07-30 11:56:00;600;2026-07-30 11:59:00;600;FR:Line::8EDA0FF6-311A-4C83-8C18-63D890856B43:;000381;OCESN12347F1187_F:OUI:FR:Line::8EDA0FF6-311A-4C83-8C18-63D890856B43::87686006:87784009:9:1257:20261206;12347;0;621;;FR:Line::8EDA0FF6-311A-4C83-8C18-63D890856B43:;1187;631C;Paris - Languedoc Roussillon TGV;;2;;;;StopPoint:OCETGV INOUI-87781278;Agde;;43.31728000;3.466203000;;;0;StopArea:OCE87781278
2026-07-30 12:01:02;OCESN12347F1187_F:OUI:FR:Line::8EDA0FF6-311A-4C83-8C18-63D890856B43::87686006:87784009:9:1257:20261206;StopPoint:OCETGV INOUI-87781005;2026-07-30 12:14:00;600;2026-07-30 12:17:00;600;FR:Line::8EDA0FF6-311A-4C83-8C18-63D890856B43:;000381;OCESN12347F1187_F:OUI:FR:Line::8EDA0FF6-311A-4C83-8C18-63D890856B43::87686006:87784009:9:1257:20261206;12347;0;621;;FR:Line::8EDA0FF6-311A-4C83-8C18-63D890856B43:;1187;631C;Paris - Languedoc Roussillon TGV;;2;;;;StopPoint:OCETGV INOUI-87781005;Béziers;;43.33629500;3.218895000;;;0;StopArea:OCE87781005
2026-07-30 12:01:02;OCESN12347F1187_F:OUI:FR:Line::8EDA0FF6-311A-4C83-8C18-63D890856B43::87686006:87784009:9:1257:20261206;StopPoint:OCETGV INOUI-87781104;2026-07-30 12:31:00;600;2026-07-30 12:34:00;600;FR:Line::8EDA0FF6-311A-4C83-8C18-63D890856B43:;000381;OCESN12347F1187_F:OUI:FR:Line::8EDA0FF6-311A-4C83-8C18-63D890856B43::87686006:87784009:9:1257:20261206;12347;0;621;;FR:Line::8EDA0FF6-311A-4C83-8C18-63D890856B43:;1187;631C;Paris - Languedoc Roussillon TGV;;2;;;;StopPoint:OCETGV INOUI-87781104;Narbonne;;43.19061800;3.005667000;;;0;StopArea:OCE87781104
2026-07-30 12:01:02;OCESN12347F1187_F:OUI:FR:Line::8EDA0FF6-311A-4C83-8C18-63D890856B43::87686006:87784009:9:1257:20261206;StopPoint:OCETGV INOUI-87784009;2026-07-30 13:07:00;600;;;FR:Line::8EDA0FF6-311A-4C83-8C18-63D890856B43:;000381;OCESN12347F1187_F:OUI:FR:Line::8EDA0FF6-311A-4C83-8C18-63D890856B43::87686006:87784009:9:1257:20261206;12347;0;621;;FR:Line::8EDA0FF6-311A-4C83-8C18-63D890856B43:;1187;631C;Paris - Languedoc Roussillon TGV;;2;;;;StopPoint:OCETGV INOUI-87784009;Perpignan;;42.69609600;2.879355000;;;0;StopArea:OCE87784009
2026-07-30 12:01:02;OCESN9713F1187_F:OUI:FR:Line::6667353C-75C7-4A33-8ADE-EBA7FFC003C6::87686006:71718010:12:1432:20260830;StopPoint:OCETGV INOUI-87781005;2026-07-30 12:14:00;600;2026-07-30 12:17:00;600;FR:Line::6667353C-75C7-4A33-8ADE-EBA7FFC003C6:;000357;OCESN9713F1187_F:OUI:FR:Line::6667353C-75C7-4A33-8ADE-EBA7FFC003C6::87686006:71718010:12:1432:20260830;9713;1;48183;;FR:Line::6667353C-75C7-4A33-8ADE-EBA7FFC003C6:;1187;802A;Paris - Espagne TGV;;2;;;;StopPoint:OCETGV INOUI-87781005;Béziers;;43.33629500;3.218895000;;;0;StopArea:OCE87781005
2026-07-30 12:01:02;OCESN9713F1187_F:OUI:FR:Line::6667353C-75C7-4A33-8ADE-EBA7FFC003C6::87686006:71718010:12:1432:20260830;StopPoint:OCETGV INOUI-87781104;2026-07-30 12:31:00;600;2026-07-30 12:34:00;600;FR:Line::6667353C-75C7-4A33-8ADE-EBA7FFC003C6:;000357;OCESN9713F1187_F:OUI:FR:Line::6667353C-75C7-4A33-8ADE-EBA7FFC003C6::87686006:71718010:12:1432:20260830;9713;1;48183;;FR:Line::6667353C-75C7-4A33-8ADE-EBA7FFC003C6:;1187;802A;Paris - Espagne TGV;;2;;;;StopPoint:OCETGV INOUI-87781104;Narbonne;;43.19061800;3.005667000;;;0;StopArea:OCE87781104
2026-07-30 12:01:02;OCESN9713F1187_F:OUI:FR:Line::6667353C-75C7-4A33-8ADE-EBA7FFC003C6::87686006:71718010:12:1432:20260830;StopPoint:OCETGV INOUI-87784009;2026-07-30 13:07:00;600;2026-07-30 13:16:00;600;FR:Line::6667353C-75C7-4A33-8ADE-EBA7FFC003C6:;000357;OCESN9713F1187_F:OUI:FR:Line::6667353C-75C7-4A33-8ADE-EBA7FFC003C6::87686006:71718010:12:1432:20260830;9713;1;48183;;FR:Line::6667353C-75C7-4A33-8ADE-EBA7FFC003C6:;1187;802A;Paris - Espagne TGV;;2;;;;StopPoint:OCETGV INOUI-87784009;Perpignan;;42.69609600;2.879355000;;;0;StopArea:OCE87784009
2026-07-30 12:01:02;OCESN9713F1187_F:OUI:FR:Line::6667353C-75C7-4A33-8ADE-EBA7FFC003C6::87686006:71718010:12:1432:20260830;StopPoint:OCETGV INOUI-71043075;2026-07-30 13:40:00;600;2026-07-30 13:43:00;600;FR:Line::6667353C-75C7-4A33-8ADE-EBA7FFC003C6:;000357;OCESN9713F1187_F:OUI:FR:Line::6667353C-75C7-4A33-8ADE-EBA7FFC003C6::87686006:71718010:12:1432:20260830;9713;1;48183;;FR:Line::6667353C-75C7-4A33-8ADE-EBA7FFC003C6:;1187;802A;Paris - Espagne TGV;;2;;;;StopPoint:OCETGV INOUI-71043075;FIGUERES-VILAFANT;;42.26458100;2.943028000;;;0;StopArea:OCE71043075
2026-07-30 12:01:02;OCESN9713F1187_F:OUI:FR:Line::6667353C-75C7-4A33-8ADE-EBA7FFC003C6::87686006:71718010:12:1432:20260830;StopPoint:OCETGV INOUI-71793000;2026-07-30 13:57:00;600;2026-07-30 14:00:00;600;FR:Line::6667353C-75C7-4A33-8ADE-EBA7FFC003C6:;000357;OCESN9713F1187_F:OUI:FR:Line::6667353C-75C7-4A33-8ADE-EBA7FFC003C6::87686006:71718010:12:1432:20260830;9713;1;48183;;FR:Line::6667353C-75C7-4A33-8ADE-EBA7FFC003C6:;1187;802A;Paris - Espagne TGV;;2;;;;StopPoint:OCETGV INOUI-71793000;GIRONA;;41.97937100;2.816957000;;;0;StopArea:OCE71793000
2026-07-30 12:01:02;OCESN9713F1187_F:OUI:FR:Line::6667353C-75C7-4A33-8ADE-EBA7FFC003C6::87686006:71718010:12:1432:20260830;StopPoint:OCETGV INOUI-71718010;2026-07-30 14:42:00;600;;;FR:Line::6667353C-75C7-4A33-8ADE-EBA7FFC003C6:;000357;OCESN9713F1187_F:OUI:FR:Line::6667353C-75C7-4A33-8ADE-EBA7FFC003C6::87686006:71718010:12:1432:20260830;9713;1;48183;;FR:Line::6667353C-75C7-4A33-8ADE-EBA7FFC003C6:;1187;802A;Paris - Espagne TGV;;2;;;;StopPoint:OCETGV INOUI-71718010;Barcelone-Sants;;41.37896100;2.139834000;;;0;StopArea:OCE71718010
2026-07-30 12:01:02;OCESN6161F1187_F:OUI:FR:Line::3C11D08B-6F1C-416C-A388-63B4074018CB::87686006:87756056:6:1334:20260827;StopPoint:OCETGV INOUI-87755009;2026-07-30 11:41:00;300;2026-07-30 11:45:00;300;FR:Line::3C11D08B-6F1C-416C-A388-63B4074018CB:;001361;OCESN6161F1187_F:OUI:FR:Line::3C11D08B-6F1C-416C-A388-63B4074018CB::87686006:87756056:6:1334:20260827;6161;1;12932;;FR:Line::3C11D08B-6F1C-416C-A388-63B4074018CB:;1187;631A;Paris - Côte d'Azur TGV;;2;;;;StopPoint:OCETGV INOUI-87755009;Toulon;;43.12835300;5.929404000;;;0;StopArea:OCE87755009
2026-07-30 12:01:02;OCESN6161F1187_F:OUI:FR:Line::3C11D08B-6F1C-416C-A388-63B4074018CB::87686006:87756056:6:1334:20260827;StopPoint:OCETGV INOUI-87757526;2026-07-30 12:35:00;300;2026-07-30 12:38:00;300;FR:Line::3C11D08B-6F1C-416C-A388-63B4074018CB:;001361;OCESN6161F1187_F:OUI:FR:Line::3C11D08B-6F1C-416C-A388-63B4074018CB::87686006:87756056:6:1334:20260827;6161;1;12932;;FR:Line::3C11D08B-6F1C-416C-A388-63B4074018CB:;1187;631A;Paris - Côte d'Azur TGV;;2;;;;StopPoint:OCETGV INOUI-87757526;Saint-Raphaël Valescure;;43.42363100;6.769037000;;;0;StopArea:OCE87757526
2026-07-30 12:01:02;OCESN6161F1187_F:OUI:FR:Line::3C11D08B-6F1C-416C-A388-63B4074018CB::87686006:87756056:6:1334:20260827;StopPoint:OCETGV INOUI-87757625;2026-07-30 13:00:00;300;2026-07-30 13:04:00;300;FR:Line::3C11D08B-6F1C-416C-A388-63B4074018CB:;001361;OCESN6161F1187_F:OUI:FR:Line::3C11D08B-6F1C-416C-A388-63B4074018CB::87686006:87756056:6:1334:20260827;6161;1;12932;;FR:Line::3C11D08B-6F1C-416C-A388-63B4074018CB:;1187;631A;Paris - Côte d'Azur TGV;;2;;;;StopPoint:OCETGV INOUI-87757625;Cannes;;43.55390800;7.019711000;;;0;StopArea:OCE87757625
2026-07-30 12:01:02;OCESN6161F1187_F:OUI:FR:Line::3C11D08B-6F1C-416C-A388-63B4074018CB::87686006:87756056:6:1334:20260827;StopPoint:OCETGV INOUI-87757674;2026-07-30 13:12:00;300;2026-07-30 13:15:00;300;FR:Line::3C11D08B-6F1C-416C-A388-63B4074018CB:;001361;OCESN6161F1187_F:OUI:FR:Line::3C11D08B-6F1C-416C-A388-63B4074018CB::87686006:87756056:6:1334:20260827;6161;1;12932;;FR:Line::3C11D08B-6F1C-416C-A388-63B4074018CB:;1187;631A;Paris - Côte d'Azur TGV;;2;;;;StopPoint:OCETGV INOUI-87757674;Antibes;;43.58597100;7.119913000;;;0;StopArea:OCE87757674
2026-07-30 12:01:02;OCESN6161F1187_F:OUI:FR:Line::3C11D08B-6F1C-416C-A388-63B4074018CB::87686006:87756056:6:1334:20260827;StopPoint:OCETGV INOUI-87756056;2026-07-30 13:39:00;300;;;FR:Line::3C11D08B-6F1C-416C-A388-63B4074018CB:;001361;OCESN6161F1187_F:OUI:FR:Line::3C11D08B-6F1C-416C-A388-63B4074018CB::87686006:87756056:6:1334:20260827;6161;1;12932;;FR:Line::3C11D08B-6F1C-416C-A388-63B4074018CB:;1187;631A;Paris - Côte d'Azur TGV;;2;;;;StopPoint:OCETGV INOUI-87756056;Nice-Ville;;43.70455600;7.261904000;;;0;StopArea:OCE87756056
2026-07-30 12:01:02;OCESN6805F1187_F:OUI:FR:Line::237820F0-01B1-49D5-AB3A-3ACA662E322E::87723197:87756056:10:1304:20260827;StopPoint:OCETGV INOUI-87319012;2026-07-30 10:08:00;1200;2026-07-30 10:11:00;1200;FR:Line::237820F0-01B1-49D5-AB3A-3ACA662E322E:;001361;OCESN6805F1187_F:OUI:FR:Line::237820F0-01B1-49D5-AB3A-3ACA662E322E::87723197:87756056:10:1304:20260827;6805;1;13934;;FR:Line::237820F0-01B1-49D5-AB3A-3ACA662E322E:;1187;041F;Lyon - PACA;;2;;;;StopPoint:OCETGV INOUI-87319012;Aix-en-Provence TGV;;43.45523700;5.317534000;;;0;StopArea:OCE87319012
2026-07-30 12:01:02;OCESN6805F1187_F:OUI:FR:Line::237820F0-01B1-49D5-AB3A-3ACA662E322E::87723197:87756056:10:1304:20260827;StopPoint:OCETGV INOUI-87751008;2026-07-30 10:24:00;1200;2026-07-30 10:38:00;1200;FR:Line::237820F0-01B1-49D5-AB3A-3ACA662E322E:;001361;OCESN6805F1187_F:OUI:FR:Line::237820F0-01B1-49D5-AB3A-3ACA662E322E::87723197:87756056:10:1304:20260827;6805;1;13934;;FR:Line::237820F0-01B1-49D5-AB3A-3ACA662E322E:;1187;041F;Lyon - PACA;;2;;;;StopPoint:OCETGV INOUI-87751008;Marseille Saint-Charles;;43.30266600;5.380407000;;;0;StopArea:OCE87751008
2026-07-30 12:01:02;OCESN6805F1187_F:OUI:FR:Line::237820F0-01B1-49D5-AB3A-3ACA662E322E::87723197:87756056:10:1304:20260827;StopPoint:OCETGV INOUI-87755009;2026-07-30 11:27:00;1200;2026-07-30 11:27:00;900;FR:Line::237820F0-01B1-49D5-AB3A-3ACA662E322E:;001361;OCESN6805F1187_F:OUI:FR:Line::237820F0-01B1-49D5-AB3A-3ACA662E322E::87723197:87756056:10:1304:20260827;6805;1;13934;;FR:Line::237820F0-01B1-49D5-AB3A-3ACA662E322E:;1187;041F;Lyon - PACA;;2;;;;StopPoint:OCETGV INOUI-87755009;Toulon;;43.12835300;5.929404000;;;0;StopArea:OCE87755009
2026-07-30 12:01:02;OCESN6805F1187_F:OUI:FR:Line::237820F0-01B1-49D5-AB3A-3ACA662E322E::87723197:87756056:10:1304:20260827;StopPoint:OCETGV INOUI-87757526;2026-07-30 12:22:00;900;2026-07-30 12:25:00;900;FR:Line::237820F0-01B1-49D5-AB3A-3ACA662E322E:;001361;OCESN6805F1187_F:OUI:FR:Line::237820F0-01B1-49D5-AB3A-3ACA662E322E::87723197:87756056:10:1304:20260827;6805;1;13934;;FR:Line::237820F0-01B1-49D5-AB3A-3ACA662E322E:;1187;041F;Lyon - PACA;;2;;;;StopPoint:OCETGV INOUI-87757526;Saint-Raphaël Valescure;;43.42363100;6.769037000;;;0;StopArea:OCE87757526
2026-07-30 12:01:02;OCESN6805F1187_F:OUI:FR:Line::237820F0-01B1-49D5-AB3A-3ACA662E322E::87723197:87756056:10:1304:20260827;StopPoint:OCETGV INOUI-87757625;2026-07-30 12:47:00;900;2026-07-30 12:51:00;900;FR:Line::237820F0-01B1-49D5-AB3A-3ACA662E322E:;001361;OCESN6805F1187_F:OUI:FR:Line::237820F0-01B1-49D5-AB3A-3ACA662E322E::87723197:87756056:10:1304:20260827;6805;1;13934;;FR:Line::237820F0-01B1-49D5-AB3A-3ACA662E322E:;1187;041F;Lyon - PACA;;2;;;;StopPoint:OCETGV INOUI-87757625;Cannes;;43.55390800;7.019711000;;;0;StopArea:OCE87757625
2026-07-30 12:01:02;OCESN6805F1187_F:OUI:FR:Line::237820F0-01B1-49D5-AB3A-3ACA662E322E::87723197:87756056:10:1304:20260827;StopPoint:OCETGV INOUI-87757674;2026-07-30 13:00:00;900;2026-07-30 13:03:00;900;FR:Line::237820F0-01B1-49D5-AB3A-3ACA662E322E:;001361;OCESN6805F1187_F:OUI:FR:Line::237820F0-01B1-49D5-AB3A-3ACA662E322E::87723197:87756056:10:1304:20260827;6805;1;13934;;FR:Line::237820F0-01B1-49D5-AB3A-3ACA662E322E:;1187;041F;Lyon - PACA;;2;;;;StopPoint:OCETGV INOUI-87757674;Antibes;;43.58597100;7.119913000;;;0;StopArea:OCE87757674
2026-07-30 12:01:02;OCESN6805F1187_F:OUI:FR:Line::237820F0-01B1-49D5-AB3A-3ACA662E322E::87723197:87756056:10:1304:20260827;StopPoint:OCETGV INOUI-87756056;2026-07-30 13:19:00;900;;;FR:Line::237820F0-01B1-49D5-AB3A-3ACA662E322E:;001361;OCESN6805F1187_F:OUI:FR:Line::237820F0-01B1-49D5-AB3A-3ACA662E322E::87723197:87756056:10:1304:20260827;6805;1;13934;;FR:Line::237820F0-01B1-49D5-AB3A-3ACA662E322E:;1187;041F;Lyon - PACA;;2;;;;StopPoint:OCETGV INOUI-87756056;Nice-Ville;;43.70455600;7.261904000;;;0;StopArea:OCE87756056
2026-07-30 12:01:02;OCESN9877F1187_F:OUI:FR:Line::19ea029b-6782-421a-8481-7470f5718e47::87192039:87751008:12:1504:20261011;StopPoint:OCETGV INOUI-87182063;2026-07-30 09:58:00;300;2026-07-30 10:01:00;300;FR:Line::19ea029b-6782-421a-8481-7470f5718e47:;009283;OCESN9877F1187_F:OUI:FR:Line::19ea029b-6782-421a-8481-7470f5718e47::87192039:87751008:12:1504:20261011;9877;0;48823;;FR:Line::19ea029b-6782-421a-8481-7470f5718e47:;1187;071A;Lux/Alsace/Loraine - Paca;;2;;;;StopPoint:OCETGV INOUI-87182063;Mulhouse;;47.74269100;7.343160000;;;0;StopArea:OCE87182063
2026-07-30 12:01:02;OCESN9877F1187_F:OUI:FR:Line::19ea029b-6782-421a-8481-7470f5718e47::87192039:87751008:12:1504:20261011;StopPoint:OCETGV INOUI-87300822;2026-07-30 10:24:00;300;2026-07-30 10:26:00;300;FR:Line::19ea029b-6782-421a-8481-7470f5718e47:;009283;OCESN9877F1187_F:OUI:FR:Line::19ea029b-6782-421a-8481-7470f5718e47::87192039:87751008:12:1504:20261011;9877;0;48823;;FR:Line::19ea029b-6782-421a-8481-7470f5718e47:;1187;071A;Lux/Alsace/Loraine - Paca;;2;;;;StopPoint:OCETGV INOUI-87300822;Belfort - Montbéliard TGV;;47.58510500;6.897984000;;;0;StopArea:OCE87300822
2026-07-30 12:01:02;OCESN9877F1187_F:OUI:FR:Line::19ea029b-6782-421a-8481-7470f5718e47::87192039:87751008:12:1504:20261011;StopPoint:OCETGV INOUI-87300863;2026-07-30 10:46:00;300;2026-07-30 10:49:00;300;FR:Line::19ea029b-6782-421a-8481-7470f5718e47:;009283;OCESN9877F1187_F:OUI:FR:Line::19ea029b-6782-421a-8481-7470f5718e47::87192039:87751008:12:1504:20261011;9877;0;48823;;FR:Line::19ea029b-6782-421a-8481-7470f5718e47:;1187;071A;Lux/Alsace/Loraine - Paca;;2;;;;StopPoint:OCETGV INOUI-87300863;Besançon Franche-Comté TGV;;47.30721500;5.953613000;;;0;StopArea:OCE87300863
2026-07-30 12:01:02;OCESN9877F1187_F:OUI:FR:Line::19ea029b-6782-421a-8481-7470f5718e47::87192039:87751008:12:1504:20261011;StopPoint:OCETGV INOUI-87713040;2026-07-30 11:16:00;300;2026-07-30 11:26:00;300;FR:Line::19ea029b-6782-421a-8481-7470f5718e47:;009283;OCESN9877F1187_F:OUI:FR:Line::19ea029b-6782-421a-8481-7470f5718e47::87192039:87751008:12:1504:20261011;9877;0;48823;;FR:Line::19ea029b-6782-421a-8481-7470f5718e47:;1187;071A;Lux/Alsace/Loraine - Paca;;2;;;;StopPoint:OCETGV INOUI-87713040;Dijon;;47.32341100;5.027256000;;;0;StopArea:OCE87713040
2026-07-30 12:01:02;OCESN9877F1187_F:OUI:FR:Line::19ea029b-6782-421a-8481-7470f5718e47::87192039:87751008:12:1504:20261011;StopPoint:OCETGV INOUI-87725689;2026-07-30 12:59:00;2400;2026-07-30 13:02:00;2400;FR:Line::19ea029b-6782-421a-8481-7470f5718e47:;009283;OCESN9877F1187_F:OUI:FR:Line::19ea029b-6782-421a-8481-7470f5718e47::87192039:87751008:12:1504:20261011;9877;0;48823;;FR:Line::19ea029b-6782-421a-8481-7470f5718e47:;1187;071A;Lux/Alsace/Loraine - Paca;;2;;;;StopPoint:OCETGV INOUI-87725689;Mâcon;;46.30257200;4.824887000;;;0;StopArea:OCE87725689
2026-07-30 12:01:02;OCESN9877F1187_F:OUI:FR:Line::19ea029b-6782-421a-8481-7470f5718e47::87192039:87751008:12:1504:20261011;StopPoint:OCETGV INOUI-87723197;2026-07-30 13:29:00;1800;2026-07-30 13:40:00;1800;FR:Line::19ea029b-6782-421a-8481-7470f5718e47:;009283;OCESN9877F1187_F:OUI:FR:Line::19ea029b-6782-421a-8481-7470f5718e47::87192039:87751008:12:1504:20261011;9877;0;48823;;FR:Line::19ea029b-6782-421a-8481-7470f5718e47:;1187;071A;Lux/Alsace/Loraine - Paca;;2;;;;StopPoint:OCETGV INOUI-87723197;Lyon Part Dieu;;45.76059600;4.859409000;;;0;StopArea:OCE87723197
2026-07-30 12:01:02;OCESN9877F1187_F:OUI:FR:Line::19ea029b-6782-421a-8481-7470f5718e47::87192039:87751008:12:1504:20261011;StopPoint:OCETGV INOUI-87763029;2026-07-30 14:15:00;1800;2026-07-30 14:21:00;1800;FR:Line::19ea029b-6782-421a-8481-7470f5718e47:;009283;OCESN9877F1187_F:OUI:FR:Line::19ea029b-6782-421a-8481-7470f5718e47::87192039:87751008:12:1504:20261011;9877;0;48823;;FR:Line::19ea029b-6782-421a-8481-7470f5718e47:;1187;071A;Lux/Alsace/Loraine - Paca;;2;;;;StopPoint:OCETGV INOUI-87763029;Valence TGV Rhône-Alpes Sud;;44.99190700;4.978652000;;;0;StopArea:OCE87763029
2026-07-30 12:01:02;OCESN9877F1187_F:OUI:FR:Line::19ea029b-6782-421a-8481-7470f5718e47::87192039:87751008:12:1504:20261011;StopPoint:OCETGV INOUI-87318964;2026-07-30 14:56:00;1800;2026-07-30 14:59:00;1800;FR:Line::19ea029b-6782-421a-8481-7470f5718e47:;009283;OCESN9877F1187_F:OUI:FR:Line::19ea029b-6782-421a-8481-7470f5718e47::87192039:87751008:12:1504:20261011;9877;0;48823;;FR:Line::19ea029b-6782-421a-8481-7470f5718e47:;1187;071A;Lux/Alsace/Loraine - Paca;;2;;;;StopPoint:OCETGV INOUI-87318964;Avignon TGV;;43.92194000;4.786136000;;;0;StopArea:OCE87318964
2026-07-30 12:01:02;OCESN9877F1187_F:OUI:FR:Line::19ea029b-6782-421a-8481-7470f5718e47::87192039:87751008:12:1504:20261011;StopPoint:OCETGV INOUI-87319012;2026-07-30 15:19:00;1800;2026-07-30 15:22:00;1800;FR:Line::19ea029b-6782-421a-8481-7470f5718e47:;009283;OCESN9877F1187_F:OUI:FR:Line::19ea029b-6782-421a-8481-7470f5718e47::87192039:87751008:12:1504:20261011;9877;0;48823;;FR:Line::19ea029b-6782-421a-8481-7470f5718e47:;1187;071A;Lux/Alsace/Loraine - Paca;;2;;;;StopPoint:OCETGV INOUI-87319012;Aix-en-Provence TGV;;43.45523700;5.317534000;;;0;StopArea:OCE87319012
2026-07-30 12:01:02;OCESN9877F1187_F:OUI:FR:Line::19ea029b-6782-421a-8481-7470f5718e47::87192039:87751008:12:1504:20261011;StopPoint:OCETGV INOUI-87751008;2026-07-30 15:34:00;1800;;;FR:Line::19ea029b-6782-421a-8481-7470f5718e47:;009283;OCESN9877F1187_F:OUI:FR:Line::19ea029b-6782-421a-8481-7470f5718e47::87192039:87751008:12:1504:20261011;9877;0;48823;;FR:Line::19ea029b-6782-421a-8481-7470f5718e47:;1187;071A;Lux/Alsace/Loraine - Paca;;2;;;;StopPoint:OCETGV INOUI-87751008;Marseille Saint-Charles;;43.30266600;5.380407000;;;0;StopArea:OCE87751008
2026-07-30 12:01:02;OCESN12183F1187_F:OUI:FR:Line::19ea029b-6782-421a-8481-7470f5718e47::87751008:87212027:9:1343:20261107;StopPoint:OCETGV INOUI-87319012;2026-07-30 08:28:00;300;2026-07-30 08:31:00;300;FR:Line::19ea029b-6782-421a-8481-7470f5718e47:;000227;OCESN12183F1187_F:OUI:FR:Line::19ea029b-6782-421a-8481-7470f5718e47::87751008:87212027:9:1343:20261107;12183;1;361;;FR:Line::19ea029b-6782-421a-8481-7470f5718e47:;1187;071A;Lux/Alsace/Loraine - Paca;;2;;;;StopPoint:OCETGV INOUI-87319012;Aix-en-Provence TGV;;43.45523700;5.317534000;;;0;StopArea:OCE87319012
2026-07-30 12:01:02;OCESN12183F1187_F:OUI:FR:Line::19ea029b-6782-421a-8481-7470f5718e47::87751008:87212027:9:1343:20261107;StopPoint:OCETGV INOUI-87318964;2026-07-30 08:51:00;300;2026-07-30 08:54:00;300;FR:Line::19ea029b-6782-421a-8481-7470f5718e47:;000227;OCESN12183F1187_F:OUI:FR:Line::19ea029b-6782-421a-8481-7470f5718e47::87751008:87212027:9:1343:20261107;12183;1;361;;FR:Line::19ea029b-6782-421a-8481-7470f5718e47:;1187;071A;Lux/Alsace/Loraine - Paca;;2;;;;StopPoint:OCETGV INOUI-87318964;Avignon TGV;;43.92194000;4.786136000;;;0;StopArea:OCE87318964
2026-07-30 12:01:02;OCESN12183F1187_F:OUI:FR:Line::19ea029b-6782-421a-8481-7470f5718e47::87751008:87212027:9:1343:20261107;StopPoint:OCETGV INOUI-87723197;2026-07-30 09:59:00;300;2026-07-30 10:06:00;300;FR:Line::19ea029b-6782-421a-8481-7470f5718e47:;000227;OCESN12183F1187_F:OUI:FR:Line::19ea029b-6782-421a-8481-7470f5718e47::87751008:87212027:9:1343:20261107;12183;1;361;;FR:Line::19ea029b-6782-421a-8481-7470f5718e47:;1187;071A;Lux/Alsace/Loraine - Paca;;2;;;;StopPoint:OCETGV INOUI-87723197;Lyon Part Dieu;;45.76059600;4.859409000;;;0;StopArea:OCE87723197
2026-07-30 12:01:02;OCESN12183F1187_F:OUI:FR:Line::19ea029b-6782-421a-8481-7470f5718e47::87751008:87212027:9:1343:20261107;StopPoint:OCETGV INOUI-87725002;2026-07-30 11:08:00;300;2026-07-30 11:11:00;300;FR:Line::19ea029b-6782-421a-8481-7470f5718e47:;000227;OCESN12183F1187_F:OUI:FR:Line::19ea029b-6782-421a-8481-7470f5718e47::87751008:87212027:9:1343:20261107;12183;1;361;;FR:Line::19ea029b-6782-421a-8481-7470f5718e47:;1187;071A;Lux/Alsace/Loraine - Paca;;2;;;;StopPoint:OCETGV INOUI-87725002;Chalon-sur-Saône;;46.78162200;4.843479000;;;0;StopArea:OCE87725002
2026-07-30 12:01:02;OCESN12183F1187_F:OUI:FR:Line::19ea029b-6782-421a-8481-7470f5718e47::87751008:87212027:9:1343:20261107;StopPoint:OCETGV INOUI-87300863;2026-07-30 12:06:00;300;2026-07-30 12:08:00;300;FR:Line::19ea029b-6782-421a-8481-7470f5718e47:;000227;OCESN12183F1187_F:OUI:FR:Line::19ea029b-6782-421a-8481-7470f5718e47::87751008:87212027:9:1343:20261107;12183;1;361;;FR:Line::19ea029b-6782-421a-8481-7470f5718e47:;1187;071A;Lux/Alsace/Loraine - Paca;;2;;;;StopPoint:OCETGV INOUI-87300863;Besançon Franche-Comté TGV;;47.30721500;5.953613000;;;0;StopArea:OCE87300863
2026-07-30 12:01:02;OCESN12183F1187_F:OUI:FR:Line::19ea029b-6782-421a-8481-7470f5718e47::87751008:87212027:9:1343:20261107;StopPoint:OCETGV INOUI-87300822;2026-07-30 12:29:00;300;2026-07-30 12:32:00;300;FR:Line::19ea029b-6782-421a-8481-7470f5718e47:;000227;OCESN12183F1187_F:OUI:FR:Line::19ea029b-6782-421a-8481-7470f5718e47::87751008:87212027:9:1343:20261107;12183;1;361;;FR:Line::19ea029b-6782-421a-8481-7470f5718e47:;1187;071A;Lux/Alsace/Loraine - Paca;;2;;;;StopPoint:OCETGV INOUI-87300822;Belfort - Montbéliard TGV;;47.58510500;6.897984000;;;0;StopArea:OCE87300822
2026-07-30 12:01:02;OCESN12183F1187_F:OUI:FR:Line::19ea029b-6782-421a-8481-7470f5718e47::87751008:87212027:9:1343:20261107;StopPoint:OCETGV INOUI-87182063;2026-07-30 12:55:00;300;2026-07-30 12:59:00;300;FR:Line::19ea029b-6782-421a-8481-7470f5718e47:;000227;OCESN12183F1187_F:OUI:FR:Line::19ea029b-6782-421a-8481-7470f5718e47::87751008:87212027:9:1343:20261107;12183;1;361;;FR:Line::19ea029b-6782-421a-8481-7470f5718e47:;1187;071A;Lux/Alsace/Loraine - Paca;;2;;;;StopPoint:OCETGV INOUI-87182063;Mulhouse;;47.74269100;7.343160000;;;0;StopArea:OCE87182063
2026-07-30 12:01:02;OCESN12183F1187_F:OUI:FR:Line::19ea029b-6782-421a-8481-7470f5718e47::87751008:87212027:9:1343:20261107;StopPoint:OCETGV INOUI-87212027;2026-07-30 13:48:00;300;;;FR:Line::19ea029b-6782-421a-8481-7470f5718e47:;000227;OCESN12183F1187_F:OUI:FR:Line::19ea029b-6782-421a-8481-7470f5718e47::87751008:87212027:9:1343:20261107;12183;1;361;;FR:Line::19ea029b-6782-421a-8481-7470f5718e47:;1187;071A;Lux/Alsace/Loraine - Paca;;2;;;;StopPoint:OCETGV INOUI-87212027;Strasbourg;;48.58511000;7.733882000;;;0;StopArea:OCE87212027
2026-07-30 12:01:02;OCESN9812F1187_F:OUI:FR:Line::A6C76228-9224-4C48-8B92-80FC80F093E2::88140010:87773002:8:1402:20260805;StopPoint:OCETGV INOUI-88140010;;;2026-07-30 08:22:00;300;FR:Line::A6C76228-9224-4C48-8B92-80FC80F093E2:;009198;OCESN9812F1187_F:OUI:FR:Line::A6C76228-9224-4C48-8B92-80FC80F093E2::88140010:87773002:8:1402:20260805;9812;0;48391;;FR:Line::A6C76228-9224-4C48-8B92-80FC80F093E2:;1187;001B;Lille - Mediterranee TGV;;2;;;;StopPoint:OCETGV INOUI-88140010;Bruxelles Midi;;50.83600000;4.336000000;;;0;StopArea:OCE88140010
2026-07-30 12:01:02;OCESN9812F1187_F:OUI:FR:Line::A6C76228-9224-4C48-8B92-80FC80F093E2::88140010:87773002:8:1402:20260805;StopPoint:OCETGV INOUI-87223263;2026-07-30 08:56:00;300;2026-07-30 09:06:00;300;FR:Line::A6C76228-9224-4C48-8B92-80FC80F093E2:;009198;OCESN9812F1187_F:OUI:FR:Line::A6C76228-9224-4C48-8B92-80FC80F093E2::88140010:87773002:8:1402:20260805;9812;0;48391;;FR:Line::A6C76228-9224-4C48-8B92-80FC80F093E2:;1187;001B;Lille - Mediterranee TGV;;2;;;;StopPoint:OCETGV INOUI-87223263;Lille Europe;;50.63940000;3.075721000;;;0;StopArea:OCE87223263
2026-07-30 12:01:02;OCESN9812F1187_F:OUI:FR:Line::A6C76228-9224-4C48-8B92-80FC80F093E2::88140010:87773002:8:1402:20260805;StopPoint:OCETGV INOUI-87271494;2026-07-30 09:56:00;300;2026-07-30 10:02:00;300;FR:Line::A6C76228-9224-4C48-8B92-80FC80F093E2:;009198;OCESN9812F1187_F:OUI:FR:Line::A6C76228-9224-4C48-8B92-80FC80F093E2::88140010:87773002:8:1402:20260805;9812;0;48391;;FR:Line::A6C76228-9224-4C48-8B92-80FC80F093E2:;1187;001B;Lille - Mediterranee TGV;;2;;;;StopPoint:OCETGV INOUI-87271494;Aéroport Charles de Gaulle 2 TGV;;49.00361800;2.570812000;;;0;StopArea:OCE87271494
2026-07-30 12:01:02;OCESN9812F1187_F:OUI:FR:Line::A6C76228-9224-4C48-8B92-80FC80F093E2::88140010:87773002:8:1402:20260805;StopPoint:OCETGV INOUI-87111849;2026-07-30 10:13:00;300;2026-07-30 10:18:00;300;FR:Line::A6C76228-9224-4C48-8B92-80FC80F093E2:;009198;OCESN9812F1187_F:OUI:FR:Line::A6C76228-9224-4C48-8B92-80FC80F093E2::88140010:87773002:8:1402:20260805;9812;0;48391;;FR:Line::A6C76228-9224-4C48-8B92-80FC80F093E2:;1187;001B;Lille - Mediterranee TGV;;2;;;;StopPoint:OCETGV INOUI-87111849;Marne-la-Vallée Chessy;;48.86989800;2.782626000;;;0;StopArea:OCE87111849
2026-07-30 12:01:02;OCESN9812F1187_F:OUI:FR:Line::A6C76228-9224-4C48-8B92-80FC80F093E2::88140010:87773002:8:1402:20260805;StopPoint:OCETGV INOUI-87723197;2026-07-30 12:05:00;300;2026-07-30 12:15:00;300;FR:Line::A6C76228-9224-4C48-8B92-80FC80F093E2:;009198;OCESN9812F1187_F:OUI:FR:Line::A6C76228-9224-4C48-8B92-80FC80F093E2::88140010:87773002:8:1402:20260805;9812;0;48391;;FR:Line::A6C76228-9224-4C48-8B92-80FC80F093E2:;1187;001B;Lille - Mediterranee TGV;;2;;;;StopPoint:OCETGV INOUI-87723197;Lyon Part Dieu;;45.76059600;4.859409000;;;0;StopArea:OCE87723197
2026-07-30 12:01:02;OCESN9812F1187_F:OUI:FR:Line::A6C76228-9224-4C48-8B92-80FC80F093E2::88140010:87773002:8:1402:20260805;StopPoint:OCETGV INOUI-87763029;2026-07-30 12:50:00;300;2026-07-30 12:55:00;300;FR:Line::A6C76228-9224-4C48-8B92-80FC80F093E2:;009198;OCESN9812F1187_F:OUI:FR:Line::A6C76228-9224-4C48-8B92-80FC80F093E2::88140010:87773002:8:1402:20260805;9812;0;48391;;FR:Line::A6C76228-9224-4C48-8B92-80FC80F093E2:;1187;001B;Lille - Mediterranee TGV;;2;;;;StopPoint:OCETGV INOUI-87763029;Valence TGV Rhône-Alpes Sud;;44.99190700;4.978652000;;;0;StopArea:OCE87763029
2026-07-30 12:01:02;OCESN9812F1187_F:OUI:FR:Line::A6C76228-9224-4C48-8B92-80FC80F093E2::88140010:87773002:8:1402:20260805;StopPoint:OCETGV INOUI-87775007;2026-07-30 13:39:00;300;2026-07-30 13:42:00;300;FR:Line::A6C76228-9224-4C48-8B92-80FC80F093E2:;009198;OCESN9812F1187_F:OUI:FR:Line::A6C76228-9224-4C48-8B92-80FC80F093E2::88140010:87773002:8:1402:20260805;9812;0;48391;;FR:Line::A6C76228-9224-4C48-8B92-80FC80F093E2:;1187;001B;Lille - Mediterranee TGV;;2;;;;StopPoint:OCETGV INOUI-87775007;Nîmes Centre;;43.83231300;4.365872000;;;0;StopArea:OCE87775007
2026-07-30 12:01:02;OCESN9812F1187_F:OUI:FR:Line::A6C76228-9224-4C48-8B92-80FC80F093E2::88140010:87773002:8:1402:20260805;StopPoint:OCETGV INOUI-87773002;2026-07-30 14:07:00;300;;;FR:Line::A6C76228-9224-4C48-8B92-80FC80F093E2:;009198;OCESN9812F1187_F:OUI:FR:Line::A6C76228-9224-4C48-8B92-80FC80F093E2::88140010:87773002:8:1402:20260805;9812;0;48391;;FR:Line::A6C76228-9224-4C48-8B92-80FC80F093E2:;1187;001B;Lille - Mediterranee TGV;;2;;;;StopPoint:OCETGV INOUI-87773002;Montpellier Saint-Roch;;43.60473800;3.880674000;;;0;StopArea:OCE87773002
2026-07-30 12:01:02;OCESN35091F1187_F:OUI:FR:Line::BAF1DE9A-72EC-4064-8BE9-C4EFF292CB6A::87686006:87751008:4:1159:20260813;StopPoint:OCETGV INOUI-87686006;;;2026-07-30 08:31:00;300;FR:Line::BAF1DE9A-72EC-4064-8BE9-C4EFF292CB6A:;001883;OCESN35091F1187_F:OUI:FR:Line::BAF1DE9A-72EC-4064-8BE9-C4EFF292CB6A::87686006:87751008:4:1159:20260813;35091;1;5984;;FR:Line::BAF1DE9A-72EC-4064-8BE9-C4EFF292CB6A:;1187;631B;Paris - Marseille - Toulon TGV;;2;;;;StopPoint:OCETGV INOUI-87686006;Paris Gare de Lyon Hall 1 - 2;;48.84494500;2.373481000;;;0;StopArea:OCE87686006
2026-07-30 12:01:02;OCESN6112F1187_F:OUI:FR:Line::BAF1DE9A-72EC-4064-8BE9-C4EFF292CB6A::87751008:87686006:4:1222:20261026;StopPoint:OCETGV INOUI-87751008;;;2026-07-30 10:03:00;3600;FR:Line::BAF1DE9A-72EC-4064-8BE9-C4EFF292CB6A:;003239;OCESN6112F1187_F:OUI:FR:Line::BAF1DE9A-72EC-4064-8BE9-C4EFF292CB6A::87751008:87686006:4:1222:20261026;6112;0;12739;;FR:Line::BAF1DE9A-72EC-4064-8BE9-C4EFF292CB6A:;1187;631B;Paris - Marseille - Toulon TGV;;2;;;;StopPoint:OCETGV INOUI-87751008;Marseille Saint-Charles;;43.30266600;5.380407000;;;0;StopArea:OCE87751008
2026-07-30 12:01:02;OCESN6112F1187_F:OUI:FR:Line::BAF1DE9A-72EC-4064-8BE9-C4EFF292CB6A::87751008:87686006:4:1222:20261026;StopPoint:OCETGV INOUI-87319012;2026-07-30 10:15:00;3600;2026-07-30 10:18:00;3600;FR:Line::BAF1DE9A-72EC-4064-8BE9-C4EFF292CB6A:;003239;OCESN6112F1187_F:OUI:FR:Line::BAF1DE9A-72EC-4064-8BE9-C4EFF292CB6A::87751008:87686006:4:1222:20261026;6112;0;12739;;FR:Line::BAF1DE9A-72EC-4064-8BE9-C4EFF292CB6A:;1187;631B;Paris - Marseille - Toulon TGV;;2;;;;StopPoint:OCETGV INOUI-87319012;Aix-en-Provence TGV;;43.45523700;5.317534000;;;0;StopArea:OCE87319012
2026-07-30 12:01:02;OCESN6112F1187_F:OUI:FR:Line::BAF1DE9A-72EC-4064-8BE9-C4EFF292CB6A::87751008:87686006:4:1222:20261026;StopPoint:OCETGV INOUI-87318964;2026-07-30 10:38:00;3600;2026-07-30 10:41:00;3600;FR:Line::BAF1DE9A-72EC-4064-8BE9-C4EFF292CB6A:;003239;OCESN6112F1187_F:OUI:FR:Line::BAF1DE9A-72EC-4064-8BE9-C4EFF292CB6A::87751008:87686006:4:1222:20261026;6112;0;12739;;FR:Line::BAF1DE9A-72EC-4064-8BE9-C4EFF292CB6A:;1187;631B;Paris - Marseille - Toulon TGV;;2;;;;StopPoint:OCETGV INOUI-87318964;Avignon TGV;;43.92194000;4.786136000;;;0;StopArea:OCE87318964
2026-07-30 12:01:02;OCESN6112F1187_F:OUI:FR:Line::BAF1DE9A-72EC-4064-8BE9-C4EFF292CB6A::87751008:87686006:4:1222:20261026;StopPoint:OCETGV INOUI-87686006;2026-07-30 13:22:00;3600;;;FR:Line::BAF1DE9A-72EC-4064-8BE9-C4EFF292CB6A:;003239;OCESN6112F1187_F:OUI:FR:Line::BAF1DE9A-72EC-4064-8BE9-C4EFF292CB6A::87751008:87686006:4:1222:20261026;6112;0;12739;;FR:Line::BAF1DE9A-72EC-4064-8BE9-C4EFF292CB6A:;1187;631B;Paris - Marseille - Toulon TGV;;2;;;;StopPoint:OCETGV INOUI-87686006;Paris Gare de Lyon Hall 1 - 2;;48.84494500;2.373481000;;;0;StopArea:OCE87686006
2026-07-30 12:01:02;OCESN12179F1187_F:OUI:FR:Line::19ea029b-6782-421a-8481-7470f5718e47::87212027:87751008:11:1504:20261108;StopPoint:OCETGV INOUI-87182063;2026-07-30 09:58:00;300;2026-07-30 10:01:00;300;FR:Line::19ea029b-6782-421a-8481-7470f5718e47:;000201;OCESN12179F1187_F:OUI:FR:Line::19ea029b-6782-421a-8481-7470f5718e47::87212027:87751008:11:1504:20261108;12179;0;318;;FR:Line::19ea029b-6782-421a-8481-7470f5718e47:;1187;071A;Lux/Alsace/Loraine - Paca;;2;;;;StopPoint:OCETGV INOUI-87182063;Mulhouse;;47.74269100;7.343160000;;;0;StopArea:OCE87182063
2026-07-30 12:01:02;OCESN12179F1187_F:OUI:FR:Line::19ea029b-6782-421a-8481-7470f5718e47::87212027:87751008:11:1504:20261108;StopPoint:OCETGV INOUI-87300822;2026-07-30 10:24:00;300;2026-07-30 10:26:00;300;FR:Line::19ea029b-6782-421a-8481-7470f5718e47:;000201;OCESN12179F1187_F:OUI:FR:Line::19ea029b-6782-421a-8481-7470f5718e47::87212027:87751008:11:1504:20261108;12179;0;318;;FR:Line::19ea029b-6782-421a-8481-7470f5718e47:;1187;071A;Lux/Alsace/Loraine - Paca;;2;;;;StopPoint:OCETGV INOUI-87300822;Belfort - Montbéliard TGV;;47.58510500;6.897984000;;;0;StopArea:OCE87300822
2026-07-30 12:01:02;OCESN12179F1187_F:OUI:FR:Line::19ea029b-6782-421a-8481-7470f5718e47::87212027:87751008:11:1504:20261108;StopPoint:OCETGV INOUI-87300863;2026-07-30 10:46:00;300;2026-07-30 10:49:00;300;FR:Line::19ea029b-6782-421a-8481-7470f5718e47:;000201;OCESN12179F1187_F:OUI:FR:Line::19ea029b-6782-421a-8481-7470f5718e47::87212027:87751008:11:1504:20261108;12179;0;318;;FR:Line::19ea029b-6782-421a-8481-7470f5718e47:;1187;071A;Lux/Alsace/Loraine - Paca;;2;;;;StopPoint:OCETGV INOUI-87300863;Besançon Franche-Comté TGV;;47.30721500;5.953613000;;;0;StopArea:OCE87300863
2026-07-30 12:01:02;OCESN12179F1187_F:OUI:FR:Line::19ea029b-6782-421a-8481-7470f5718e47::87212027:87751008:11:1504:20261108;StopPoint:OCETGV INOUI-87713040;2026-07-30 11:16:00;300;2026-07-30 11:26:00;300;FR:Line::19ea029b-6782-421a-8481-7470f5718e47:;000201;OCESN12179F1187_F:OUI:FR:Line::19ea029b-6782-421a-8481-7470f5718e47::87212027:87751008:11:1504:20261108;12179;0;318;;FR:Line::19ea029b-6782-421a-8481-7470f5718e47:;1187;071A;Lux/Alsace/Loraine - Paca;;2;;;;StopPoint:OCETGV INOUI-87713040;Dijon;;47.32341100;5.027256000;;;0;StopArea:OCE87713040
2026-07-30 12:01:02;OCESN12179F1187_F:OUI:FR:Line::19ea029b-6782-421a-8481-7470f5718e47::87212027:87751008:11:1504:20261108;StopPoint:OCETGV INOUI-87725689;2026-07-30 12:59:00;2400;2026-07-30 13:02:00;2400;FR:Line::19ea029b-6782-421a-8481-7470f5718e47:;000201;OCESN12179F1187_F:OUI:FR:Line::19ea029b-6782-421a-8481-7470f5718e47::87212027:87751008:11:1504:20261108;12179;0;318;;FR:Line::19ea029b-6782-421a-8481-7470f5718e47:;1187;071A;Lux/Alsace/Loraine - Paca;;2;;;;StopPoint:OCETGV INOUI-87725689;Mâcon;;46.30257200;4.824887000;;;0;StopArea:OCE87725689
2026-07-30 12:01:02;OCESN12179F1187_F:OUI:FR:Line::19ea029b-6782-421a-8481-7470f5718e47::87212027:87751008:11:1504:20261108;StopPoint:OCETGV INOUI-87723197;2026-07-30 13:29:00;1800;2026-07-30 13:40:00;1800;FR:Line::19ea029b-6782-421a-8481-7470f5718e47:;000201;OCESN12179F1187_F:OUI:FR:Line::19ea029b-6782-421a-8481-7470f5718e47::87212027:87751008:11:1504:20261108;12179;0;318;;FR:Line::19ea029b-6782-421a-8481-7470f5718e47:;1187;071A;Lux/Alsace/Loraine - Paca;;2;;;;StopPoint:OCETGV INOUI-87723197;Lyon Part Dieu;;45.76059600;4.859409000;;;0;StopArea:OCE87723197
2026-07-30 12:01:02;OCESN12179F1187_F:OUI:FR:Line::19ea029b-6782-421a-8481-7470f5718e47::87212027:87751008:11:1504:20261108;StopPoint:OCETGV INOUI-87763029;2026-07-30 14:15:00;1800;2026-07-30 14:21:00;1800;FR:Line::19ea029b-6782-421a-8481-7470f5718e47:;000201;OCESN12179F1187_F:OUI:FR:Line::19ea029b-6782-421a-8481-7470f5718e47::87212027:87751008:11:1504:20261108;12179;0;318;;FR:Line::19ea029b-6782-421a-8481-7470f5718e47:;1187;071A;Lux/Alsace/Loraine - Paca;;2;;;;StopPoint:OCETGV INOUI-87763029;Valence TGV Rhône-Alpes Sud;;44.99190700;4.978652000;;;0;StopArea:OCE87763029
2026-07-30 12:01:02;OCESN12179F1187_F:OUI:FR:Line::19ea029b-6782-421a-8481-7470f5718e47::87212027:87751008:11:1504:20261108;StopPoint:OCETGV INOUI-87318964;2026-07-30 14:56:00;1800;2026-07-30 14:59:00;1800;FR:Line::19ea029b-6782-421a-8481-7470f5718e47:;000201;OCESN12179F1187_F:OUI:FR:Line::19ea029b-6782-421a-8481-7470f5718e47::87212027:87751008:11:1504:20261108;12179;0;318;;FR:Line::19ea029b-6782-421a-8481-7470f5718e47:;1187;071A;Lux/Alsace/Loraine - Paca;;2;;;;StopPoint:OCETGV INOUI-87318964;Avignon TGV;;43.92194000;4.786136000;;;0;StopArea:OCE87318964
2026-07-30 12:01:02;OCESN12179F1187_F:OUI:FR:Line::19ea029b-6782-421a-8481-7470f5718e47::87212027:87751008:11:1504:20261108;StopPoint:OCETGV INOUI-87319012;2026-07-30 15:19:00;1800;2026-07-30 15:22:00;1800;FR:Line::19ea029b-6782-421a-8481-7470f5718e47:;000201;OCESN12179F1187_F:OUI:FR:Line::19ea029b-6782-421a-8481-7470f5718e47::87212027:87751008:11:1504:20261108;12179;0;318;;FR:Line::19ea029b-6782-421a-8481-7470f5718e47:;1187;071A;Lux/Alsace/Loraine - Paca;;2;;;;StopPoint:OCETGV INOUI-87319012;Aix-en-Provence TGV;;43.45523700;5.317534000;;;0;StopArea:OCE87319012
2026-07-30 12:01:02;OCESN12179F1187_F:OUI:FR:Line::19ea029b-6782-421a-8481-7470f5718e47::87212027:87751008:11:1504:20261108;StopPoint:OCETGV INOUI-87751008;2026-07-30 15:34:00;1800;;;FR:Line::19ea029b-6782-421a-8481-7470f5718e47:;000201;OCESN12179F1187_F:OUI:FR:Line::19ea029b-6782-421a-8481-7470f5718e47::87212027:87751008:11:1504:20261108;12179;0;318;;FR:Line::19ea029b-6782-421a-8481-7470f5718e47:;1187;071A;Lux/Alsace/Loraine - Paca;;2;;;;StopPoint:OCETGV INOUI-87751008;Marseille Saint-Charles;;43.30266600;5.380407000;;;0;StopArea:OCE87751008
2026-07-30 12:01:02;OCESN12562F1187_F:OUI:FR:Line::A6C76228-9224-4C48-8B92-80FC80F093E2::87688887:87223263:9:1424:20261211;StopPoint:OCETGV INOUI-87723197;2026-07-30 11:00:00;600;2026-07-30 11:10:00;600;FR:Line::A6C76228-9224-4C48-8B92-80FC80F093E2:;000512;OCESN12562F1187_F:OUI:FR:Line::A6C76228-9224-4C48-8B92-80FC80F093E2::87688887:87223263:9:1424:20261211;12562;1;876;;FR:Line::A6C76228-9224-4C48-8B92-80FC80F093E2:;1187;001B;Lille - Mediterranee TGV;;2;;;;StopPoint:OCETGV INOUI-87723197;Lyon Part Dieu;;45.76059600;4.859409000;;;0;StopArea:OCE87723197
2026-07-30 12:01:02;OCESN12562F1187_F:OUI:FR:Line::A6C76228-9224-4C48-8B92-80FC80F093E2::87688887:87223263:9:1424:20261211;StopPoint:OCETGV INOUI-87111849;2026-07-30 12:50:00;300;2026-07-30 12:55:00;300;FR:Line::A6C76228-9224-4C48-8B92-80FC80F093E2:;000512;OCESN12562F1187_F:OUI:FR:Line::A6C76228-9224-4C48-8B92-80FC80F093E2::87688887:87223263:9:1424:20261211;12562;1;876;;FR:Line::A6C76228-9224-4C48-8B92-80FC80F093E2:;1187;001B;Lille - Mediterranee TGV;;2;;;;StopPoint:OCETGV INOUI-87111849;Marne-la-Vallée Chessy;;48.86989800;2.782626000;;;0;StopArea:OCE87111849
2026-07-30 12:01:02;OCESN12562F1187_F:OUI:FR:Line::A6C76228-9224-4C48-8B92-80FC80F093E2::87688887:87223263:9:1424:20261211;StopPoint:OCETGV INOUI-87271494;2026-07-30 13:06:00;300;2026-07-30 13:08:00;0;FR:Line::A6C76228-9224-4C48-8B92-80FC80F093E2:;000512;OCESN12562F1187_F:OUI:FR:Line::A6C76228-9224-4C48-8B92-80FC80F093E2::87688887:87223263:9:1424:20261211;12562;1;876;;FR:Line::A6C76228-9224-4C48-8B92-80FC80F093E2:;1187;001B;Lille - Mediterranee TGV;;2;;;;StopPoint:OCETGV INOUI-87271494;Aéroport Charles de Gaulle 2 TGV;;49.00361800;2.570812000;;;0;StopArea:OCE87271494
2026-07-30 12:01:02;OCESN9862F1187_F:OUI:FR:Line::A6C76228-9224-4C48-8B92-80FC80F093E2::87688887:88140010:10:1526:20261211;StopPoint:OCETGV INOUI-87723197;2026-07-30 11:00:00;600;2026-07-30 11:10:00;600;FR:Line::A6C76228-9224-4C48-8B92-80FC80F093E2:;009251;OCESN9862F1187_F:OUI:FR:Line::A6C76228-9224-4C48-8B92-80FC80F093E2::87688887:88140010:10:1526:20261211;9862;1;48677;;FR:Line::A6C76228-9224-4C48-8B92-80FC80F093E2:;1187;001B;Lille - Mediterranee TGV;;2;;;;StopPoint:OCETGV INOUI-87723197;Lyon Part Dieu;;45.76059600;4.859409000;;;0;StopArea:OCE87723197
2026-07-30 12:01:02;OCESN9862F1187_F:OUI:FR:Line::A6C76228-9224-4C48-8B92-80FC80F093E2::87688887:88140010:10:1526:20261211;StopPoint:OCETGV INOUI-87111849;2026-07-30 12:50:00;300;2026-07-30 12:55:00;300;FR:Line::A6C76228-9224-4C48-8B92-80FC80F093E2:;009251;OCESN9862F1187_F:OUI:FR:Line::A6C76228-9224-4C48-8B92-80FC80F093E2::87688887:88140010:10:1526:20261211;9862;1;48677;;FR:Line::A6C76228-9224-4C48-8B92-80FC80F093E2:;1187;001B;Lille - Mediterranee TGV;;2;;;;StopPoint:OCETGV INOUI-87111849;Marne-la-Vallée Chessy;;48.86989800;2.782626000;;;0;StopArea:OCE87111849
2026-07-30 12:01:02;OCESN9862F1187_F:OUI:FR:Line::A6C76228-9224-4C48-8B92-80FC80F093E2::87688887:88140010:10:1526:20261211;StopPoint:OCETGV INOUI-87271494;2026-07-30 13:06:00;300;2026-07-30 13:08:00;0;FR:Line::A6C76228-9224-4C48-8B92-80FC80F093E2:;009251;OCESN9862F1187_F:OUI:FR:Line::A6C76228-9224-4C48-8B92-80FC80F093E2::87688887:88140010:10:1526:20261211;9862;1;48677;;FR:Line::A6C76228-9224-4C48-8B92-80FC80F093E2:;1187;001B;Lille - Mediterranee TGV;;2;;;;StopPoint:OCETGV INOUI-87271494;Aéroport Charles de Gaulle 2 TGV;;49.00361800;2.570812000;;;0;StopArea:OCE87271494
2026-07-30 12:01:02;OCESN6964F1187_F:OUI:FR:Line::60faff89-b743-4b4b-a86b-3c0537769bfa::87746008:87686006:5:1314:20261026;StopPoint:OCETGV INOUI-87725705;2026-07-30 11:40:00;300;2026-07-30 11:43:00;300;FR:Line::60faff89-b743-4b4b-a86b-3c0537769bfa:;003765;OCESN6964F1187_F:OUI:FR:Line::60faff89-b743-4b4b-a86b-3c0537769bfa::87746008:87686006:5:1314:20261026;6964;0;14528;;FR:Line::60faff89-b743-4b4b-a86b-3c0537769bfa:;1187;621B;Paris - Chambéry - Annecy TGV;;2;;;;StopPoint:OCETGV INOUI-87725705;Mâcon - Loché TGV;;46.28291200;4.778924000;;;0;StopArea:OCE87725705
2026-07-30 12:01:02;OCESN7516F1187_F:OUI:FR:Line::69ABADD2-325C-47DC-BC61-D74DD87C5E3C::87317586:87271007:5:1208:20260814;StopPoint:OCETGV INOUI-87342014;2026-07-30 11:18:00;300;2026-07-30 11:23:00;300;FR:Line::69ABADD2-325C-47DC-BC61-D74DD87C5E3C:;003972;OCESN7516F1187_F:OUI:FR:Line::69ABADD2-325C-47DC-BC61-D74DD87C5E3C::87317586:87271007:5:1208:20260814;7516;0;15485;;FR:Line::69ABADD2-325C-47DC-BC61-D74DD87C5E3C:;1187;261E;Paris - Littoral;;2;;;;StopPoint:OCETGV INOUI-87342014;Arras;;50.28697100;2.781314000;;;0;StopArea:OCE87342014
2026-07-30 12:01:02;OCESN7516F1187_F:OUI:FR:Line::69ABADD2-325C-47DC-BC61-D74DD87C5E3C::87317586:87271007:5:1208:20260814;StopPoint:OCETGV INOUI-87271007;2026-07-30 12:28:00;1200;;;FR:Line::69ABADD2-325C-47DC-BC61-D74DD87C5E3C:;003972;OCESN7516F1187_F:OUI:FR:Line::69ABADD2-325C-47DC-BC61-D74DD87C5E3C::87317586:87271007:5:1208:20260814;7516;0;15485;;FR:Line::69ABADD2-325C-47DC-BC61-D74DD87C5E3C:;1187;261E;Paris - Littoral;;2;;;;StopPoint:OCETGV INOUI-87271007;Paris Gare du Nord;;48.88013600;2.354851000;;;0;StopArea:OCE87271007
2026-07-30 12:01:02;OCESN8913F1187_F:OUI:FR:Line::1F038E5C-9CF4-4BFC-9D55-33F57B4DB04F::87391003:87481788:7:1303:20261026;StopPoint:OCETGV INOUI-87484006;2026-07-30 11:19:00;300;2026-07-30 11:22:00;300;FR:Line::1F038E5C-9CF4-4BFC-9D55-33F57B4DB04F:;009683;OCESN8913F1187_F:OUI:FR:Line::1F038E5C-9CF4-4BFC-9D55-33F57B4DB04F::87391003:87481788:7:1303:20261026;8913;1;45397;;FR:Line::1F038E5C-9CF4-4BFC-9D55-33F57B4DB04F:;1187;411A;Paris - Saint-Nazaire - Le Croisic TGV;;2;;;;StopPoint:OCETGV INOUI-87484006;Angers Saint-Laud;;47.46464900;-0.55677000;;;0;StopArea:OCE87484006
2026-07-30 12:01:02;OCESN8913F1187_F:OUI:FR:Line::1F038E5C-9CF4-4BFC-9D55-33F57B4DB04F::87391003:87481788:7:1303:20261026;StopPoint:OCETGV INOUI-87481002;2026-07-30 11:59:00;300;2026-07-30 12:00:00;0;FR:Line::1F038E5C-9CF4-4BFC-9D55-33F57B4DB04F:;009683;OCESN8913F1187_F:OUI:FR:Line::1F038E5C-9CF4-4BFC-9D55-33F57B4DB04F::87391003:87481788:7:1303:20261026;8913;1;45397;;FR:Line::1F038E5C-9CF4-4BFC-9D55-33F57B4DB04F:;1187;411A;Paris - Saint-Nazaire - Le Croisic TGV;;2;;;;StopPoint:OCETGV INOUI-87481002;Nantes;;47.21749100;-1.54207700;;;0;StopArea:OCE87481002
2026-07-30 12:01:02;OCESN8973F1187_F:OUI:FR:Line::2C32F2C3-282A-4DCA-80AF-1B2FEAA61B11::87391003:87486449:6:1314:20260730;StopPoint:OCETGV INOUI-87484006;2026-07-30 11:19:00;300;2026-07-30 11:22:00;300;FR:Line::2C32F2C3-282A-4DCA-80AF-1B2FEAA61B11:;000349;OCESN8973F1187_F:OUI:FR:Line::2C32F2C3-282A-4DCA-80AF-1B2FEAA61B11::87391003:87486449:6:1314:20260730;8973;1;47032;;FR:Line::2C32F2C3-282A-4DCA-80AF-1B2FEAA61B11:;1187;411B;Paris - Les Sables d'Olonnes TGV;;2;;;;StopPoint:OCETGV INOUI-87484006;Angers Saint-Laud;;47.46464900;-0.55677000;;;0;StopArea:OCE87484006
2026-07-30 12:01:02;OCESN8973F1187_F:OUI:FR:Line::2C32F2C3-282A-4DCA-80AF-1B2FEAA61B11::87391003:87486449:6:1314:20260730;StopPoint:OCETGV INOUI-87481002;2026-07-30 11:59:00;300;2026-07-30 12:05:00;0;FR:Line::2C32F2C3-282A-4DCA-80AF-1B2FEAA61B11:;000349;OCESN8973F1187_F:OUI:FR:Line::2C32F2C3-282A-4DCA-80AF-1B2FEAA61B11::87391003:87486449:6:1314:20260730;8973;1;47032;;FR:Line::2C32F2C3-282A-4DCA-80AF-1B2FEAA61B11:;1187;411B;Paris - Les Sables d'Olonnes TGV;;2;;;;StopPoint:OCETGV INOUI-87481002;Nantes;;47.21749100;-1.54207700;;;0;StopArea:OCE87481002
2026-07-30 12:01:02;OCESN6908F1187_F:OUI:FR:Line::D9F206DE-37B5-4299-A71A-5B4201D0B9F9::87747006:87686006:3:1246:20261026;StopPoint:OCETGV INOUI-87762906;2026-07-30 10:54:00;300;2026-07-30 10:59:00;300;FR:Line::D9F206DE-37B5-4299-A71A-5B4201D0B9F9:;003721;OCESN6908F1187_F:OUI:FR:Line::D9F206DE-37B5-4299-A71A-5B4201D0B9F9::87747006:87686006:3:1246:20261026;6908;0;14391;;FR:Line::D9F206DE-37B5-4299-A71A-5B4201D0B9F9:;1187;621A;Paris - Grenoble TGV;;2;;;;StopPoint:OCETGV INOUI-87762906;Lyon Saint-Exupéry TGV;;45.72110900;5.074969000;;;0;StopArea:OCE87762906
2026-07-30 12:01:02;OCESN6937F1187_F:OUI:FR:Line::60faff89-b743-4b4b-a86b-3c0537769bfa::87686006:87746008:5:1329:20261212;StopPoint:OCETGV INOUI-87725705;2026-07-30 11:25:00;300;2026-07-30 11:28:00;300;FR:Line::60faff89-b743-4b4b-a86b-3c0537769bfa:;003745;OCESN6937F1187_F:OUI:FR:Line::60faff89-b743-4b4b-a86b-3c0537769bfa::87686006:87746008:5:1329:20261212;6937;1;14460;;FR:Line::60faff89-b743-4b4b-a86b-3c0537769bfa:;1187;621B;Paris - Chambéry - Annecy TGV;;2;;;;StopPoint:OCETGV INOUI-87725705;Mâcon - Loché TGV;;46.28291200;4.778924000;;;0;StopArea:OCE87725705
2026-07-30 12:01:02;OCESN6937F1187_F:OUI:FR:Line::60faff89-b743-4b4b-a86b-3c0537769bfa::87686006:87746008:5:1329:20261212;StopPoint:OCETGV INOUI-87741009;2026-07-30 12:40:00;300;2026-07-30 12:53:00;300;FR:Line::60faff89-b743-4b4b-a86b-3c0537769bfa:;003745;OCESN6937F1187_F:OUI:FR:Line::60faff89-b743-4b4b-a86b-3c0537769bfa::87686006:87746008:5:1329:20261212;6937;1;14460;;FR:Line::60faff89-b743-4b4b-a86b-3c0537769bfa:;1187;621B;Paris - Chambéry - Annecy TGV;;2;;;;StopPoint:OCETGV INOUI-87741009;Chambéry - Challes-les-Eaux;;45.57130200;5.919547000;;;0;StopArea:OCE87741009
2026-07-30 12:01:02;OCESN6937F1187_F:OUI:FR:Line::60faff89-b743-4b4b-a86b-3c0537769bfa::87686006:87746008:5:1329:20261212;StopPoint:OCETGV INOUI-87741132;2026-07-30 13:03:00;300;2026-07-30 13:07:00;300;FR:Line::60faff89-b743-4b4b-a86b-3c0537769bfa:;003745;OCESN6937F1187_F:OUI:FR:Line::60faff89-b743-4b4b-a86b-3c0537769bfa::87686006:87746008:5:1329:20261212;6937;1;14460;;FR:Line::60faff89-b743-4b4b-a86b-3c0537769bfa:;1187;621B;Paris - Chambéry - Annecy TGV;;2;;;;StopPoint:OCETGV INOUI-87741132;Aix-les-Bains le Revard;;45.68816100;5.909371000;;;0;StopArea:OCE87741132
2026-07-30 12:01:02;OCESN6937F1187_F:OUI:FR:Line::60faff89-b743-4b4b-a86b-3c0537769bfa::87686006:87746008:5:1329:20261212;StopPoint:OCETGV INOUI-87746008;2026-07-30 13:34:00;300;;;FR:Line::60faff89-b743-4b4b-a86b-3c0537769bfa:;003745;OCESN6937F1187_F:OUI:FR:Line::60faff89-b743-4b4b-a86b-3c0537769bfa::87686006:87746008:5:1329:20261212;6937;1;14460;;FR:Line::60faff89-b743-4b4b-a86b-3c0537769bfa:;1187;621B;Paris - Chambéry - Annecy TGV;;2;;;;StopPoint:OCETGV INOUI-87746008;Annecy;;45.90204700;6.121826000;;;0;StopArea:OCE87746008
2026-07-30 12:01:02;OCESN9247F1187_F:OUI:FR:Line::2FFF7F96-0EBC-4AA1-B417-38EBD492057E::87686006:83016451:7:1653:20261212;StopPoint:OCETGV INOUI-87725705;2026-07-30 11:25:00;300;2026-07-30 11:28:00;300;FR:Line::2FFF7F96-0EBC-4AA1-B417-38EBD492057E:;008927;OCESN9247F1187_F:OUI:FR:Line::2FFF7F96-0EBC-4AA1-B417-38EBD492057E::87686006:83016451:7:1653:20261212;9247;0;47224;;FR:Line::2FFF7F96-0EBC-4AA1-B417-38EBD492057E:;1187;641A;Paris Milan;;2;;;;StopPoint:OCETGV INOUI-87725705;Mâcon - Loché TGV;;46.28291200;4.778924000;;;0;StopArea:OCE87725705
2026-07-30 12:01:02;OCESN9247F1187_F:OUI:FR:Line::2FFF7F96-0EBC-4AA1-B417-38EBD492057E::87686006:83016451:7:1653:20261212;StopPoint:OCETGV INOUI-87741009;2026-07-30 12:40:00;300;2026-07-30 12:49:00;300;FR:Line::2FFF7F96-0EBC-4AA1-B417-38EBD492057E:;008927;OCESN9247F1187_F:OUI:FR:Line::2FFF7F96-0EBC-4AA1-B417-38EBD492057E::87686006:83016451:7:1653:20261212;9247;0;47224;;FR:Line::2FFF7F96-0EBC-4AA1-B417-38EBD492057E:;1187;641A;Paris Milan;;2;;;;StopPoint:OCETGV INOUI-87741009;Chambéry - Challes-les-Eaux;;45.57130200;5.919547000;;;0;StopArea:OCE87741009
2026-07-30 12:01:02;OCESN9247F1187_F:OUI:FR:Line::2FFF7F96-0EBC-4AA1-B417-38EBD492057E::87686006:83016451:7:1653:20261212;StopPoint:OCETGV INOUI-87742007;2026-07-30 13:51:00;300;2026-07-30 14:00:00;300;FR:Line::2FFF7F96-0EBC-4AA1-B417-38EBD492057E:;008927;OCESN9247F1187_F:OUI:FR:Line::2FFF7F96-0EBC-4AA1-B417-38EBD492057E::87686006:83016451:7:1653:20261212;9247;0;47224;;FR:Line::2FFF7F96-0EBC-4AA1-B417-38EBD492057E:;1187;641A;Paris Milan;;2;;;;StopPoint:OCETGV INOUI-87742007;Modane;;45.19355500;6.659139000;;;0;StopArea:OCE87742007
2026-07-30 12:01:02;OCESN9247F1187_F:OUI:FR:Line::2FFF7F96-0EBC-4AA1-B417-38EBD492057E::87686006:83016451:7:1653:20261212;StopPoint:OCETGV INOUI-83002048;2026-07-30 14:26:00;300;2026-07-30 14:28:00;300;FR:Line::2FFF7F96-0EBC-4AA1-B417-38EBD492057E:;008927;OCESN9247F1187_F:OUI:FR:Line::2FFF7F96-0EBC-4AA1-B417-38EBD492057E::87686006:83016451:7:1653:20261212;9247;0;47224;;FR:Line::2FFF7F96-0EBC-4AA1-B417-38EBD492057E:;1187;641A;Paris Milan;;2;;;;StopPoint:OCETGV INOUI-83002048;OULX CESANA CLAVIERE SESTRIERE;;45.03879500;6.831431000;;;0;StopArea:OCE83002048
2026-07-30 12:01:02;OCESN9247F1187_F:OUI:FR:Line::2FFF7F96-0EBC-4AA1-B417-38EBD492057E::87686006:83016451:7:1653:20261212;StopPoint:OCETGV INOUI-83000356;2026-07-30 15:28:00;300;2026-07-30 15:30:00;300;FR:Line::2FFF7F96-0EBC-4AA1-B417-38EBD492057E:;008927;OCESN9247F1187_F:OUI:FR:Line::2FFF7F96-0EBC-4AA1-B417-38EBD492057E::87686006:83016451:7:1653:20261212;9247;0;47224;;FR:Line::2FFF7F96-0EBC-4AA1-B417-38EBD492057E:;1187;641A;Paris Milan;;2;;;;StopPoint:OCETGV INOUI-83000356;Turin Porta Susa;;45.07411800;7.666675000;;;0;StopArea:OCE83000356
2026-07-30 12:01:02;OCESN8445F1187_F:OUI:FR:Line::145aae45-17eb-45b5-b5b4-facb8b6490f3::87391003:87581009:5:1303:20260830;StopPoint:OCETGV INOUI-87583005;2026-07-30 12:25:00;300;2026-07-30 12:29:00;300;FR:Line::145aae45-17eb-45b5-b5b4-facb8b6490f3:;009551;OCESN8445F1187_F:OUI:FR:Line::145aae45-17eb-45b5-b5b4-facb8b6490f3::87391003:87581009:5:1303:20260830;8445;0;22659;;FR:Line::145aae45-17eb-45b5-b5b4-facb8b6490f3:;1187;421H;Paris - Bordeaux;;2;;;;StopPoint:OCETGV INOUI-87583005;Angoulême;;45.65357200;0.164608000;;;0;StopArea:OCE87583005
2026-07-30 12:01:02;OCESN8445F1187_F:OUI:FR:Line::145aae45-17eb-45b5-b5b4-facb8b6490f3::87391003:87581009:5:1303:20260830;StopPoint:OCETGV INOUI-87581009;2026-07-30 13:08:00;300;;;FR:Line::145aae45-17eb-45b5-b5b4-facb8b6490f3:;009551;OCESN8445F1187_F:OUI:FR:Line::145aae45-17eb-45b5-b5b4-facb8b6490f3::87391003:87581009:5:1303:20260830;8445;0;22659;;FR:Line::145aae45-17eb-45b5-b5b4-facb8b6490f3:;1187;421H;Paris - Bordeaux;;2;;;;StopPoint:OCETGV INOUI-87581009;Bordeaux Saint-Jean;;44.82587300;-0.55669700;;;0;StopArea:OCE87581009
2026-07-30 12:01:02;OCESN2356F1187_F:OUI:FR:Line::73D50859-5CA3-42BE-92D2-15B56125EF05::87182014:87113001:3:1237:20260731;StopPoint:OCETGV INOUI-87113001;2026-07-30 12:42:00;300;;;FR:Line::73D50859-5CA3-42BE-92D2-15B56125EF05:;001292;OCESN2356F1187_F:OUI:FR:Line::73D50859-5CA3-42BE-92D2-15B56125EF05::87182014:87113001:3:1237:20260731;2356;1;3664;;FR:Line::73D50859-5CA3-42BE-92D2-15B56125EF05:;1187;807B;Paris - Haut-Rhin TGV;;2;;;;StopPoint:OCETGV INOUI-87113001;Paris Est;;48.87674200;2.358424000;;;0;StopArea:OCE87113001
2026-07-30 12:01:02;OCESN8572F1187_F:OUI:FR:Line::2881AC3D-A347-4440-BEF8-23ACAB159588::87391003:87671008:7:1525:20260730;StopPoint:OCETGV INOUI-87671008;2026-07-30 16:35:00;4200;;;FR:Line::2881AC3D-A347-4440-BEF8-23ACAB159588:;000049;OCESN8572F1187_F:OUI:FR:Line::2881AC3D-A347-4440-BEF8-23ACAB159588::87391003:87671008:7:1525:20260730;8572;1;28021;;FR:Line::2881AC3D-A347-4440-BEF8-23ACAB159588:;1187;421B;Paris - Tarbes TGV;;2;;;;StopPoint:OCETGV INOUI-87671008;Tarbes;;43.23986300;0.069442000;;;0;StopArea:OCE87671008
2026-07-30 12:01:02;OCESN7116F1187_F:OUI:FR:Line::BFA34945-1B58-4DF6-887D-D07AD8DC34B5::87343004:87271007:4:1208:20261212;StopPoint:OCETGV INOUI-87345009;2026-07-30 10:40:00;0;2026-07-30 10:56:00;300;FR:Line::BFA34945-1B58-4DF6-887D-D07AD8DC34B5:;003892;OCESN7116F1187_F:OUI:FR:Line::BFA34945-1B58-4DF6-887D-D07AD8DC34B5::87343004:87271007:4:1208:20261212;7116;0;15089;;FR:Line::BFA34945-1B58-4DF6-887D-D07AD8DC34B5:;1187;261A;Paris - Valenciennes;;2;;;;StopPoint:OCETGV INOUI-87345009;Douai;;50.37167300;3.089958000;;;0;StopArea:OCE87345009
2026-07-30 12:01:02;OCESN7116F1187_F:OUI:FR:Line::BFA34945-1B58-4DF6-887D-D07AD8DC34B5::87343004:87271007:4:1208:20261212;StopPoint:OCETGV INOUI-87342014;2026-07-30 11:11:00;300;2026-07-30 11:23:00;300;FR:Line::BFA34945-1B58-4DF6-887D-D07AD8DC34B5:;003892;OCESN7116F1187_F:OUI:FR:Line::BFA34945-1B58-4DF6-887D-D07AD8DC34B5::87343004:87271007:4:1208:20261212;7116;0;15089;;FR:Line::BFA34945-1B58-4DF6-887D-D07AD8DC34B5:;1187;261A;Paris - Valenciennes;;2;;;;StopPoint:OCETGV INOUI-87342014;Arras;;50.28697100;2.781314000;;;0;StopArea:OCE87342014
2026-07-30 12:01:02;OCESN7116F1187_F:OUI:FR:Line::BFA34945-1B58-4DF6-887D-D07AD8DC34B5::87343004:87271007:4:1208:20261212;StopPoint:OCETGV INOUI-87271007;2026-07-30 12:28:00;1200;;;FR:Line::BFA34945-1B58-4DF6-887D-D07AD8DC34B5:;003892;OCESN7116F1187_F:OUI:FR:Line::BFA34945-1B58-4DF6-887D-D07AD8DC34B5::87343004:87271007:4:1208:20261212;7116;0;15089;;FR:Line::BFA34945-1B58-4DF6-887D-D07AD8DC34B5:;1187;261A;Paris - Valenciennes;;2;;;;StopPoint:OCETGV INOUI-87271007;Paris Gare du Nord;;48.88013600;2.354851000;;;0;StopArea:OCE87271007
2026-07-30 12:01:02;OCESN8486F1187_F:OUI:FR:Line::145aae45-17eb-45b5-b5b4-facb8b6490f3::87581009:87391003:5:1344:20260825;StopPoint:OCETGV INOUI-87575001;2026-07-30 12:14:00;300;2026-07-30 12:19:00;0;FR:Line::145aae45-17eb-45b5-b5b4-facb8b6490f3:;009570;OCESN8486F1187_F:OUI:FR:Line::145aae45-17eb-45b5-b5b4-facb8b6490f3::87581009:87391003:5:1344:20260825;8486;1;24207;;FR:Line::145aae45-17eb-45b5-b5b4-facb8b6490f3:;1187;421H;Paris - Bordeaux;;2;;;;StopPoint:OCETGV INOUI-87575001;Poitiers;;46.58223200;0.333136000;;;0;StopArea:OCE87575001
2026-07-30 12:01:02;OCESN9826F1187_F:OUI:FR:Line::A6C76228-9224-4C48-8B92-80FC80F093E2::88140010:87688887:8:1550:20260804;StopPoint:OCETGV INOUI-87223263;2026-07-30 10:56:00;300;2026-07-30 11:06:00;300;FR:Line::A6C76228-9224-4C48-8B92-80FC80F093E2:;008031;OCESN9826F1187_F:OUI:FR:Line::A6C76228-9224-4C48-8B92-80FC80F093E2::88140010:87688887:8:1550:20260804;9826;0;48407;;FR:Line::A6C76228-9224-4C48-8B92-80FC80F093E2:;1187;001B;Lille - Mediterranee TGV;;2;;;;StopPoint:OCETGV INOUI-87223263;Lille Europe;;50.63940000;3.075721000;;;0;StopArea:OCE87223263
2026-07-30 12:01:02;OCESN9826F1187_F:OUI:FR:Line::A6C76228-9224-4C48-8B92-80FC80F093E2::88140010:87688887:8:1550:20260804;StopPoint:OCETGV INOUI-87271494;2026-07-30 12:02:00;600;2026-07-30 12:08:00;600;FR:Line::A6C76228-9224-4C48-8B92-80FC80F093E2:;008031;OCESN9826F1187_F:OUI:FR:Line::A6C76228-9224-4C48-8B92-80FC80F093E2::88140010:87688887:8:1550:20260804;9826;0;48407;;FR:Line::A6C76228-9224-4C48-8B92-80FC80F093E2:;1187;001B;Lille - Mediterranee TGV;;2;;;;StopPoint:OCETGV INOUI-87271494;Aéroport Charles de Gaulle 2 TGV;;49.00361800;2.570812000;;;0;StopArea:OCE87271494
2026-07-30 12:01:02;OCESN9826F1187_F:OUI:FR:Line::A6C76228-9224-4C48-8B92-80FC80F093E2::88140010:87688887:8:1550:20260804;StopPoint:OCETGV INOUI-87111849;2026-07-30 12:19:00;600;2026-07-30 12:23:00;600;FR:Line::A6C76228-9224-4C48-8B92-80FC80F093E2:;008031;OCESN9826F1187_F:OUI:FR:Line::A6C76228-9224-4C48-8B92-80FC80F093E2::88140010:87688887:8:1550:20260804;9826;0;48407;;FR:Line::A6C76228-9224-4C48-8B92-80FC80F093E2:;1187;001B;Lille - Mediterranee TGV;;2;;;;StopPoint:OCETGV INOUI-87111849;Marne-la-Vallée Chessy;;48.86989800;2.782626000;;;0;StopArea:OCE87111849
2026-07-30 12:01:02;OCESN9826F1187_F:OUI:FR:Line::A6C76228-9224-4C48-8B92-80FC80F093E2::88140010:87688887:8:1550:20260804;StopPoint:OCETGV INOUI-87723197;2026-07-30 14:10:00;600;2026-07-30 14:20:00;600;FR:Line::A6C76228-9224-4C48-8B92-80FC80F093E2:;008031;OCESN9826F1187_F:OUI:FR:Line::A6C76228-9224-4C48-8B92-80FC80F093E2::88140010:87688887:8:1550:20260804;9826;0;48407;;FR:Line::A6C76228-9224-4C48-8B92-80FC80F093E2:;1187;001B;Lille - Mediterranee TGV;;2;;;;StopPoint:OCETGV INOUI-87723197;Lyon Part Dieu;;45.76059600;4.859409000;;;0;StopArea:OCE87723197
2026-07-30 12:01:02;OCESN9826F1187_F:OUI:FR:Line::A6C76228-9224-4C48-8B92-80FC80F093E2::88140010:87688887:8:1550:20260804;StopPoint:OCETGV INOUI-87763029;2026-07-30 14:55:00;600;2026-07-30 15:00:00;600;FR:Line::A6C76228-9224-4C48-8B92-80FC80F093E2:;008031;OCESN9826F1187_F:OUI:FR:Line::A6C76228-9224-4C48-8B92-80FC80F093E2::88140010:87688887:8:1550:20260804;9826;0;48407;;FR:Line::A6C76228-9224-4C48-8B92-80FC80F093E2:;1187;001B;Lille - Mediterranee TGV;;2;;;;StopPoint:OCETGV INOUI-87763029;Valence TGV Rhône-Alpes Sud;;44.99190700;4.978652000;;;0;StopArea:OCE87763029
2026-07-30 12:01:02;OCESN9826F1187_F:OUI:FR:Line::A6C76228-9224-4C48-8B92-80FC80F093E2::88140010:87688887:8:1550:20260804;StopPoint:OCETGV INOUI-87703975;2026-07-30 15:37:00;600;2026-07-30 15:40:00;600;FR:Line::A6C76228-9224-4C48-8B92-80FC80F093E2:;008031;OCESN9826F1187_F:OUI:FR:Line::A6C76228-9224-4C48-8B92-80FC80F093E2::88140010:87688887:8:1550:20260804;9826;0;48407;;FR:Line::A6C76228-9224-4C48-8B92-80FC80F093E2:;1187;001B;Lille - Mediterranee TGV;;2;;;;StopPoint:OCETGV INOUI-87703975;Nîmes Pont du Gard;;43.81680900;4.507678000;;;0;StopArea:OCE87703975
2026-07-30 12:01:02;OCESN9826F1187_F:OUI:FR:Line::A6C76228-9224-4C48-8B92-80FC80F093E2::88140010:87688887:8:1550:20260804;StopPoint:OCETGV INOUI-87688887;2026-07-30 16:00:00;600;;;FR:Line::A6C76228-9224-4C48-8B92-80FC80F093E2:;008031;OCESN9826F1187_F:OUI:FR:Line::A6C76228-9224-4C48-8B92-80FC80F093E2::88140010:87688887:8:1550:20260804;9826;0;48407;;FR:Line::A6C76228-9224-4C48-8B92-80FC80F093E2:;1187;001B;Lille - Mediterranee TGV;;2;;;;StopPoint:OCETGV INOUI-87688887;Montpellier Sud de France;;43.59514600;3.924009000;;;0;StopArea:OCE87688887
2026-07-30 12:01:02;OCESN6850F1187_F:OUI:FR:Line::237820F0-01B1-49D5-AB3A-3ACA662E322E::87751008:87723197:5:1210:20261026;StopPoint:OCETGV INOUI-87319012;2026-07-30 10:42:00;600;2026-07-30 10:45:00;600;FR:Line::237820F0-01B1-49D5-AB3A-3ACA662E322E:;003686;OCESN6850F1187_F:OUI:FR:Line::237820F0-01B1-49D5-AB3A-3ACA662E322E::87751008:87723197:5:1210:20261026;6850;1;14273;;FR:Line::237820F0-01B1-49D5-AB3A-3ACA662E322E:;1187;041F;Lyon - PACA;;2;;;;StopPoint:OCETGV INOUI-87319012;Aix-en-Provence TGV;;43.45523700;5.317534000;;;0;StopArea:OCE87319012
2026-07-30 12:01:02;OCESN6850F1187_F:OUI:FR:Line::237820F0-01B1-49D5-AB3A-3ACA662E322E::87751008:87723197:5:1210:20261026;StopPoint:OCETGV INOUI-87318964;2026-07-30 11:04:00;600;2026-07-30 11:12:00;900;FR:Line::237820F0-01B1-49D5-AB3A-3ACA662E322E:;003686;OCESN6850F1187_F:OUI:FR:Line::237820F0-01B1-49D5-AB3A-3ACA662E322E::87751008:87723197:5:1210:20261026;6850;1;14273;;FR:Line::237820F0-01B1-49D5-AB3A-3ACA662E322E:;1187;041F;Lyon - PACA;;2;;;;StopPoint:OCETGV INOUI-87318964;Avignon TGV;;43.92194000;4.786136000;;;0;StopArea:OCE87318964
2026-07-30 12:01:02;OCESN6850F1187_F:OUI:FR:Line::237820F0-01B1-49D5-AB3A-3ACA662E322E::87751008:87723197:5:1210:20261026;StopPoint:OCETGV INOUI-87763029;2026-07-30 11:43:00;900;2026-07-30 11:46:00;900;FR:Line::237820F0-01B1-49D5-AB3A-3ACA662E322E:;003686;OCESN6850F1187_F:OUI:FR:Line::237820F0-01B1-49D5-AB3A-3ACA662E322E::87751008:87723197:5:1210:20261026;6850;1;14273;;FR:Line::237820F0-01B1-49D5-AB3A-3ACA662E322E:;1187;041F;Lyon - PACA;;2;;;;StopPoint:OCETGV INOUI-87763029;Valence TGV Rhône-Alpes Sud;;44.99190700;4.978652000;;;0;StopArea:OCE87763029
2026-07-30 12:01:02;OCESN6850F1187_F:OUI:FR:Line::237820F0-01B1-49D5-AB3A-3ACA662E322E::87751008:87723197:5:1210:20261026;StopPoint:OCETGV INOUI-87723197;2026-07-30 12:25:00;900;;;FR:Line::237820F0-01B1-49D5-AB3A-3ACA662E322E:;003686;OCESN6850F1187_F:OUI:FR:Line::237820F0-01B1-49D5-AB3A-3ACA662E322E::87751008:87723197:5:1210:20261026;6850;1;14273;;FR:Line::237820F0-01B1-49D5-AB3A-3ACA662E322E:;1187;041F;Lyon - PACA;;2;;;;StopPoint:OCETGV INOUI-87723197;Lyon Part Dieu;;45.76059600;4.859409000;;;0;StopArea:OCE87723197
2026-07-30 12:01:02;OCESN8580F1187_F:OUI:FR:Line::2881AC3D-A347-4440-BEF8-23ACAB159588::87671008:87391003:6:1603:20260730;StopPoint:OCETGV INOUI-87581009;2026-07-30 14:52:00;4200;2026-07-30 14:58:00;4200;FR:Line::2881AC3D-A347-4440-BEF8-23ACAB159588:;000349;OCESN8580F1187_F:OUI:FR:Line::2881AC3D-A347-4440-BEF8-23ACAB159588::87671008:87391003:6:1603:20260730;8580;0;28809;;FR:Line::2881AC3D-A347-4440-BEF8-23ACAB159588:;1187;421B;Paris - Tarbes TGV;;2;;;;StopPoint:OCETGV INOUI-87581009;Bordeaux Saint-Jean;;44.82587300;-0.55669700;;;0;StopArea:OCE87581009
2026-07-30 12:01:02;OCESN8580F1187_F:OUI:FR:Line::2881AC3D-A347-4440-BEF8-23ACAB159588::87671008:87391003:6:1603:20260730;StopPoint:OCETGV INOUI-87391003;2026-07-30 17:13:00;4200;;;FR:Line::2881AC3D-A347-4440-BEF8-23ACAB159588:;000349;OCESN8580F1187_F:OUI:FR:Line::2881AC3D-A347-4440-BEF8-23ACAB159588::87671008:87391003:6:1603:20260730;8580;0;28809;;FR:Line::2881AC3D-A347-4440-BEF8-23ACAB159588:;1187;421B;Paris - Tarbes TGV;;2;;;;StopPoint:OCETGV INOUI-87391003;Paris Montparnasse Hall 1 - 2;;48.84117200;2.320514000;;;0;StopArea:OCE87391003
2026-07-30 12:01:02;OCESN2864F1187_F:OUI:FR:Line::6E3CCD81-9398-44C3-9D79-072A8303E507::87191007:87113001:3:1220:20260830;StopPoint:OCETGV INOUI-87113001;2026-07-30 12:25:00;300;;;FR:Line::6E3CCD81-9398-44C3-9D79-072A8303E507:;001617;OCESN2864F1187_F:OUI:FR:Line::6E3CCD81-9398-44C3-9D79-072A8303E507::87191007:87113001:3:1220:20260830;2864;1;4428;;FR:Line::6E3CCD81-9398-44C3-9D79-072A8303E507:;1187;803B;Paris - Thionville - Luxembourg TGV;;2;;;;StopPoint:OCETGV INOUI-87113001;Paris Est;;48.87674200;2.358424000;;;0;StopArea:OCE87113001
2026-07-30 12:01:02;OCESN6109F1187_F:OUI:FR:Line::BAF1DE9A-72EC-4064-8BE9-C4EFF292CB6A::87686006:87751008:4:1359:20261026;StopPoint:OCETGV INOUI-87686006;;;2026-07-30 11:28:00;3000;FR:Line::BAF1DE9A-72EC-4064-8BE9-C4EFF292CB6A:;003232;OCESN6109F1187_F:OUI:FR:Line::BAF1DE9A-72EC-4064-8BE9-C4EFF292CB6A::87686006:87751008:4:1359:20261026;6109;1;12722;;FR:Line::BAF1DE9A-72EC-4064-8BE9-C4EFF292CB6A:;1187;631B;Paris - Marseille - Toulon TGV;;2;;;;StopPoint:OCETGV INOUI-87686006;Paris Gare de Lyon Hall 1 - 2;;48.84494500;2.373481000;;;0;StopArea:OCE87686006
2026-07-30 12:01:02;OCESN6109F1187_F:OUI:FR:Line::BAF1DE9A-72EC-4064-8BE9-C4EFF292CB6A::87686006:87751008:4:1359:20261026;StopPoint:OCETGV INOUI-87318964;2026-07-30 14:02:00;2700;2026-07-30 14:05:00;2700;FR:Line::BAF1DE9A-72EC-4064-8BE9-C4EFF292CB6A:;003232;OCESN6109F1187_F:OUI:FR:Line::BAF1DE9A-72EC-4064-8BE9-C4EFF292CB6A::87686006:87751008:4:1359:20261026;6109;1;12722;;FR:Line::BAF1DE9A-72EC-4064-8BE9-C4EFF292CB6A:;1187;631B;Paris - Marseille - Toulon TGV;;2;;;;StopPoint:OCETGV INOUI-87318964;Avignon TGV;;43.92194000;4.786136000;;;0;StopArea:OCE87318964
2026-07-30 12:01:02;OCESN6109F1187_F:OUI:FR:Line::BAF1DE9A-72EC-4064-8BE9-C4EFF292CB6A::87686006:87751008:4:1359:20261026;StopPoint:OCETGV INOUI-87319012;2026-07-30 14:26:00;2700;2026-07-30 14:29:00;2700;FR:Line::BAF1DE9A-72EC-4064-8BE9-C4EFF292CB6A:;003232;OCESN6109F1187_F:OUI:FR:Line::BAF1DE9A-72EC-4064-8BE9-C4EFF292CB6A::87686006:87751008:4:1359:20261026;6109;1;12722;;FR:Line::BAF1DE9A-72EC-4064-8BE9-C4EFF292CB6A:;1187;631B;Paris - Marseille - Toulon TGV;;2;;;;StopPoint:OCETGV INOUI-87319012;Aix-en-Provence TGV;;43.45523700;5.317534000;;;0;StopArea:OCE87319012
2026-07-30 12:01:02;OCESN6109F1187_F:OUI:FR:Line::BAF1DE9A-72EC-4064-8BE9-C4EFF292CB6A::87686006:87751008:4:1359:20261026;StopPoint:OCETGV INOUI-87751008;2026-07-30 14:44:00;2700;;;FR:Line::BAF1DE9A-72EC-4064-8BE9-C4EFF292CB6A:;003232;OCESN6109F1187_F:OUI:FR:Line::BAF1DE9A-72EC-4064-8BE9-C4EFF292CB6A::87686006:87751008:4:1359:20261026;6109;1;12722;;FR:Line::BAF1DE9A-72EC-4064-8BE9-C4EFF292CB6A:;1187;631B;Paris - Marseille - Toulon TGV;;2;;;;StopPoint:OCETGV INOUI-87751008;Marseille Saint-Charles;;43.30266600;5.380407000;;;0;StopArea:OCE87751008
2026-07-30 12:01:02;OCESN12215F1187_F:OUI:FR:Line::18B0FAF0-44B1-4D0A-A8AD-2E32B7602EAD::87391003:87471003:2:1225:20261211;StopPoint:OCETGV INOUI-87471003;2026-07-30 12:30:00;300;;;FR:Line::18B0FAF0-44B1-4D0A-A8AD-2E32B7602EAD:;009322;OCESN12215F1187_F:OUI:FR:Line::18B0FAF0-44B1-4D0A-A8AD-2E32B7602EAD::87391003:87471003:2:1225:20261211;12215;1;420;;FR:Line::18B0FAF0-44B1-4D0A-A8AD-2E32B7602EAD:;1187;401D;Paris - Rennes - Saint-Malo - Saint-Brieuc TGV;;2;;;;StopPoint:OCETGV INOUI-87471003;Rennes;;48.10351700;-1.67274400;;;0;StopArea:OCE87471003
2026-07-30 12:01:02;OCESN8615F1187_F:OUI:FR:Line::D6BAEC78-815E-4C9A-BC66-2B9D2C00E41F::87391003:87474007:8:1452:20260730;StopPoint:OCETGV INOUI-87471003;2026-07-30 12:30:00;300;2026-07-30 12:38:00;300;FR:Line::D6BAEC78-815E-4C9A-BC66-2B9D2C00E41F:;000049;OCESN8615F1187_F:OUI:FR:Line::D6BAEC78-815E-4C9A-BC66-2B9D2C00E41F::87391003:87474007:8:1452:20260730;8615;1;32844;;FR:Line::D6BAEC78-815E-4C9A-BC66-2B9D2C00E41F:;1187;401A;Paris - Brest TGV;;2;;;;StopPoint:OCETGV INOUI-87471003;Rennes;;48.10351700;-1.67274400;;;0;StopArea:OCE87471003
2026-07-30 12:01:02;OCESN8615F1187_F:OUI:FR:Line::D6BAEC78-815E-4C9A-BC66-2B9D2C00E41F::87391003:87474007:8:1452:20260730;StopPoint:OCETGV INOUI-87473108;2026-07-30 13:15:00;300;2026-07-30 13:18:00;300;FR:Line::D6BAEC78-815E-4C9A-BC66-2B9D2C00E41F:;000049;OCESN8615F1187_F:OUI:FR:Line::D6BAEC78-815E-4C9A-BC66-2B9D2C00E41F::87391003:87474007:8:1452:20260730;8615;1;32844;;FR:Line::D6BAEC78-815E-4C9A-BC66-2B9D2C00E41F:;1187;401A;Paris - Brest TGV;;2;;;;StopPoint:OCETGV INOUI-87473108;Lamballe;;48.46606000;-2.51154600;;;0;StopArea:OCE87473108
2026-07-30 12:01:02;OCESN8615F1187_F:OUI:FR:Line::D6BAEC78-815E-4C9A-BC66-2B9D2C00E41F::87391003:87474007:8:1452:20260730;StopPoint:OCETGV INOUI-87473009;2026-07-30 13:28:00;300;2026-07-30 13:31:00;300;FR:Line::D6BAEC78-815E-4C9A-BC66-2B9D2C00E41F:;000049;OCESN8615F1187_F:OUI:FR:Line::D6BAEC78-815E-4C9A-BC66-2B9D2C00E41F::87391003:87474007:8:1452:20260730;8615;1;32844;;FR:Line::D6BAEC78-815E-4C9A-BC66-2B9D2C00E41F:;1187;401A;Paris - Brest TGV;;2;;;;StopPoint:OCETGV INOUI-87473009;Saint-Brieuc;;48.50758000;-2.76500000;;;0;StopArea:OCE87473009
2026-07-30 12:01:02;OCESN8615F1187_F:OUI:FR:Line::D6BAEC78-815E-4C9A-BC66-2B9D2C00E41F::87391003:87474007:8:1452:20260730;StopPoint:OCETGV INOUI-87473207;2026-07-30 13:45:00;300;2026-07-30 13:49:00;300;FR:Line::D6BAEC78-815E-4C9A-BC66-2B9D2C00E41F:;000049;OCESN8615F1187_F:OUI:FR:Line::D6BAEC78-815E-4C9A-BC66-2B9D2C00E41F::87391003:87474007:8:1452:20260730;8615;1;32844;;FR:Line::D6BAEC78-815E-4C9A-BC66-2B9D2C00E41F:;1187;401A;Paris - Brest TGV;;2;;;;StopPoint:OCETGV INOUI-87473207;Guingamp;;48.55565900;-3.14334300;;;0;StopArea:OCE87473207
2026-07-30 12:01:02;OCESN8615F1187_F:OUI:FR:Line::D6BAEC78-815E-4C9A-BC66-2B9D2C00E41F::87391003:87474007:8:1452:20260730;StopPoint:OCETGV INOUI-87473181;2026-07-30 14:02:00;300;2026-07-30 14:04:00;300;FR:Line::D6BAEC78-815E-4C9A-BC66-2B9D2C00E41F:;000049;OCESN8615F1187_F:OUI:FR:Line::D6BAEC78-815E-4C9A-BC66-2B9D2C00E41F::87391003:87474007:8:1452:20260730;8615;1;32844;;FR:Line::D6BAEC78-815E-4C9A-BC66-2B9D2C00E41F:;1187;401A;Paris - Brest TGV;;2;;;;StopPoint:OCETGV INOUI-87473181;Plouaret Trégor;;48.60642200;-3.46697900;;;0;StopArea:OCE87473181
2026-07-30 12:01:02;OCESN8615F1187_F:OUI:FR:Line::D6BAEC78-815E-4C9A-BC66-2B9D2C00E41F::87391003:87474007:8:1452:20260730;StopPoint:OCETGV INOUI-87474338;2026-07-30 14:20:00;300;2026-07-30 14:23:00;300;FR:Line::D6BAEC78-815E-4C9A-BC66-2B9D2C00E41F:;000049;OCESN8615F1187_F:OUI:FR:Line::D6BAEC78-815E-4C9A-BC66-2B9D2C00E41F::87391003:87474007:8:1452:20260730;8615;1;32844;;FR:Line::D6BAEC78-815E-4C9A-BC66-2B9D2C00E41F:;1187;401A;Paris - Brest TGV;;2;;;;StopPoint:OCETGV INOUI-87474338;Morlaix;;48.57797000;-3.83251400;;;0;StopArea:OCE87474338
2026-07-30 12:01:02;OCESN8615F1187_F:OUI:FR:Line::D6BAEC78-815E-4C9A-BC66-2B9D2C00E41F::87391003:87474007:8:1452:20260730;StopPoint:OCETGV INOUI-87474007;2026-07-30 14:57:00;300;;;FR:Line::D6BAEC78-815E-4C9A-BC66-2B9D2C00E41F:;000049;OCESN8615F1187_F:OUI:FR:Line::D6BAEC78-815E-4C9A-BC66-2B9D2C00E41F::87391003:87474007:8:1452:20260730;8615;1;32844;;FR:Line::D6BAEC78-815E-4C9A-BC66-2B9D2C00E41F:;1187;401A;Paris - Brest TGV;;2;;;;StopPoint:OCETGV INOUI-87474007;Brest;;48.38762000;-4.48030600;;;0;StopArea:OCE87474007
2026-07-30 12:01:02;OCESN12526F1187_F:OUI:FR:Line::58E6B1CC-5FD9-4B7D-93CA-05062BA23E9C::87223263:87723197:4:1400:20260816;StopPoint:OCETGV INOUI-87271494;2026-07-30 12:02:00;600;2026-07-30 12:08:00;600;FR:Line::58E6B1CC-5FD9-4B7D-93CA-05062BA23E9C:;000467;OCESN12526F1187_F:OUI:FR:Line::58E6B1CC-5FD9-4B7D-93CA-05062BA23E9C::87223263:87723197:4:1400:20260816;12526;0;793;;FR:Line::58E6B1CC-5FD9-4B7D-93CA-05062BA23E9C:;1187;001A;Lille Lyon TGV;;2;;;;StopPoint:OCETGV INOUI-87271494;Aéroport Charles de Gaulle 2 TGV;;49.00361800;2.570812000;;;0;StopArea:OCE87271494
2026-07-30 12:01:02;OCESN12526F1187_F:OUI:FR:Line::58E6B1CC-5FD9-4B7D-93CA-05062BA23E9C::87223263:87723197:4:1400:20260816;StopPoint:OCETGV INOUI-87111849;2026-07-30 12:19:00;600;2026-07-30 12:23:00;600;FR:Line::58E6B1CC-5FD9-4B7D-93CA-05062BA23E9C:;000467;OCESN12526F1187_F:OUI:FR:Line::58E6B1CC-5FD9-4B7D-93CA-05062BA23E9C::87223263:87723197:4:1400:20260816;12526;0;793;;FR:Line::58E6B1CC-5FD9-4B7D-93CA-05062BA23E9C:;1187;001A;Lille Lyon TGV;;2;;;;StopPoint:OCETGV INOUI-87111849;Marne-la-Vallée Chessy;;48.86989800;2.782626000;;;0;StopArea:OCE87111849
2026-07-30 12:01:02;OCESN12526F1187_F:OUI:FR:Line::58E6B1CC-5FD9-4B7D-93CA-05062BA23E9C::87223263:87723197:4:1400:20260816;StopPoint:OCETGV INOUI-87723197;2026-07-30 14:10:00;600;;;FR:Line::58E6B1CC-5FD9-4B7D-93CA-05062BA23E9C:;000467;OCESN12526F1187_F:OUI:FR:Line::58E6B1CC-5FD9-4B7D-93CA-05062BA23E9C::87223263:87723197:4:1400:20260816;12526;0;793;;FR:Line::58E6B1CC-5FD9-4B7D-93CA-05062BA23E9C:;1187;001A;Lille Lyon TGV;;2;;;;StopPoint:OCETGV INOUI-87723197;Lyon Part Dieu;;45.76059600;4.859409000;;;0;StopArea:OCE87723197
2026-07-30 12:01:02;OCESN6616F1187_F:OUI:FR:Line::5B76AFB9-244D-4AC6-9720-8142DC7F6A91::87722025:87686006:3:1330:20261211;StopPoint:OCETGV INOUI-87686006;2026-07-30 13:35:00;300;;;FR:Line::5B76AFB9-244D-4AC6-9720-8142DC7F6A91:;003516;OCESN6616F1187_F:OUI:FR:Line::5B76AFB9-244D-4AC6-9720-8142DC7F6A91::87722025:87686006:3:1330:20261211;6616;1;13511;;FR:Line::5B76AFB9-244D-4AC6-9720-8142DC7F6A91:;1187;601A;Paris - Lyon TGV;;2;;;;StopPoint:OCETGV INOUI-87686006;Paris Gare de Lyon Hall 1 - 2;;48.84494500;2.373481000;;;0;StopArea:OCE87686006
2026-07-30 12:01:02;OCESN7032F1187_F:OUI:FR:Line::E6272550-D202-4E52-BFC9-76BDC96ADEE7::87286005:87271007:2:1244:20260813;StopPoint:OCETGV INOUI-87271007;2026-07-30 12:59:00;900;;;FR:Line::E6272550-D202-4E52-BFC9-76BDC96ADEE7:;002743;OCESN7032F1187_F:OUI:FR:Line::E6272550-D202-4E52-BFC9-76BDC96ADEE7::87286005:87271007:2:1244:20260813;7032;0;14735;;FR:Line::E6272550-D202-4E52-BFC9-76BDC96ADEE7:;1187;251A;Paris - Lille;;2;;;;StopPoint:OCETGV INOUI-87271007;Paris Gare du Nord;;48.88013600;2.354851000;;;0;StopArea:OCE87271007
2026-07-30 12:01:02;OCESN6823F1187_F:OUI:FR:Line::2AA7BAB5-03F9-465F-A91C-947819FBBB7D::87723197:87611004:8:1620:20261211;StopPoint:OCETGV INOUI-87723197;;;2026-07-30 12:15:00;300;FR:Line::2AA7BAB5-03F9-465F-A91C-947819FBBB7D:;003666;OCESN6823F1187_F:OUI:FR:Line::2AA7BAB5-03F9-465F-A91C-947819FBBB7D::87723197:87611004:8:1620:20261211;6823;0;14088;;FR:Line::2AA7BAB5-03F9-465F-A91C-947819FBBB7D:;1187;041G;Lyon - LR;;2;;;;StopPoint:OCETGV INOUI-87723197;Lyon Part Dieu;;45.76059600;4.859409000;;;0;StopArea:OCE87723197
2026-07-30 12:01:02;OCESN6823F1187_F:OUI:FR:Line::2AA7BAB5-03F9-465F-A91C-947819FBBB7D::87723197:87611004:8:1620:20261211;StopPoint:OCETGV INOUI-87763029;2026-07-30 12:50:00;300;2026-07-30 12:55:00;300;FR:Line::2AA7BAB5-03F9-465F-A91C-947819FBBB7D:;003666;OCESN6823F1187_F:OUI:FR:Line::2AA7BAB5-03F9-465F-A91C-947819FBBB7D::87723197:87611004:8:1620:20261211;6823;0;14088;;FR:Line::2AA7BAB5-03F9-465F-A91C-947819FBBB7D:;1187;041G;Lyon - LR;;2;;;;StopPoint:OCETGV INOUI-87763029;Valence TGV Rhône-Alpes Sud;;44.99190700;4.978652000;;;0;StopArea:OCE87763029
2026-07-30 12:01:02;OCESN6823F1187_F:OUI:FR:Line::2AA7BAB5-03F9-465F-A91C-947819FBBB7D::87723197:87611004:8:1620:20261211;StopPoint:OCETGV INOUI-87775007;2026-07-30 13:39:00;300;2026-07-30 13:42:00;300;FR:Line::2AA7BAB5-03F9-465F-A91C-947819FBBB7D:;003666;OCESN6823F1187_F:OUI:FR:Line::2AA7BAB5-03F9-465F-A91C-947819FBBB7D::87723197:87611004:8:1620:20261211;6823;0;14088;;FR:Line::2AA7BAB5-03F9-465F-A91C-947819FBBB7D:;1187;041G;Lyon - LR;;2;;;;StopPoint:OCETGV INOUI-87775007;Nîmes Centre;;43.83231300;4.365872000;;;0;StopArea:OCE87775007
2026-07-30 12:01:02;OCESN6823F1187_F:OUI:FR:Line::2AA7BAB5-03F9-465F-A91C-947819FBBB7D::87723197:87611004:8:1620:20261211;StopPoint:OCETGV INOUI-87773002;2026-07-30 14:07:00;300;2026-07-30 14:14:00;300;FR:Line::2AA7BAB5-03F9-465F-A91C-947819FBBB7D:;003666;OCESN6823F1187_F:OUI:FR:Line::2AA7BAB5-03F9-465F-A91C-947819FBBB7D::87723197:87611004:8:1620:20261211;6823;0;14088;;FR:Line::2AA7BAB5-03F9-465F-A91C-947819FBBB7D:;1187;041G;Lyon - LR;;2;;;;StopPoint:OCETGV INOUI-87773002;Montpellier Saint-Roch;;43.60473800;3.880674000;;;0;StopArea:OCE87773002
2026-07-30 12:01:02;OCESN6823F1187_F:OUI:FR:Line::2AA7BAB5-03F9-465F-A91C-947819FBBB7D::87723197:87611004:8:1620:20261211;StopPoint:OCETGV INOUI-87781005;2026-07-30 14:51:00;300;2026-07-30 14:54:00;300;FR:Line::2AA7BAB5-03F9-465F-A91C-947819FBBB7D:;003666;OCESN6823F1187_F:OUI:FR:Line::2AA7BAB5-03F9-465F-A91C-947819FBBB7D::87723197:87611004:8:1620:20261211;6823;0;14088;;FR:Line::2AA7BAB5-03F9-465F-A91C-947819FBBB7D:;1187;041G;Lyon - LR;;2;;;;StopPoint:OCETGV INOUI-87781005;Béziers;;43.33629500;3.218895000;;;0;StopArea:OCE87781005
2026-07-30 12:01:02;OCESN6823F1187_F:OUI:FR:Line::2AA7BAB5-03F9-465F-A91C-947819FBBB7D::87723197:87611004:8:1620:20261211;StopPoint:OCETGV INOUI-87781104;2026-07-30 15:08:00;300;2026-07-30 15:11:00;300;FR:Line::2AA7BAB5-03F9-465F-A91C-947819FBBB7D:;003666;OCESN6823F1187_F:OUI:FR:Line::2AA7BAB5-03F9-465F-A91C-947819FBBB7D::87723197:87611004:8:1620:20261211;6823;0;14088;;FR:Line::2AA7BAB5-03F9-465F-A91C-947819FBBB7D:;1187;041G;Lyon - LR;;2;;;;StopPoint:OCETGV INOUI-87781104;Narbonne;;43.19061800;3.005667000;;;0;StopArea:OCE87781104
2026-07-30 12:01:02;OCESN6823F1187_F:OUI:FR:Line::2AA7BAB5-03F9-465F-A91C-947819FBBB7D::87723197:87611004:8:1620:20261211;StopPoint:OCETGV INOUI-87615286;2026-07-30 15:39:00;300;2026-07-30 15:42:00;300;FR:Line::2AA7BAB5-03F9-465F-A91C-947819FBBB7D:;003666;OCESN6823F1187_F:OUI:FR:Line::2AA7BAB5-03F9-465F-A91C-947819FBBB7D::87723197:87611004:8:1620:20261211;6823;0;14088;;FR:Line::2AA7BAB5-03F9-465F-A91C-947819FBBB7D:;1187;041G;Lyon - LR;;2;;;;StopPoint:OCETGV INOUI-87615286;Carcassonne;;43.21802900;2.351824000;;;0;StopArea:OCE87615286
2026-07-30 12:01:02;OCESN6823F1187_F:OUI:FR:Line::2AA7BAB5-03F9-465F-A91C-947819FBBB7D::87723197:87611004:8:1620:20261211;StopPoint:OCETGV INOUI-87611004;2026-07-30 16:25:00;300;;;FR:Line::2AA7BAB5-03F9-465F-A91C-947819FBBB7D:;003666;OCESN6823F1187_F:OUI:FR:Line::2AA7BAB5-03F9-465F-A91C-947819FBBB7D::87723197:87611004:8:1620:20261211;6823;0;14088;;FR:Line::2AA7BAB5-03F9-465F-A91C-947819FBBB7D:;1187;041G;Lyon - LR;;2;;;;StopPoint:OCETGV INOUI-87611004;Toulouse Matabiau;;43.61120600;1.453616000;;;0;StopArea:OCE87611004
2026-07-30 12:01:02;OCESN8582F1187_F:OUI:FR:Line::2881AC3D-A347-4440-BEF8-23ACAB159588::87671008:87391003:7:1756:20260730;StopPoint:OCETGV INOUI-87581009;2026-07-30 16:50:00;4200;2026-07-30 16:56:00;4200;FR:Line::2881AC3D-A347-4440-BEF8-23ACAB159588:;000049;OCESN8582F1187_F:OUI:FR:Line::2881AC3D-A347-4440-BEF8-23ACAB159588::87671008:87391003:7:1756:20260730;8582;0;29040;;FR:Line::2881AC3D-A347-4440-BEF8-23ACAB159588:;1187;421B;Paris - Tarbes TGV;;2;;;;StopPoint:OCETGV INOUI-87581009;Bordeaux Saint-Jean;;44.82587300;-0.55669700;;;0;StopArea:OCE87581009
2026-07-30 12:01:02;OCESN8582F1187_F:OUI:FR:Line::2881AC3D-A347-4440-BEF8-23ACAB159588::87671008:87391003:7:1756:20260730;StopPoint:OCETGV INOUI-87391003;2026-07-30 19:06:00;4200;;;FR:Line::2881AC3D-A347-4440-BEF8-23ACAB159588:;000049;OCESN8582F1187_F:OUI:FR:Line::2881AC3D-A347-4440-BEF8-23ACAB159588::87671008:87391003:7:1756:20260730;8582;0;29040;;FR:Line::2881AC3D-A347-4440-BEF8-23ACAB159588:;1187;421B;Paris - Tarbes TGV;;2;;;;StopPoint:OCETGV INOUI-87391003;Paris Montparnasse Hall 1 - 2;;48.84117200;2.320514000;;;0;StopArea:OCE87391003
2026-07-30 12:15:43;OCESN5521F1187_F:OUI:FR:Line::4FA25873-A63A-4A2D-B62F-EF950E45D8A9::87192039:87773002:11:1252:20261212;StopPoint:OCETGV INOUI-87725002;2026-07-30 12:14:00;8400;2026-07-30 12:17:00;8400;FR:Line::4FA25873-A63A-4A2D-B62F-EF950E45D8A9:;003038;OCESN5521F1187_F:OUI:FR:Line::4FA25873-A63A-4A2D-B62F-EF950E45D8A9::87192039:87773002:11:1252:20261212;5521;1;12122;;FR:Line::4FA25873-A63A-4A2D-B62F-EF950E45D8A9:;1187;071B;Lux/Alsace/Loraine - LR;;2;;;;StopPoint:OCETGV INOUI-87725002;Chalon-sur-Saône;;46.78162200;4.843479000;;;0;StopArea:OCE87725002
2026-07-30 12:15:43;OCESN5521F1187_F:OUI:FR:Line::4FA25873-A63A-4A2D-B62F-EF950E45D8A9::87192039:87773002:11:1252:20261212;StopPoint:OCETGV INOUI-87723197;2026-07-30 13:09:00;7800;2026-07-30 13:15:00;7800;FR:Line::4FA25873-A63A-4A2D-B62F-EF950E45D8A9:;003038;OCESN5521F1187_F:OUI:FR:Line::4FA25873-A63A-4A2D-B62F-EF950E45D8A9::87192039:87773002:11:1252:20261212;5521;1;12122;;FR:Line::4FA25873-A63A-4A2D-B62F-EF950E45D8A9:;1187;071B;Lux/Alsace/Loraine - LR;;2;;;;StopPoint:OCETGV INOUI-87723197;Lyon Part Dieu;;45.76059600;4.859409000;;;0;StopArea:OCE87723197
2026-07-30 12:15:43;OCESN5521F1187_F:OUI:FR:Line::4FA25873-A63A-4A2D-B62F-EF950E45D8A9::87192039:87773002:11:1252:20261212;StopPoint:OCETGV INOUI-87775007;2026-07-30 14:32:00;7800;2026-07-30 14:35:00;7800;FR:Line::4FA25873-A63A-4A2D-B62F-EF950E45D8A9:;003038;OCESN5521F1187_F:OUI:FR:Line::4FA25873-A63A-4A2D-B62F-EF950E45D8A9::87192039:87773002:11:1252:20261212;5521;1;12122;;FR:Line::4FA25873-A63A-4A2D-B62F-EF950E45D8A9:;1187;071B;Lux/Alsace/Loraine - LR;;2;;;;StopPoint:OCETGV INOUI-87775007;Nîmes Centre;;43.83231300;4.365872000;;;0;StopArea:OCE87775007
2026-07-30 12:15:43;OCESN5521F1187_F:OUI:FR:Line::4FA25873-A63A-4A2D-B62F-EF950E45D8A9::87192039:87773002:11:1252:20261212;StopPoint:OCETGV INOUI-87773002;2026-07-30 15:02:00;7800;;;FR:Line::4FA25873-A63A-4A2D-B62F-EF950E45D8A9:;003038;OCESN5521F1187_F:OUI:FR:Line::4FA25873-A63A-4A2D-B62F-EF950E45D8A9::87192039:87773002:11:1252:20261212;5521;1;12122;;FR:Line::4FA25873-A63A-4A2D-B62F-EF950E45D8A9:;1187;071B;Lux/Alsace/Loraine - LR;;2;;;;StopPoint:OCETGV INOUI-87773002;Montpellier Saint-Roch;;43.60473800;3.880674000;;;0;StopArea:OCE87773002
2026-07-30 12:15:43;OCESN8571F1187_F:OUI:FR:Line::2881AC3D-A347-4440-BEF8-23ACAB159588::87391003:87671008:4:1151:20260730;StopPoint:OCETGV INOUI-87581009;2026-07-30 08:58:00;600;2026-07-30 08:59:00;300;FR:Line::2881AC3D-A347-4440-BEF8-23ACAB159588:;000049;OCESN8571F1187_F:OUI:FR:Line::2881AC3D-A347-4440-BEF8-23ACAB159588::87391003:87671008:4:1151:20260730;8571;1;27919;;FR:Line::2881AC3D-A347-4440-BEF8-23ACAB159588:;1187;421B;Paris - Tarbes TGV;;2;;;;StopPoint:OCETGV INOUI-87581009;Bordeaux Saint-Jean;;44.82587300;-0.55669700;;;0;StopArea:OCE87581009
2026-07-30 12:15:43;OCESN8571F1187_F:OUI:FR:Line::2881AC3D-A347-4440-BEF8-23ACAB159588::87391003:87671008:4:1151:20260730;StopPoint:OCETGV INOUI-87671008;2026-07-30 12:41:00;3000;;;FR:Line::2881AC3D-A347-4440-BEF8-23ACAB159588:;000049;OCESN8571F1187_F:OUI:FR:Line::2881AC3D-A347-4440-BEF8-23ACAB159588::87391003:87671008:4:1151:20260730;8571;1;27919;;FR:Line::2881AC3D-A347-4440-BEF8-23ACAB159588:;1187;421B;Paris - Tarbes TGV;;2;;;;StopPoint:OCETGV INOUI-87671008;Tarbes;;43.23986300;0.069442000;;;0;StopArea:OCE87671008
2026-07-30 12:15:43;OCESN9854F1187_F:OUI:FR:Line::A6C76228-9224-4C48-8B92-80FC80F093E2::87751008:88140010:8:1211:20260805;StopPoint:OCETGV INOUI-88140010;2026-07-30 12:16:00;300;;;FR:Line::A6C76228-9224-4C48-8B92-80FC80F093E2:;009196;OCESN9854F1187_F:OUI:FR:Line::A6C76228-9224-4C48-8B92-80FC80F093E2::87751008:88140010:8:1211:20260805;9854;1;48643;;FR:Line::A6C76228-9224-4C48-8B92-80FC80F093E2:;1187;001B;Lille - Mediterranee TGV;;2;;;;StopPoint:OCETGV INOUI-88140010;Bruxelles Midi;;50.83600000;4.336000000;;;0;StopArea:OCE88140010
2026-07-30 12:15:43;OCESN9810F1187_F:OUI:FR:Line::A6C76228-9224-4C48-8B92-80FC80F093E2::88140010:87751008:9:1224:20260805;StopPoint:OCETGV INOUI-88140010;;;2026-07-30 06:42:00;300;FR:Line::A6C76228-9224-4C48-8B92-80FC80F093E2:;009198;OCESN9810F1187_F:OUI:FR:Line::A6C76228-9224-4C48-8B92-80FC80F093E2::88140010:87751008:9:1224:20260805;9810;0;48327;;FR:Line::A6C76228-9224-4C48-8B92-80FC80F093E2:;1187;001B;Lille - Mediterranee TGV;;2;;;;StopPoint:OCETGV INOUI-88140010;Bruxelles Midi;;50.83600000;4.336000000;;;0;StopArea:OCE88140010
2026-07-30 12:15:43;OCESN9810F1187_F:OUI:FR:Line::A6C76228-9224-4C48-8B92-80FC80F093E2::88140010:87751008:9:1224:20260805;StopPoint:OCETGV INOUI-87223263;2026-07-30 07:17:00;300;2026-07-30 07:28:00;300;FR:Line::A6C76228-9224-4C48-8B92-80FC80F093E2:;009198;OCESN9810F1187_F:OUI:FR:Line::A6C76228-9224-4C48-8B92-80FC80F093E2::88140010:87751008:9:1224:20260805;9810;0;48327;;FR:Line::A6C76228-9224-4C48-8B92-80FC80F093E2:;1187;001B;Lille - Mediterranee TGV;;2;;;;StopPoint:OCETGV INOUI-87223263;Lille Europe;;50.63940000;3.075721000;;;0;StopArea:OCE87223263
2026-07-30 12:15:43;OCESN9810F1187_F:OUI:FR:Line::A6C76228-9224-4C48-8B92-80FC80F093E2::88140010:87751008:9:1224:20260805;StopPoint:OCETGV INOUI-87313882;2026-07-30 07:54:00;300;2026-07-30 07:57:00;300;FR:Line::A6C76228-9224-4C48-8B92-80FC80F093E2:;009198;OCESN9810F1187_F:OUI:FR:Line::A6C76228-9224-4C48-8B92-80FC80F093E2::88140010:87751008:9:1224:20260805;9810;0;48327;;FR:Line::A6C76228-9224-4C48-8B92-80FC80F093E2:;1187;001B;Lille - Mediterranee TGV;;2;;;;StopPoint:OCETGV INOUI-87313882;TGV Haute Picardie;;49.85917200;2.831619000;;;0;StopArea:OCE87313882
2026-07-30 12:15:43;OCESN9810F1187_F:OUI:FR:Line::A6C76228-9224-4C48-8B92-80FC80F093E2::88140010:87751008:9:1224:20260805;StopPoint:OCETGV INOUI-87271494;2026-07-30 08:25:00;300;2026-07-30 08:32:00;300;FR:Line::A6C76228-9224-4C48-8B92-80FC80F093E2:;009198;OCESN9810F1187_F:OUI:FR:Line::A6C76228-9224-4C48-8B92-80FC80F093E2::88140010:87751008:9:1224:20260805;9810;0;48327;;FR:Line::A6C76228-9224-4C48-8B92-80FC80F093E2:;1187;001B;Lille - Mediterranee TGV;;2;;;;StopPoint:OCETGV INOUI-87271494;Aéroport Charles de Gaulle 2 TGV;;49.00361800;2.570812000;;;0;StopArea:OCE87271494
2026-07-30 12:15:43;OCESN9243F1187_F:OUI:FR:Line::2FFF7F96-0EBC-4AA1-B417-38EBD492057E::87686006:83016451:7:1353:20261206;StopPoint:OCETGV INOUI-87741009;2026-07-30 09:41:00;300;2026-07-30 09:59:00;900;FR:Line::2FFF7F96-0EBC-4AA1-B417-38EBD492057E:;008924;OCESN9243F1187_F:OUI:FR:Line::2FFF7F96-0EBC-4AA1-B417-38EBD492057E::87686006:83016451:7:1353:20261206;9243;0;47216;;FR:Line::2FFF7F96-0EBC-4AA1-B417-38EBD492057E:;1187;641A;Paris Milan;;2;;;;StopPoint:OCETGV INOUI-87741009;Chambéry - Challes-les-Eaux;;45.57130200;5.919547000;;;0;StopArea:OCE87741009
2026-07-30 12:15:43;OCESN9243F1187_F:OUI:FR:Line::2FFF7F96-0EBC-4AA1-B417-38EBD492057E::87686006:83016451:7:1353:20261206;StopPoint:OCETGV INOUI-87742007;2026-07-30 11:01:00;900;2026-07-30 11:05:00;600;FR:Line::2FFF7F96-0EBC-4AA1-B417-38EBD492057E:;008924;OCESN9243F1187_F:OUI:FR:Line::2FFF7F96-0EBC-4AA1-B417-38EBD492057E::87686006:83016451:7:1353:20261206;9243;0;47216;;FR:Line::2FFF7F96-0EBC-4AA1-B417-38EBD492057E:;1187;641A;Paris Milan;;2;;;;StopPoint:OCETGV INOUI-87742007;Modane;;45.19355500;6.659139000;;;0;StopArea:OCE87742007
2026-07-30 12:15:43;OCESN9243F1187_F:OUI:FR:Line::2FFF7F96-0EBC-4AA1-B417-38EBD492057E::87686006:83016451:7:1353:20261206;StopPoint:OCETGV INOUI-83002048;2026-07-30 11:31:00;600;2026-07-30 11:33:00;600;FR:Line::2FFF7F96-0EBC-4AA1-B417-38EBD492057E:;008924;OCESN9243F1187_F:OUI:FR:Line::2FFF7F96-0EBC-4AA1-B417-38EBD492057E::87686006:83016451:7:1353:20261206;9243;0;47216;;FR:Line::2FFF7F96-0EBC-4AA1-B417-38EBD492057E:;1187;641A;Paris Milan;;2;;;;StopPoint:OCETGV INOUI-83002048;OULX CESANA CLAVIERE SESTRIERE;;45.03879500;6.831431000;;;0;StopArea:OCE83002048
2026-07-30 12:15:43;OCESN9243F1187_F:OUI:FR:Line::2FFF7F96-0EBC-4AA1-B417-38EBD492057E::87686006:83016451:7:1353:20261206;StopPoint:OCETGV INOUI-83000356;2026-07-30 12:33:00;600;2026-07-30 12:35:00;600;FR:Line::2FFF7F96-0EBC-4AA1-B417-38EBD492057E:;008924;OCESN9243F1187_F:OUI:FR:Line::2FFF7F96-0EBC-4AA1-B417-38EBD492057E::87686006:83016451:7:1353:20261206;9243;0;47216;;FR:Line::2FFF7F96-0EBC-4AA1-B417-38EBD492057E:;1187;641A;Paris Milan;;2;;;;StopPoint:OCETGV INOUI-83000356;Turin Porta Susa;;45.07411800;7.666675000;;;0;StopArea:OCE83000356
2026-07-30 12:15:43;OCESN12181F1187_F:OUI:FR:Line::4FA25873-A63A-4A2D-B62F-EF950E45D8A9::87212027:87773002:10:1252:20261115;StopPoint:OCETGV INOUI-87725002;2026-07-30 12:14:00;8400;2026-07-30 12:17:00;8400;FR:Line::4FA25873-A63A-4A2D-B62F-EF950E45D8A9:;000212;OCESN12181F1187_F:OUI:FR:Line::4FA25873-A63A-4A2D-B62F-EF950E45D8A9::87212027:87773002:10:1252:20261115;12181;1;334;;FR:Line::4FA25873-A63A-4A2D-B62F-EF950E45D8A9:;1187;071B;Lux/Alsace/Loraine - LR;;2;;;;StopPoint:OCETGV INOUI-87725002;Chalon-sur-Saône;;46.78162200;4.843479000;;;0;StopArea:OCE87725002
2026-07-30 12:15:43;OCESN12181F1187_F:OUI:FR:Line::4FA25873-A63A-4A2D-B62F-EF950E45D8A9::87212027:87773002:10:1252:20261115;StopPoint:OCETGV INOUI-87723197;2026-07-30 13:09:00;7800;2026-07-30 13:15:00;7800;FR:Line::4FA25873-A63A-4A2D-B62F-EF950E45D8A9:;000212;OCESN12181F1187_F:OUI:FR:Line::4FA25873-A63A-4A2D-B62F-EF950E45D8A9::87212027:87773002:10:1252:20261115;12181;1;334;;FR:Line::4FA25873-A63A-4A2D-B62F-EF950E45D8A9:;1187;071B;Lux/Alsace/Loraine - LR;;2;;;;StopPoint:OCETGV INOUI-87723197;Lyon Part Dieu;;45.76059600;4.859409000;;;0;StopArea:OCE87723197
2026-07-30 12:15:43;OCESN12181F1187_F:OUI:FR:Line::4FA25873-A63A-4A2D-B62F-EF950E45D8A9::87212027:87773002:10:1252:20261115;StopPoint:OCETGV INOUI-87775007;2026-07-30 14:32:00;7800;2026-07-30 14:35:00;7800;FR:Line::4FA25873-A63A-4A2D-B62F-EF950E45D8A9:;000212;OCESN12181F1187_F:OUI:FR:Line::4FA25873-A63A-4A2D-B62F-EF950E45D8A9::87212027:87773002:10:1252:20261115;12181;1;334;;FR:Line::4FA25873-A63A-4A2D-B62F-EF950E45D8A9:;1187;071B;Lux/Alsace/Loraine - LR;;2;;;;StopPoint:OCETGV INOUI-87775007;Nîmes Centre;;43.83231300;4.365872000;;;0;StopArea:OCE87775007
2026-07-30 12:15:43;OCESN12181F1187_F:OUI:FR:Line::4FA25873-A63A-4A2D-B62F-EF950E45D8A9::87212027:87773002:10:1252:20261115;StopPoint:OCETGV INOUI-87773002;2026-07-30 15:02:00;7800;;;FR:Line::4FA25873-A63A-4A2D-B62F-EF950E45D8A9:;000212;OCESN12181F1187_F:OUI:FR:Line::4FA25873-A63A-4A2D-B62F-EF950E45D8A9::87212027:87773002:10:1252:20261115;12181;1;334;;FR:Line::4FA25873-A63A-4A2D-B62F-EF950E45D8A9:;1187;071B;Lux/Alsace/Loraine - LR;;2;;;;StopPoint:OCETGV INOUI-87773002;Montpellier Saint-Roch;;43.60473800;3.880674000;;;0;StopArea:OCE87773002
2026-07-30 12:15:43;OCESN12176F1187_F:OUI:FR:Line::19ea029b-6782-421a-8481-7470f5718e47::87756056:87212027:18:1554:20261124;StopPoint:OCETGV INOUI-87755009;2026-07-30 08:52:00;300;2026-07-30 08:55:00;300;FR:Line::19ea029b-6782-421a-8481-7470f5718e47:;000176;OCESN12176F1187_F:OUI:FR:Line::19ea029b-6782-421a-8481-7470f5718e47::87756056:87212027:18:1554:20261124;12176;1;274;;FR:Line::19ea029b-6782-421a-8481-7470f5718e47:;1187;071A;Lux/Alsace/Loraine - Paca;;2;;;;StopPoint:OCETGV INOUI-87755009;Toulon;;43.12835300;5.929404000;;;0;StopArea:OCE87755009
2026-07-30 12:15:43;OCESN12176F1187_F:OUI:FR:Line::19ea029b-6782-421a-8481-7470f5718e47::87756056:87212027:18:1554:20261124;StopPoint:OCETGV INOUI-87751008;2026-07-30 09:36:00;300;2026-07-30 09:50:00;300;FR:Line::19ea029b-6782-421a-8481-7470f5718e47:;000176;OCESN12176F1187_F:OUI:FR:Line::19ea029b-6782-421a-8481-7470f5718e47::87756056:87212027:18:1554:20261124;12176;1;274;;FR:Line::19ea029b-6782-421a-8481-7470f5718e47:;1187;071A;Lux/Alsace/Loraine - Paca;;2;;;;StopPoint:OCETGV INOUI-87751008;Marseille Saint-Charles;;43.30266600;5.380407000;;;0;StopArea:OCE87751008
2026-07-30 12:15:43;OCESN12176F1187_F:OUI:FR:Line::19ea029b-6782-421a-8481-7470f5718e47::87756056:87212027:18:1554:20261124;StopPoint:OCETGV INOUI-87319012;2026-07-30 10:01:00;300;2026-07-30 10:04:00;300;FR:Line::19ea029b-6782-421a-8481-7470f5718e47:;000176;OCESN12176F1187_F:OUI:FR:Line::19ea029b-6782-421a-8481-7470f5718e47::87756056:87212027:18:1554:20261124;12176;1;274;;FR:Line::19ea029b-6782-421a-8481-7470f5718e47:;1187;071A;Lux/Alsace/Loraine - Paca;;2;;;;StopPoint:OCETGV INOUI-87319012;Aix-en-Provence TGV;;43.45523700;5.317534000;;;0;StopArea:OCE87319012
2026-07-30 12:15:43;OCESN12176F1187_F:OUI:FR:Line::19ea029b-6782-421a-8481-7470f5718e47::87756056:87212027:18:1554:20261124;StopPoint:OCETGV INOUI-87318964;2026-07-30 10:24:00;300;2026-07-30 10:27:00;300;FR:Line::19ea029b-6782-421a-8481-7470f5718e47:;000176;OCESN12176F1187_F:OUI:FR:Line::19ea029b-6782-421a-8481-7470f5718e47::87756056:87212027:18:1554:20261124;12176;1;274;;FR:Line::19ea029b-6782-421a-8481-7470f5718e47:;1187;071A;Lux/Alsace/Loraine - Paca;;2;;;;StopPoint:OCETGV INOUI-87318964;Avignon TGV;;43.92194000;4.786136000;;;0;StopArea:OCE87318964
2026-07-30 12:15:43;OCESN12176F1187_F:OUI:FR:Line::19ea029b-6782-421a-8481-7470f5718e47::87756056:87212027:18:1554:20261124;StopPoint:OCETGV INOUI-87723197;2026-07-30 11:33:00;300;2026-07-30 11:43:00;300;FR:Line::19ea029b-6782-421a-8481-7470f5718e47:;000176;OCESN12176F1187_F:OUI:FR:Line::19ea029b-6782-421a-8481-7470f5718e47::87756056:87212027:18:1554:20261124;12176;1;274;;FR:Line::19ea029b-6782-421a-8481-7470f5718e47:;1187;071A;Lux/Alsace/Loraine - Paca;;2;;;;StopPoint:OCETGV INOUI-87723197;Lyon Part Dieu;;45.76059600;4.859409000;;;0;StopArea:OCE87723197
2026-07-30 12:15:43;OCESN12176F1187_F:OUI:FR:Line::19ea029b-6782-421a-8481-7470f5718e47::87756056:87212027:18:1554:20261124;StopPoint:OCETGV INOUI-87725689;2026-07-30 12:19:00;300;2026-07-30 12:22:00;300;FR:Line::19ea029b-6782-421a-8481-7470f5718e47:;000176;OCESN12176F1187_F:OUI:FR:Line::19ea029b-6782-421a-8481-7470f5718e47::87756056:87212027:18:1554:20261124;12176;1;274;;FR:Line::19ea029b-6782-421a-8481-7470f5718e47:;1187;071A;Lux/Alsace/Loraine - Paca;;2;;;;StopPoint:OCETGV INOUI-87725689;Mâcon;;46.30257200;4.824887000;;;0;StopArea:OCE87725689
2026-07-30 12:15:43;OCESN12176F1187_F:OUI:FR:Line::19ea029b-6782-421a-8481-7470f5718e47::87756056:87212027:18:1554:20261124;StopPoint:OCETGV INOUI-87713545;2026-07-30 13:08:00;300;2026-07-30 13:11:00;300;FR:Line::19ea029b-6782-421a-8481-7470f5718e47:;000176;OCESN12176F1187_F:OUI:FR:Line::19ea029b-6782-421a-8481-7470f5718e47::87756056:87212027:18:1554:20261124;12176;1;274;;FR:Line::19ea029b-6782-421a-8481-7470f5718e47:;1187;071A;Lux/Alsace/Loraine - Paca;;2;;;;StopPoint:OCETGV INOUI-87713545;Beaune;;47.02301400;4.848423000;;;0;StopArea:OCE87713545
2026-07-30 12:15:43;OCESN12176F1187_F:OUI:FR:Line::19ea029b-6782-421a-8481-7470f5718e47::87756056:87212027:18:1554:20261124;StopPoint:OCETGV INOUI-87713040;2026-07-30 13:31:00;300;2026-07-30 13:43:00;300;FR:Line::19ea029b-6782-421a-8481-7470f5718e47:;000176;OCESN12176F1187_F:OUI:FR:Line::19ea029b-6782-421a-8481-7470f5718e47::87756056:87212027:18:1554:20261124;12176;1;274;;FR:Line::19ea029b-6782-421a-8481-7470f5718e47:;1187;071A;Lux/Alsace/Loraine - Paca;;2;;;;StopPoint:OCETGV INOUI-87713040;Dijon;;47.32341100;5.027256000;;;0;StopArea:OCE87713040
2026-07-30 12:15:43;OCESN12176F1187_F:OUI:FR:Line::19ea029b-6782-421a-8481-7470f5718e47::87756056:87212027:18:1554:20261124;StopPoint:OCETGV INOUI-87300863;2026-07-30 14:10:00;300;2026-07-30 14:13:00;300;FR:Line::19ea029b-6782-421a-8481-7470f5718e47:;000176;OCESN12176F1187_F:OUI:FR:Line::19ea029b-6782-421a-8481-7470f5718e47::87756056:87212027:18:1554:20261124;12176;1;274;;FR:Line::19ea029b-6782-421a-8481-7470f5718e47:;1187;071A;Lux/Alsace/Loraine - Paca;;2;;;;StopPoint:OCETGV INOUI-87300863;Besançon Franche-Comté TGV;;47.30721500;5.953613000;;;0;StopArea:OCE87300863
2026-07-30 12:15:43;OCESN12176F1187_F:OUI:FR:Line::19ea029b-6782-421a-8481-7470f5718e47::87756056:87212027:18:1554:20261124;StopPoint:OCETGV INOUI-87300822;2026-07-30 14:34:00;300;2026-07-30 14:36:00;300;FR:Line::19ea029b-6782-421a-8481-7470f5718e47:;000176;OCESN12176F1187_F:OUI:FR:Line::19ea029b-6782-421a-8481-7470f5718e47::87756056:87212027:18:1554:20261124;12176;1;274;;FR:Line::19ea029b-6782-421a-8481-7470f5718e47:;1187;071A;Lux/Alsace/Loraine - Paca;;2;;;;StopPoint:OCETGV INOUI-87300822;Belfort - Montbéliard TGV;;47.58510500;6.897984000;;;0;StopArea:OCE87300822
2026-07-30 12:15:43;OCESN12176F1187_F:OUI:FR:Line::19ea029b-6782-421a-8481-7470f5718e47::87756056:87212027:18:1554:20261124;StopPoint:OCETGV INOUI-87182063;2026-07-30 14:58:00;300;2026-07-30 15:02:00;300;FR:Line::19ea029b-6782-421a-8481-7470f5718e47:;000176;OCESN12176F1187_F:OUI:FR:Line::19ea029b-6782-421a-8481-7470f5718e47::87756056:87212027:18:1554:20261124;12176;1;274;;FR:Line::19ea029b-6782-421a-8481-7470f5718e47:;1187;071A;Lux/Alsace/Loraine - Paca;;2;;;;StopPoint:OCETGV INOUI-87182063;Mulhouse;;47.74269100;7.343160000;;;0;StopArea:OCE87182063
2026-07-30 12:15:43;OCESN12176F1187_F:OUI:FR:Line::19ea029b-6782-421a-8481-7470f5718e47::87756056:87212027:18:1554:20261124;StopPoint:OCETGV INOUI-87182014;2026-07-30 15:29:00;300;2026-07-30 15:32:00;300;FR:Line::19ea029b-6782-421a-8481-7470f5718e47:;000176;OCESN12176F1187_F:OUI:FR:Line::19ea029b-6782-421a-8481-7470f5718e47::87756056:87212027:18:1554:20261124;12176;1;274;;FR:Line::19ea029b-6782-421a-8481-7470f5718e47:;1187;071A;Lux/Alsace/Loraine - Paca;;2;;;;StopPoint:OCETGV INOUI-87182014;Colmar;;48.07352700;7.347756000;;;0;StopArea:OCE87182014
2026-07-30 12:15:43;OCESN12176F1187_F:OUI:FR:Line::19ea029b-6782-421a-8481-7470f5718e47::87756056:87212027:18:1554:20261124;StopPoint:OCETGV INOUI-87212027;2026-07-30 15:59:00;300;;;FR:Line::19ea029b-6782-421a-8481-7470f5718e47:;000176;OCESN12176F1187_F:OUI:FR:Line::19ea029b-6782-421a-8481-7470f5718e47::87756056:87212027:18:1554:20261124;12176;1;274;;FR:Line::19ea029b-6782-421a-8481-7470f5718e47:;1187;071A;Lux/Alsace/Loraine - Paca;;2;;;;StopPoint:OCETGV INOUI-87212027;Strasbourg;;48.58511000;7.733882000;;;0;StopArea:OCE87212027
2026-07-30 12:15:43;OCESN5516F1187_F:OUI:FR:Line::19ea029b-6782-421a-8481-7470f5718e47::87756056:87141002:19:1702:20261212;StopPoint:OCETGV INOUI-87755009;2026-07-30 08:52:00;300;2026-07-30 08:55:00;300;FR:Line::19ea029b-6782-421a-8481-7470f5718e47:;003034;OCESN5516F1187_F:OUI:FR:Line::19ea029b-6782-421a-8481-7470f5718e47::87756056:87141002:19:1702:20261212;5516;1;12114;;FR:Line::19ea029b-6782-421a-8481-7470f5718e47:;1187;071A;Lux/Alsace/Loraine - Paca;;2;;;;StopPoint:OCETGV INOUI-87755009;Toulon;;43.12835300;5.929404000;;;0;StopArea:OCE87755009
2026-07-30 12:15:43;OCESN5516F1187_F:OUI:FR:Line::19ea029b-6782-421a-8481-7470f5718e47::87756056:87141002:19:1702:20261212;StopPoint:OCETGV INOUI-87751008;2026-07-30 09:36:00;300;2026-07-30 09:50:00;300;FR:Line::19ea029b-6782-421a-8481-7470f5718e47:;003034;OCESN5516F1187_F:OUI:FR:Line::19ea029b-6782-421a-8481-7470f5718e47::87756056:87141002:19:1702:20261212;5516;1;12114;;FR:Line::19ea029b-6782-421a-8481-7470f5718e47:;1187;071A;Lux/Alsace/Loraine - Paca;;2;;;;StopPoint:OCETGV INOUI-87751008;Marseille Saint-Charles;;43.30266600;5.380407000;;;0;StopArea:OCE87751008
2026-07-30 12:15:43;OCESN5516F1187_F:OUI:FR:Line::19ea029b-6782-421a-8481-7470f5718e47::87756056:87141002:19:1702:20261212;StopPoint:OCETGV INOUI-87319012;2026-07-30 10:01:00;300;2026-07-30 10:04:00;300;FR:Line::19ea029b-6782-421a-8481-7470f5718e47:;003034;OCESN5516F1187_F:OUI:FR:Line::19ea029b-6782-421a-8481-7470f5718e47::87756056:87141002:19:1702:20261212;5516;1;12114;;FR:Line::19ea029b-6782-421a-8481-7470f5718e47:;1187;071A;Lux/Alsace/Loraine - Paca;;2;;;;StopPoint:OCETGV INOUI-87319012;Aix-en-Provence TGV;;43.45523700;5.317534000;;;0;StopArea:OCE87319012
2026-07-30 12:15:43;OCESN5516F1187_F:OUI:FR:Line::19ea029b-6782-421a-8481-7470f5718e47::87756056:87141002:19:1702:20261212;StopPoint:OCETGV INOUI-87318964;2026-07-30 10:24:00;300;2026-07-30 10:27:00;300;FR:Line::19ea029b-6782-421a-8481-7470f5718e47:;003034;OCESN5516F1187_F:OUI:FR:Line::19ea029b-6782-421a-8481-7470f5718e47::87756056:87141002:19:1702:20261212;5516;1;12114;;FR:Line::19ea029b-6782-421a-8481-7470f5718e47:;1187;071A;Lux/Alsace/Loraine - Paca;;2;;;;StopPoint:OCETGV INOUI-87318964;Avignon TGV;;43.92194000;4.786136000;;;0;StopArea:OCE87318964
2026-07-30 12:15:43;OCESN5516F1187_F:OUI:FR:Line::19ea029b-6782-421a-8481-7470f5718e47::87756056:87141002:19:1702:20261212;StopPoint:OCETGV INOUI-87723197;2026-07-30 11:33:00;300;2026-07-30 11:43:00;300;FR:Line::19ea029b-6782-421a-8481-7470f5718e47:;003034;OCESN5516F1187_F:OUI:FR:Line::19ea029b-6782-421a-8481-7470f5718e47::87756056:87141002:19:1702:20261212;5516;1;12114;;FR:Line::19ea029b-6782-421a-8481-7470f5718e47:;1187;071A;Lux/Alsace/Loraine - Paca;;2;;;;StopPoint:OCETGV INOUI-87723197;Lyon Part Dieu;;45.76059600;4.859409000;;;0;StopArea:OCE87723197
2026-07-30 12:15:43;OCESN5516F1187_F:OUI:FR:Line::19ea029b-6782-421a-8481-7470f5718e47::87756056:87141002:19:1702:20261212;StopPoint:OCETGV INOUI-87725689;2026-07-30 12:19:00;300;2026-07-30 12:22:00;300;FR:Line::19ea029b-6782-421a-8481-7470f5718e47:;003034;OCESN5516F1187_F:OUI:FR:Line::19ea029b-6782-421a-8481-7470f5718e47::87756056:87141002:19:1702:20261212;5516;1;12114;;FR:Line::19ea029b-6782-421a-8481-7470f5718e47:;1187;071A;Lux/Alsace/Loraine - Paca;;2;;;;StopPoint:OCETGV INOUI-87725689;Mâcon;;46.30257200;4.824887000;;;0;StopArea:OCE87725689
2026-07-30 12:15:43;OCESN5516F1187_F:OUI:FR:Line::19ea029b-6782-421a-8481-7470f5718e47::87756056:87141002:19:1702:20261212;StopPoint:OCETGV INOUI-87713545;2026-07-30 13:08:00;300;2026-07-30 13:11:00;300;FR:Line::19ea029b-6782-421a-8481-7470f5718e47:;003034;OCESN5516F1187_F:OUI:FR:Line::19ea029b-6782-421a-8481-7470f5718e47::87756056:87141002:19:1702:20261212;5516;1;12114;;FR:Line::19ea029b-6782-421a-8481-7470f5718e47:;1187;071A;Lux/Alsace/Loraine - Paca;;2;;;;StopPoint:OCETGV INOUI-87713545;Beaune;;47.02301400;4.848423000;;;0;StopArea:OCE87713545
2026-07-30 12:15:43;OCESN5516F1187_F:OUI:FR:Line::19ea029b-6782-421a-8481-7470f5718e47::87756056:87141002:19:1702:20261212;StopPoint:OCETGV INOUI-87713040;2026-07-30 13:31:00;300;2026-07-30 13:43:00;300;FR:Line::19ea029b-6782-421a-8481-7470f5718e47:;003034;OCESN5516F1187_F:OUI:FR:Line::19ea029b-6782-421a-8481-7470f5718e47::87756056:87141002:19:1702:20261212;5516;1;12114;;FR:Line::19ea029b-6782-421a-8481-7470f5718e47:;1187;071A;Lux/Alsace/Loraine - Paca;;2;;;;StopPoint:OCETGV INOUI-87713040;Dijon;;47.32341100;5.027256000;;;0;StopArea:OCE87713040
2026-07-30 12:15:43;OCESN5516F1187_F:OUI:FR:Line::19ea029b-6782-421a-8481-7470f5718e47::87756056:87141002:19:1702:20261212;StopPoint:OCETGV INOUI-87300863;2026-07-30 14:10:00;300;2026-07-30 14:13:00;300;FR:Line::19ea029b-6782-421a-8481-7470f5718e47:;003034;OCESN5516F1187_F:OUI:FR:Line::19ea029b-6782-421a-8481-7470f5718e47::87756056:87141002:19:1702:20261212;5516;1;12114;;FR:Line::19ea029b-6782-421a-8481-7470f5718e47:;1187;071A;Lux/Alsace/Loraine - Paca;;2;;;;StopPoint:OCETGV INOUI-87300863;Besançon Franche-Comté TGV;;47.30721500;5.953613000;;;0;StopArea:OCE87300863
2026-07-30 12:15:43;OCESN5516F1187_F:OUI:FR:Line::19ea029b-6782-421a-8481-7470f5718e47::87756056:87141002:19:1702:20261212;StopPoint:OCETGV INOUI-87300822;2026-07-30 14:34:00;300;2026-07-30 14:36:00;300;FR:Line::19ea029b-6782-421a-8481-7470f5718e47:;003034;OCESN5516F1187_F:OUI:FR:Line::19ea029b-6782-421a-8481-7470f5718e47::87756056:87141002:19:1702:20261212;5516;1;12114;;FR:Line::19ea029b-6782-421a-8481-7470f5718e47:;1187;071A;Lux/Alsace/Loraine - Paca;;2;;;;StopPoint:OCETGV INOUI-87300822;Belfort - Montbéliard TGV;;47.58510500;6.897984000;;;0;StopArea:OCE87300822
2026-07-30 12:15:43;OCESN5516F1187_F:OUI:FR:Line::19ea029b-6782-421a-8481-7470f5718e47::87756056:87141002:19:1702:20261212;StopPoint:OCETGV INOUI-87182063;2026-07-30 14:58:00;300;2026-07-30 15:02:00;300;FR:Line::19ea029b-6782-421a-8481-7470f5718e47:;003034;OCESN5516F1187_F:OUI:FR:Line::19ea029b-6782-421a-8481-7470f5718e47::87756056:87141002:19:1702:20261212;5516;1;12114;;FR:Line::19ea029b-6782-421a-8481-7470f5718e47:;1187;071A;Lux/Alsace/Loraine - Paca;;2;;;;StopPoint:OCETGV INOUI-87182063;Mulhouse;;47.74269100;7.343160000;;;0;StopArea:OCE87182063
2026-07-30 12:15:43;OCESN5516F1187_F:OUI:FR:Line::19ea029b-6782-421a-8481-7470f5718e47::87756056:87141002:19:1702:20261212;StopPoint:OCETGV INOUI-87182014;2026-07-30 15:29:00;300;2026-07-30 15:32:00;300;FR:Line::19ea029b-6782-421a-8481-7470f5718e47:;003034;OCESN5516F1187_F:OUI:FR:Line::19ea029b-6782-421a-8481-7470f5718e47::87756056:87141002:19:1702:20261212;5516;1;12114;;FR:Line::19ea029b-6782-421a-8481-7470f5718e47:;1187;071A;Lux/Alsace/Loraine - Paca;;2;;;;StopPoint:OCETGV INOUI-87182014;Colmar;;48.07352700;7.347756000;;;0;StopArea:OCE87182014
2026-07-30 12:15:43;OCESN5516F1187_F:OUI:FR:Line::19ea029b-6782-421a-8481-7470f5718e47::87756056:87141002:19:1702:20261212;StopPoint:OCETGV INOUI-87212027;2026-07-30 15:59:00;300;2026-07-30 16:05:00;300;FR:Line::19ea029b-6782-421a-8481-7470f5718e47:;003034;OCESN5516F1187_F:OUI:FR:Line::19ea029b-6782-421a-8481-7470f5718e47::87756056:87141002:19:1702:20261212;5516;1;12114;;FR:Line::19ea029b-6782-421a-8481-7470f5718e47:;1187;071A;Lux/Alsace/Loraine - Paca;;2;;;;StopPoint:OCETGV INOUI-87212027;Strasbourg;;48.58511000;7.733882000;;;0;StopArea:OCE87212027
2026-07-30 12:15:43;OCESN5516F1187_F:OUI:FR:Line::19ea029b-6782-421a-8481-7470f5718e47::87756056:87141002:19:1702:20261212;StopPoint:OCETGV INOUI-87141002;2026-07-30 17:07:00;300;;;FR:Line::19ea029b-6782-421a-8481-7470f5718e47:;003034;OCESN5516F1187_F:OUI:FR:Line::19ea029b-6782-421a-8481-7470f5718e47::87756056:87141002:19:1702:20261212;5516;1;12114;;FR:Line::19ea029b-6782-421a-8481-7470f5718e47:;1187;071A;Lux/Alsace/Loraine - Paca;;2;;;;StopPoint:OCETGV INOUI-87141002;Nancy;;48.68985700;6.174579000;;;0;StopArea:OCE87141002
2026-07-30 12:15:43;OCESN6202F1187_F:OUI:FR:Line::8EDA0FF6-311A-4C83-8C18-63D890856B43::87784009:87686006:9:1218:20261025;StopPoint:OCETGV INOUI-87781104;2026-07-30 07:35:00;0;2026-07-30 07:43:00;300;FR:Line::8EDA0FF6-311A-4C83-8C18-63D890856B43:;003391;OCESN6202F1187_F:OUI:FR:Line::8EDA0FF6-311A-4C83-8C18-63D890856B43::87784009:87686006:9:1218:20261025;6202;1;13167;;FR:Line::8EDA0FF6-311A-4C83-8C18-63D890856B43:;1187;631C;Paris - Languedoc Roussillon TGV;;2;;;;StopPoint:OCETGV INOUI-87781104;Narbonne;;43.19061800;3.005667000;;;0;StopArea:OCE87781104
2026-07-30 12:15:43;OCESN6202F1187_F:OUI:FR:Line::8EDA0FF6-311A-4C83-8C18-63D890856B43::87784009:87686006:9:1218:20261025;StopPoint:OCETGV INOUI-87781005;2026-07-30 07:57:00;300;2026-07-30 08:00:00;300;FR:Line::8EDA0FF6-311A-4C83-8C18-63D890856B43:;003391;OCESN6202F1187_F:OUI:FR:Line::8EDA0FF6-311A-4C83-8C18-63D890856B43::87784009:87686006:9:1218:20261025;6202;1;13167;;FR:Line::8EDA0FF6-311A-4C83-8C18-63D890856B43:;1187;631C;Paris - Languedoc Roussillon TGV;;2;;;;StopPoint:OCETGV INOUI-87781005;Béziers;;43.33629500;3.218895000;;;0;StopArea:OCE87781005
2026-07-30 12:15:43;OCESN6202F1187_F:OUI:FR:Line::8EDA0FF6-311A-4C83-8C18-63D890856B43::87784009:87686006:9:1218:20261025;StopPoint:OCETGV INOUI-87781278;2026-07-30 08:13:00;300;2026-07-30 08:16:00;300;FR:Line::8EDA0FF6-311A-4C83-8C18-63D890856B43:;003391;OCESN6202F1187_F:OUI:FR:Line::8EDA0FF6-311A-4C83-8C18-63D890856B43::87784009:87686006:9:1218:20261025;6202;1;13167;;FR:Line::8EDA0FF6-311A-4C83-8C18-63D890856B43:;1187;631C;Paris - Languedoc Roussillon TGV;;2;;;;StopPoint:OCETGV INOUI-87781278;Agde;;43.31728000;3.466203000;;;0;StopArea:OCE87781278
2026-07-30 12:15:43;OCESN12510F1187_F:OUI:FR:Line::A6C76228-9224-4C48-8B92-80FC80F093E2::87223263:87751008:8:1224:20260816;StopPoint:OCETGV INOUI-87223263;;;2026-07-30 07:28:00;300;FR:Line::A6C76228-9224-4C48-8B92-80FC80F093E2:;000452;OCESN12510F1187_F:OUI:FR:Line::A6C76228-9224-4C48-8B92-80FC80F093E2::87223263:87751008:8:1224:20260816;12510;0;767;;FR:Line::A6C76228-9224-4C48-8B92-80FC80F093E2:;1187;001B;Lille - Mediterranee TGV;;2;;;;StopPoint:OCETGV INOUI-87223263;Lille Europe;;50.63940000;3.075721000;;;0;StopArea:OCE87223263
2026-07-30 12:15:43;OCESN12510F1187_F:OUI:FR:Line::A6C76228-9224-4C48-8B92-80FC80F093E2::87223263:87751008:8:1224:20260816;StopPoint:OCETGV INOUI-87313882;2026-07-30 07:54:00;300;2026-07-30 07:57:00;300;FR:Line::A6C76228-9224-4C48-8B92-80FC80F093E2:;000452;OCESN12510F1187_F:OUI:FR:Line::A6C76228-9224-4C48-8B92-80FC80F093E2::87223263:87751008:8:1224:20260816;12510;0;767;;FR:Line::A6C76228-9224-4C48-8B92-80FC80F093E2:;1187;001B;Lille - Mediterranee TGV;;2;;;;StopPoint:OCETGV INOUI-87313882;TGV Haute Picardie;;49.85917200;2.831619000;;;0;StopArea:OCE87313882
2026-07-30 12:15:43;OCESN12510F1187_F:OUI:FR:Line::A6C76228-9224-4C48-8B92-80FC80F093E2::87223263:87751008:8:1224:20260816;StopPoint:OCETGV INOUI-87271494;2026-07-30 08:25:00;300;2026-07-30 08:32:00;300;FR:Line::A6C76228-9224-4C48-8B92-80FC80F093E2:;000452;OCESN12510F1187_F:OUI:FR:Line::A6C76228-9224-4C48-8B92-80FC80F093E2::87223263:87751008:8:1224:20260816;12510;0;767;;FR:Line::A6C76228-9224-4C48-8B92-80FC80F093E2:;1187;001B;Lille - Mediterranee TGV;;2;;;;StopPoint:OCETGV INOUI-87271494;Aéroport Charles de Gaulle 2 TGV;;49.00361800;2.570812000;;;0;StopArea:OCE87271494
2026-07-30 12:15:43;OCESN5486F1187_F:OUI:FR:Line::58c0c9b7-3765-46af-85a3-f193f3030e9b::87212027:87481002:9:1319:20260826;StopPoint:OCETGV INOUI-87393702;2026-07-30 10:39:00;300;2026-07-30 10:42:00;300;FR:Line::58c0c9b7-3765-46af-85a3-f193f3030e9b:;003014;OCESN5486F1187_F:OUI:FR:Line::58c0c9b7-3765-46af-85a3-f193f3030e9b::87212027:87481002:9:1319:20260826;5486;1;12055;;FR:Line::58c0c9b7-3765-46af-85a3-f193f3030e9b:;1187;061A;Est - Nantes TGV;;2;;;;StopPoint:OCETGV INOUI-87393702;Massy TGV;;48.72575800;2.261254000;;;0;StopArea:OCE87393702
2026-07-30 12:15:43;OCESN5486F1187_F:OUI:FR:Line::58c0c9b7-3765-46af-85a3-f193f3030e9b::87212027:87481002:9:1319:20260826;StopPoint:OCETGV INOUI-87571240;2026-07-30 11:43:00;600;2026-07-30 11:46:00;600;FR:Line::58c0c9b7-3765-46af-85a3-f193f3030e9b:;003014;OCESN5486F1187_F:OUI:FR:Line::58c0c9b7-3765-46af-85a3-f193f3030e9b::87212027:87481002:9:1319:20260826;5486;1;12055;;FR:Line::58c0c9b7-3765-46af-85a3-f193f3030e9b:;1187;061A;Est - Nantes TGV;;2;;;;StopPoint:OCETGV INOUI-87571240;Saint-Pierre-des-Corps;;47.38614000;0.723539000;;;0;StopArea:OCE87571240
2026-07-30 12:15:43;OCESN5486F1187_F:OUI:FR:Line::58c0c9b7-3765-46af-85a3-f193f3030e9b::87212027:87481002:9:1319:20260826;StopPoint:OCETGV INOUI-87484006;2026-07-30 12:41:00;300;2026-07-30 12:44:00;300;FR:Line::58c0c9b7-3765-46af-85a3-f193f3030e9b:;003014;OCESN5486F1187_F:OUI:FR:Line::58c0c9b7-3765-46af-85a3-f193f3030e9b::87212027:87481002:9:1319:20260826;5486;1;12055;;FR:Line::58c0c9b7-3765-46af-85a3-f193f3030e9b:;1187;061A;Est - Nantes TGV;;2;;;;StopPoint:OCETGV INOUI-87484006;Angers Saint-Laud;;47.46464900;-0.55677000;;;0;StopArea:OCE87484006
2026-07-30 12:15:43;OCESN5486F1187_F:OUI:FR:Line::58c0c9b7-3765-46af-85a3-f193f3030e9b::87212027:87481002:9:1319:20260826;StopPoint:OCETGV INOUI-87481002;2026-07-30 13:24:00;300;;;FR:Line::58c0c9b7-3765-46af-85a3-f193f3030e9b:;003014;OCESN5486F1187_F:OUI:FR:Line::58c0c9b7-3765-46af-85a3-f193f3030e9b::87212027:87481002:9:1319:20260826;5486;1;12055;;FR:Line::58c0c9b7-3765-46af-85a3-f193f3030e9b:;1187;061A;Est - Nantes TGV;;2;;;;StopPoint:OCETGV INOUI-87481002;Nantes;;47.21749100;-1.54207700;;;0;StopArea:OCE87481002
2026-07-30 12:15:43;OCESN12402F1187_F:OUI:FR:Line::8753D4FA-06CF-49A8-B412-13F55FD4A1A8::87471003:87751008:7:1324:20260829;StopPoint:OCETGV INOUI-87471003;;;2026-07-30 07:45:00;300;FR:Line::8753D4FA-06CF-49A8-B412-13F55FD4A1A8:;000401;OCESN12402F1187_F:OUI:FR:Line::8753D4FA-06CF-49A8-B412-13F55FD4A1A8::87471003:87751008:7:1324:20260829;12402;1;663;;FR:Line::8753D4FA-06CF-49A8-B412-13F55FD4A1A8:;1187;081A;Bretagne - Sud Est TGV;;2;;;;StopPoint:OCETGV INOUI-87471003;Rennes;;48.10351700;-1.67274400;;;0;StopArea:OCE87471003
2026-07-30 12:15:43;OCESN12402F1187_F:OUI:FR:Line::8753D4FA-06CF-49A8-B412-13F55FD4A1A8::87471003:87751008:7:1324:20260829;StopPoint:OCETGV INOUI-87396002;2026-07-30 08:35:00;300;2026-07-30 08:39:00;300;FR:Line::8753D4FA-06CF-49A8-B412-13F55FD4A1A8:;000401;OCESN12402F1187_F:OUI:FR:Line::8753D4FA-06CF-49A8-B412-13F55FD4A1A8::87471003:87751008:7:1324:20260829;12402;1;663;;FR:Line::8753D4FA-06CF-49A8-B412-13F55FD4A1A8:;1187;081A;Bretagne - Sud Est TGV;;2;;;;StopPoint:OCETGV INOUI-87396002;Le Mans;;47.99561500;0.192614000;;;0;StopArea:OCE87396002
2026-07-30 12:15:43;OCESN12402F1187_F:OUI:FR:Line::8753D4FA-06CF-49A8-B412-13F55FD4A1A8::87471003:87751008:7:1324:20260829;StopPoint:OCETGV INOUI-87393702;2026-07-30 09:27:00;300;2026-07-30 09:31:00;300;FR:Line::8753D4FA-06CF-49A8-B412-13F55FD4A1A8:;000401;OCESN12402F1187_F:OUI:FR:Line::8753D4FA-06CF-49A8-B412-13F55FD4A1A8::87471003:87751008:7:1324:20260829;12402;1;663;;FR:Line::8753D4FA-06CF-49A8-B412-13F55FD4A1A8:;1187;081A;Bretagne - Sud Est TGV;;2;;;;StopPoint:OCETGV INOUI-87393702;Massy TGV;;48.72575800;2.261254000;;;0;StopArea:OCE87393702
2026-07-30 12:15:43;OCESN5332F1187_F:OUI:FR:Line::8753D4FA-06CF-49A8-B412-13F55FD4A1A8::87471003:87751008:7:1324:20260927;StopPoint:OCETGV INOUI-87396002;2026-07-30 08:35:00;300;2026-07-30 08:39:00;300;FR:Line::8753D4FA-06CF-49A8-B412-13F55FD4A1A8:;002885;OCESN5332F1187_F:OUI:FR:Line::8753D4FA-06CF-49A8-B412-13F55FD4A1A8::87471003:87751008:7:1324:20260927;5332;1;11735;;FR:Line::8753D4FA-06CF-49A8-B412-13F55FD4A1A8:;1187;081A;Bretagne - Sud Est TGV;;2;;;;StopPoint:OCETGV INOUI-87396002;Le Mans;;47.99561500;0.192614000;;;0;StopArea:OCE87396002
2026-07-30 12:15:43;OCESN5332F1187_F:OUI:FR:Line::8753D4FA-06CF-49A8-B412-13F55FD4A1A8::87471003:87751008:7:1324:20260927;StopPoint:OCETGV INOUI-87393702;2026-07-30 09:27:00;300;2026-07-30 09:31:00;300;FR:Line::8753D4FA-06CF-49A8-B412-13F55FD4A1A8:;002885;OCESN5332F1187_F:OUI:FR:Line::8753D4FA-06CF-49A8-B412-13F55FD4A1A8::87471003:87751008:7:1324:20260927;5332;1;11735;;FR:Line::8753D4FA-06CF-49A8-B412-13F55FD4A1A8:;1187;081A;Bretagne - Sud Est TGV;;2;;;;StopPoint:OCETGV INOUI-87393702;Massy TGV;;48.72575800;2.261254000;;;0;StopArea:OCE87393702
2026-07-30 12:15:43;OCESN12347F1187_F:OUI:FR:Line::8EDA0FF6-311A-4C83-8C18-63D890856B43::87686006:87784009:9:1257:20261206;StopPoint:OCETGV INOUI-87773200;2026-07-30 11:30:00;0;2026-07-30 11:43:00;600;FR:Line::8EDA0FF6-311A-4C83-8C18-63D890856B43:;000381;OCESN12347F1187_F:OUI:FR:Line::8EDA0FF6-311A-4C83-8C18-63D890856B43::87686006:87784009:9:1257:20261206;12347;0;621;;FR:Line::8EDA0FF6-311A-4C83-8C18-63D890856B43:;1187;631C;Paris - Languedoc Roussillon TGV;;2;;;;StopPoint:OCETGV INOUI-87773200;Sète;;43.41264100;3.696571000;;;0;StopArea:OCE87773200
2026-07-30 12:15:43;OCESN12347F1187_F:OUI:FR:Line::8EDA0FF6-311A-4C83-8C18-63D890856B43::87686006:87784009:9:1257:20261206;StopPoint:OCETGV INOUI-87781278;2026-07-30 11:56:00;600;2026-07-30 11:59:00;600;FR:Line::8EDA0FF6-311A-4C83-8C18-63D890856B43:;000381;OCESN12347F1187_F:OUI:FR:Line::8EDA0FF6-311A-4C83-8C18-63D890856B43::87686006:87784009:9:1257:20261206;12347;0;621;;FR:Line::8EDA0FF6-311A-4C83-8C18-63D890856B43:;1187;631C;Paris - Languedoc Roussillon TGV;;2;;;;StopPoint:OCETGV INOUI-87781278;Agde;;43.31728000;3.466203000;;;0;StopArea:OCE87781278
2026-07-30 12:15:43;OCESN12347F1187_F:OUI:FR:Line::8EDA0FF6-311A-4C83-8C18-63D890856B43::87686006:87784009:9:1257:20261206;StopPoint:OCETGV INOUI-87781005;2026-07-30 12:14:00;600;2026-07-30 12:17:00;600;FR:Line::8EDA0FF6-311A-4C83-8C18-63D890856B43:;000381;OCESN12347F1187_F:OUI:FR:Line::8EDA0FF6-311A-4C83-8C18-63D890856B43::87686006:87784009:9:1257:20261206;12347;0;621;;FR:Line::8EDA0FF6-311A-4C83-8C18-63D890856B43:;1187;631C;Paris - Languedoc Roussillon TGV;;2;;;;StopPoint:OCETGV INOUI-87781005;Béziers;;43.33629500;3.218895000;;;0;StopArea:OCE87781005
2026-07-30 12:15:43;OCESN12347F1187_F:OUI:FR:Line::8EDA0FF6-311A-4C83-8C18-63D890856B43::87686006:87784009:9:1257:20261206;StopPoint:OCETGV INOUI-87781104;2026-07-30 12:31:00;600;2026-07-30 12:34:00;600;FR:Line::8EDA0FF6-311A-4C83-8C18-63D890856B43:;000381;OCESN12347F1187_F:OUI:FR:Line::8EDA0FF6-311A-4C83-8C18-63D890856B43::87686006:87784009:9:1257:20261206;12347;0;621;;FR:Line::8EDA0FF6-311A-4C83-8C18-63D890856B43:;1187;631C;Paris - Languedoc Roussillon TGV;;2;;;;StopPoint:OCETGV INOUI-87781104;Narbonne;;43.19061800;3.005667000;;;0;StopArea:OCE87781104
2026-07-30 12:15:43;OCESN12347F1187_F:OUI:FR:Line::8EDA0FF6-311A-4C83-8C18-63D890856B43::87686006:87784009:9:1257:20261206;StopPoint:OCETGV INOUI-87784009;2026-07-30 13:07:00;600;;;FR:Line::8EDA0FF6-311A-4C83-8C18-63D890856B43:;000381;OCESN12347F1187_F:OUI:FR:Line::8EDA0FF6-311A-4C83-8C18-63D890856B43::87686006:87784009:9:1257:20261206;12347;0;621;;FR:Line::8EDA0FF6-311A-4C83-8C18-63D890856B43:;1187;631C;Paris - Languedoc Roussillon TGV;;2;;;;StopPoint:OCETGV INOUI-87784009;Perpignan;;42.69609600;2.879355000;;;0;StopArea:OCE87784009
2026-07-30 12:15:43;OCESN9713F1187_F:OUI:FR:Line::6667353C-75C7-4A33-8ADE-EBA7FFC003C6::87686006:71718010:12:1432:20260830;StopPoint:OCETGV INOUI-87781005;2026-07-30 12:14:00;600;2026-07-30 12:17:00;600;FR:Line::6667353C-75C7-4A33-8ADE-EBA7FFC003C6:;000357;OCESN9713F1187_F:OUI:FR:Line::6667353C-75C7-4A33-8ADE-EBA7FFC003C6::87686006:71718010:12:1432:20260830;9713;1;48183;;FR:Line::6667353C-75C7-4A33-8ADE-EBA7FFC003C6:;1187;802A;Paris - Espagne TGV;;2;;;;StopPoint:OCETGV INOUI-87781005;Béziers;;43.33629500;3.218895000;;;0;StopArea:OCE87781005
2026-07-30 12:15:43;OCESN9713F1187_F:OUI:FR:Line::6667353C-75C7-4A33-8ADE-EBA7FFC003C6::87686006:71718010:12:1432:20260830;StopPoint:OCETGV INOUI-87781104;2026-07-30 12:31:00;600;2026-07-30 12:34:00;600;FR:Line::6667353C-75C7-4A33-8ADE-EBA7FFC003C6:;000357;OCESN9713F1187_F:OUI:FR:Line::6667353C-75C7-4A33-8ADE-EBA7FFC003C6::87686006:71718010:12:1432:20260830;9713;1;48183;;FR:Line::6667353C-75C7-4A33-8ADE-EBA7FFC003C6:;1187;802A;Paris - Espagne TGV;;2;;;;StopPoint:OCETGV INOUI-87781104;Narbonne;;43.19061800;3.005667000;;;0;StopArea:OCE87781104
2026-07-30 12:15:43;OCESN9713F1187_F:OUI:FR:Line::6667353C-75C7-4A33-8ADE-EBA7FFC003C6::87686006:71718010:12:1432:20260830;StopPoint:OCETGV INOUI-87784009;2026-07-30 13:07:00;600;2026-07-30 13:16:00;600;FR:Line::6667353C-75C7-4A33-8ADE-EBA7FFC003C6:;000357;OCESN9713F1187_F:OUI:FR:Line::6667353C-75C7-4A33-8ADE-EBA7FFC003C6::87686006:71718010:12:1432:20260830;9713;1;48183;;FR:Line::6667353C-75C7-4A33-8ADE-EBA7FFC003C6:;1187;802A;Paris - Espagne TGV;;2;;;;StopPoint:OCETGV INOUI-87784009;Perpignan;;42.69609600;2.879355000;;;0;StopArea:OCE87784009
2026-07-30 12:15:43;OCESN9713F1187_F:OUI:FR:Line::6667353C-75C7-4A33-8ADE-EBA7FFC003C6::87686006:71718010:12:1432:20260830;StopPoint:OCETGV INOUI-71043075;2026-07-30 13:40:00;600;2026-07-30 13:43:00;600;FR:Line::6667353C-75C7-4A33-8ADE-EBA7FFC003C6:;000357;OCESN9713F1187_F:OUI:FR:Line::6667353C-75C7-4A33-8ADE-EBA7FFC003C6::87686006:71718010:12:1432:20260830;9713;1;48183;;FR:Line::6667353C-75C7-4A33-8ADE-EBA7FFC003C6:;1187;802A;Paris - Espagne TGV;;2;;;;StopPoint:OCETGV INOUI-71043075;FIGUERES-VILAFANT;;42.26458100;2.943028000;;;0;StopArea:OCE71043075
2026-07-30 12:15:43;OCESN9713F1187_F:OUI:FR:Line::6667353C-75C7-4A33-8ADE-EBA7FFC003C6::87686006:71718010:12:1432:20260830;StopPoint:OCETGV INOUI-71793000;2026-07-30 13:57:00;600;2026-07-30 14:00:00;600;FR:Line::6667353C-75C7-4A33-8ADE-EBA7FFC003C6:;000357;OCESN9713F1187_F:OUI:FR:Line::6667353C-75C7-4A33-8ADE-EBA7FFC003C6::87686006:71718010:12:1432:20260830;9713;1;48183;;FR:Line::6667353C-75C7-4A33-8ADE-EBA7FFC003C6:;1187;802A;Paris - Espagne TGV;;2;;;;StopPoint:OCETGV INOUI-71793000;GIRONA;;41.97937100;2.816957000;;;0;StopArea:OCE71793000
2026-07-30 12:15:43;OCESN9713F1187_F:OUI:FR:Line::6667353C-75C7-4A33-8ADE-EBA7FFC003C6::87686006:71718010:12:1432:20260830;StopPoint:OCETGV INOUI-71718010;2026-07-30 14:42:00;600;;;FR:Line::6667353C-75C7-4A33-8ADE-EBA7FFC003C6:;000357;OCESN9713F1187_F:OUI:FR:Line::6667353C-75C7-4A33-8ADE-EBA7FFC003C6::87686006:71718010:12:1432:20260830;9713;1;48183;;FR:Line::6667353C-75C7-4A33-8ADE-EBA7FFC003C6:;1187;802A;Paris - Espagne TGV;;2;;;;StopPoint:OCETGV INOUI-71718010;Barcelone-Sants;;41.37896100;2.139834000;;;0;StopArea:OCE71718010
2026-07-30 12:15:43;OCESN6161F1187_F:OUI:FR:Line::3C11D08B-6F1C-416C-A388-63B4074018CB::87686006:87756056:6:1334:20260827;StopPoint:OCETGV INOUI-87755009;2026-07-30 11:41:00;300;2026-07-30 11:45:00;300;FR:Line::3C11D08B-6F1C-416C-A388-63B4074018CB:;001361;OCESN6161F1187_F:OUI:FR:Line::3C11D08B-6F1C-416C-A388-63B4074018CB::87686006:87756056:6:1334:20260827;6161;1;12932;;FR:Line::3C11D08B-6F1C-416C-A388-63B4074018CB:;1187;631A;Paris - Côte d'Azur TGV;;2;;;;StopPoint:OCETGV INOUI-87755009;Toulon;;43.12835300;5.929404000;;;0;StopArea:OCE87755009
2026-07-30 12:15:43;OCESN6161F1187_F:OUI:FR:Line::3C11D08B-6F1C-416C-A388-63B4074018CB::87686006:87756056:6:1334:20260827;StopPoint:OCETGV INOUI-87757526;2026-07-30 12:35:00;300;2026-07-30 12:38:00;300;FR:Line::3C11D08B-6F1C-416C-A388-63B4074018CB:;001361;OCESN6161F1187_F:OUI:FR:Line::3C11D08B-6F1C-416C-A388-63B4074018CB::87686006:87756056:6:1334:20260827;6161;1;12932;;FR:Line::3C11D08B-6F1C-416C-A388-63B4074018CB:;1187;631A;Paris - Côte d'Azur TGV;;2;;;;StopPoint:OCETGV INOUI-87757526;Saint-Raphaël Valescure;;43.42363100;6.769037000;;;0;StopArea:OCE87757526
2026-07-30 12:15:43;OCESN6161F1187_F:OUI:FR:Line::3C11D08B-6F1C-416C-A388-63B4074018CB::87686006:87756056:6:1334:20260827;StopPoint:OCETGV INOUI-87757625;2026-07-30 13:00:00;300;2026-07-30 13:04:00;300;FR:Line::3C11D08B-6F1C-416C-A388-63B4074018CB:;001361;OCESN6161F1187_F:OUI:FR:Line::3C11D08B-6F1C-416C-A388-63B4074018CB::87686006:87756056:6:1334:20260827;6161;1;12932;;FR:Line::3C11D08B-6F1C-416C-A388-63B4074018CB:;1187;631A;Paris - Côte d'Azur TGV;;2;;;;StopPoint:OCETGV INOUI-87757625;Cannes;;43.55390800;7.019711000;;;0;StopArea:OCE87757625
2026-07-30 12:15:43;OCESN6161F1187_F:OUI:FR:Line::3C11D08B-6F1C-416C-A388-63B4074018CB::87686006:87756056:6:1334:20260827;StopPoint:OCETGV INOUI-87757674;2026-07-30 13:12:00;300;2026-07-30 13:15:00;300;FR:Line::3C11D08B-6F1C-416C-A388-63B4074018CB:;001361;OCESN6161F1187_F:OUI:FR:Line::3C11D08B-6F1C-416C-A388-63B4074018CB::87686006:87756056:6:1334:20260827;6161;1;12932;;FR:Line::3C11D08B-6F1C-416C-A388-63B4074018CB:;1187;631A;Paris - Côte d'Azur TGV;;2;;;;StopPoint:OCETGV INOUI-87757674;Antibes;;43.58597100;7.119913000;;;0;StopArea:OCE87757674
2026-07-30 12:15:43;OCESN6161F1187_F:OUI:FR:Line::3C11D08B-6F1C-416C-A388-63B4074018CB::87686006:87756056:6:1334:20260827;StopPoint:OCETGV INOUI-87756056;2026-07-30 13:39:00;300;;;FR:Line::3C11D08B-6F1C-416C-A388-63B4074018CB:;001361;OCESN6161F1187_F:OUI:FR:Line::3C11D08B-6F1C-416C-A388-63B4074018CB::87686006:87756056:6:1334:20260827;6161;1;12932;;FR:Line::3C11D08B-6F1C-416C-A388-63B4074018CB:;1187;631A;Paris - Côte d'Azur TGV;;2;;;;StopPoint:OCETGV INOUI-87756056;Nice-Ville;;43.70455600;7.261904000;;;0;StopArea:OCE87756056
2026-07-30 12:15:43;OCESN6805F1187_F:OUI:FR:Line::237820F0-01B1-49D5-AB3A-3ACA662E322E::87723197:87756056:10:1304:20260827;StopPoint:OCETGV INOUI-87319012;2026-07-30 10:08:00;1200;2026-07-30 10:11:00;1200;FR:Line::237820F0-01B1-49D5-AB3A-3ACA662E322E:;001361;OCESN6805F1187_F:OUI:FR:Line::237820F0-01B1-49D5-AB3A-3ACA662E322E::87723197:87756056:10:1304:20260827;6805;1;13934;;FR:Line::237820F0-01B1-49D5-AB3A-3ACA662E322E:;1187;041F;Lyon - PACA;;2;;;;StopPoint:OCETGV INOUI-87319012;Aix-en-Provence TGV;;43.45523700;5.317534000;;;0;StopArea:OCE87319012
2026-07-30 12:15:43;OCESN6805F1187_F:OUI:FR:Line::237820F0-01B1-49D5-AB3A-3ACA662E322E::87723197:87756056:10:1304:20260827;StopPoint:OCETGV INOUI-87751008;2026-07-30 10:24:00;1200;2026-07-30 10:38:00;1200;FR:Line::237820F0-01B1-49D5-AB3A-3ACA662E322E:;001361;OCESN6805F1187_F:OUI:FR:Line::237820F0-01B1-49D5-AB3A-3ACA662E322E::87723197:87756056:10:1304:20260827;6805;1;13934;;FR:Line::237820F0-01B1-49D5-AB3A-3ACA662E322E:;1187;041F;Lyon - PACA;;2;;;;StopPoint:OCETGV INOUI-87751008;Marseille Saint-Charles;;43.30266600;5.380407000;;;0;StopArea:OCE87751008
2026-07-30 12:15:43;OCESN6805F1187_F:OUI:FR:Line::237820F0-01B1-49D5-AB3A-3ACA662E322E::87723197:87756056:10:1304:20260827;StopPoint:OCETGV INOUI-87755009;2026-07-30 11:27:00;1200;2026-07-30 11:27:00;900;FR:Line::237820F0-01B1-49D5-AB3A-3ACA662E322E:;001361;OCESN6805F1187_F:OUI:FR:Line::237820F0-01B1-49D5-AB3A-3ACA662E322E::87723197:87756056:10:1304:20260827;6805;1;13934;;FR:Line::237820F0-01B1-49D5-AB3A-3ACA662E322E:;1187;041F;Lyon - PACA;;2;;;;StopPoint:OCETGV INOUI-87755009;Toulon;;43.12835300;5.929404000;;;0;StopArea:OCE87755009
2026-07-30 12:15:43;OCESN6805F1187_F:OUI:FR:Line::237820F0-01B1-49D5-AB3A-3ACA662E322E::87723197:87756056:10:1304:20260827;StopPoint:OCETGV INOUI-87757526;2026-07-30 12:22:00;900;2026-07-30 12:25:00;900;FR:Line::237820F0-01B1-49D5-AB3A-3ACA662E322E:;001361;OCESN6805F1187_F:OUI:FR:Line::237820F0-01B1-49D5-AB3A-3ACA662E322E::87723197:87756056:10:1304:20260827;6805;1;13934;;FR:Line::237820F0-01B1-49D5-AB3A-3ACA662E322E:;1187;041F;Lyon - PACA;;2;;;;StopPoint:OCETGV INOUI-87757526;Saint-Raphaël Valescure;;43.42363100;6.769037000;;;0;StopArea:OCE87757526
2026-07-30 12:15:43;OCESN6805F1187_F:OUI:FR:Line::237820F0-01B1-49D5-AB3A-3ACA662E322E::87723197:87756056:10:1304:20260827;StopPoint:OCETGV INOUI-87757625;2026-07-30 12:47:00;900;2026-07-30 12:51:00;900;FR:Line::237820F0-01B1-49D5-AB3A-3ACA662E322E:;001361;OCESN6805F1187_F:OUI:FR:Line::237820F0-01B1-49D5-AB3A-3ACA662E322E::87723197:87756056:10:1304:20260827;6805;1;13934;;FR:Line::237820F0-01B1-49D5-AB3A-3ACA662E322E:;1187;041F;Lyon - PACA;;2;;;;StopPoint:OCETGV INOUI-87757625;Cannes;;43.55390800;7.019711000;;;0;StopArea:OCE87757625
2026-07-30 12:15:43;OCESN6805F1187_F:OUI:FR:Line::237820F0-01B1-49D5-AB3A-3ACA662E322E::87723197:87756056:10:1304:20260827;StopPoint:OCETGV INOUI-87757674;2026-07-30 13:00:00;900;2026-07-30 13:03:00;900;FR:Line::237820F0-01B1-49D5-AB3A-3ACA662E322E:;001361;OCESN6805F1187_F:OUI:FR:Line::237820F0-01B1-49D5-AB3A-3ACA662E322E::87723197:87756056:10:1304:20260827;6805;1;13934;;FR:Line::237820F0-01B1-49D5-AB3A-3ACA662E322E:;1187;041F;Lyon - PACA;;2;;;;StopPoint:OCETGV INOUI-87757674;Antibes;;43.58597100;7.119913000;;;0;StopArea:OCE87757674
2026-07-30 12:15:43;OCESN6805F1187_F:OUI:FR:Line::237820F0-01B1-49D5-AB3A-3ACA662E322E::87723197:87756056:10:1304:20260827;StopPoint:OCETGV INOUI-87756056;2026-07-30 13:19:00;900;;;FR:Line::237820F0-01B1-49D5-AB3A-3ACA662E322E:;001361;OCESN6805F1187_F:OUI:FR:Line::237820F0-01B1-49D5-AB3A-3ACA662E322E::87723197:87756056:10:1304:20260827;6805;1;13934;;FR:Line::237820F0-01B1-49D5-AB3A-3ACA662E322E:;1187;041F;Lyon - PACA;;2;;;;StopPoint:OCETGV INOUI-87756056;Nice-Ville;;43.70455600;7.261904000;;;0;StopArea:OCE87756056
2026-07-30 12:15:43;OCESN9877F1187_F:OUI:FR:Line::19ea029b-6782-421a-8481-7470f5718e47::87192039:87751008:12:1504:20261011;StopPoint:OCETGV INOUI-87182063;2026-07-30 09:58:00;300;2026-07-30 10:01:00;300;FR:Line::19ea029b-6782-421a-8481-7470f5718e47:;009283;OCESN9877F1187_F:OUI:FR:Line::19ea029b-6782-421a-8481-7470f5718e47::87192039:87751008:12:1504:20261011;9877;0;48823;;FR:Line::19ea029b-6782-421a-8481-7470f5718e47:;1187;071A;Lux/Alsace/Loraine - Paca;;2;;;;StopPoint:OCETGV INOUI-87182063;Mulhouse;;47.74269100;7.343160000;;;0;StopArea:OCE87182063
2026-07-30 12:15:43;OCESN9877F1187_F:OUI:FR:Line::19ea029b-6782-421a-8481-7470f5718e47::87192039:87751008:12:1504:20261011;StopPoint:OCETGV INOUI-87300822;2026-07-30 10:24:00;300;2026-07-30 10:26:00;300;FR:Line::19ea029b-6782-421a-8481-7470f5718e47:;009283;OCESN9877F1187_F:OUI:FR:Line::19ea029b-6782-421a-8481-7470f5718e47::87192039:87751008:12:1504:20261011;9877;0;48823;;FR:Line::19ea029b-6782-421a-8481-7470f5718e47:;1187;071A;Lux/Alsace/Loraine - Paca;;2;;;;StopPoint:OCETGV INOUI-87300822;Belfort - Montbéliard TGV;;47.58510500;6.897984000;;;0;StopArea:OCE87300822
2026-07-30 12:15:43;OCESN9877F1187_F:OUI:FR:Line::19ea029b-6782-421a-8481-7470f5718e47::87192039:87751008:12:1504:20261011;StopPoint:OCETGV INOUI-87300863;2026-07-30 10:46:00;300;2026-07-30 10:49:00;300;FR:Line::19ea029b-6782-421a-8481-7470f5718e47:;009283;OCESN9877F1187_F:OUI:FR:Line::19ea029b-6782-421a-8481-7470f5718e47::87192039:87751008:12:1504:20261011;9877;0;48823;;FR:Line::19ea029b-6782-421a-8481-7470f5718e47:;1187;071A;Lux/Alsace/Loraine - Paca;;2;;;;StopPoint:OCETGV INOUI-87300863;Besançon Franche-Comté TGV;;47.30721500;5.953613000;;;0;StopArea:OCE87300863
2026-07-30 12:15:43;OCESN9877F1187_F:OUI:FR:Line::19ea029b-6782-421a-8481-7470f5718e47::87192039:87751008:12:1504:20261011;StopPoint:OCETGV INOUI-87713040;2026-07-30 11:16:00;300;2026-07-30 11:26:00;300;FR:Line::19ea029b-6782-421a-8481-7470f5718e47:;009283;OCESN9877F1187_F:OUI:FR:Line::19ea029b-6782-421a-8481-7470f5718e47::87192039:87751008:12:1504:20261011;9877;0;48823;;FR:Line::19ea029b-6782-421a-8481-7470f5718e47:;1187;071A;Lux/Alsace/Loraine - Paca;;2;;;;StopPoint:OCETGV INOUI-87713040;Dijon;;47.32341100;5.027256000;;;0;StopArea:OCE87713040
2026-07-30 12:15:43;OCESN9877F1187_F:OUI:FR:Line::19ea029b-6782-421a-8481-7470f5718e47::87192039:87751008:12:1504:20261011;StopPoint:OCETGV INOUI-87725689;2026-07-30 13:04:00;2700;2026-07-30 13:07:00;2700;FR:Line::19ea029b-6782-421a-8481-7470f5718e47:;009283;OCESN9877F1187_F:OUI:FR:Line::19ea029b-6782-421a-8481-7470f5718e47::87192039:87751008:12:1504:20261011;9877;0;48823;;FR:Line::19ea029b-6782-421a-8481-7470f5718e47:;1187;071A;Lux/Alsace/Loraine - Paca;;2;;;;StopPoint:OCETGV INOUI-87725689;Mâcon;;46.30257200;4.824887000;;;0;StopArea:OCE87725689
2026-07-30 12:15:43;OCESN9877F1187_F:OUI:FR:Line::19ea029b-6782-421a-8481-7470f5718e47::87192039:87751008:12:1504:20261011;StopPoint:OCETGV INOUI-87723197;2026-07-30 13:34:00;2100;2026-07-30 13:45:00;2100;FR:Line::19ea029b-6782-421a-8481-7470f5718e47:;009283;OCESN9877F1187_F:OUI:FR:Line::19ea029b-6782-421a-8481-7470f5718e47::87192039:87751008:12:1504:20261011;9877;0;48823;;FR:Line::19ea029b-6782-421a-8481-7470f5718e47:;1187;071A;Lux/Alsace/Loraine - Paca;;2;;;;StopPoint:OCETGV INOUI-87723197;Lyon Part Dieu;;45.76059600;4.859409000;;;0;StopArea:OCE87723197
2026-07-30 12:15:43;OCESN9877F1187_F:OUI:FR:Line::19ea029b-6782-421a-8481-7470f5718e47::87192039:87751008:12:1504:20261011;StopPoint:OCETGV INOUI-87763029;2026-07-30 14:20:00;2100;2026-07-30 14:21:00;1800;FR:Line::19ea029b-6782-421a-8481-7470f5718e47:;009283;OCESN9877F1187_F:OUI:FR:Line::19ea029b-6782-421a-8481-7470f5718e47::87192039:87751008:12:1504:20261011;9877;0;48823;;FR:Line::19ea029b-6782-421a-8481-7470f5718e47:;1187;071A;Lux/Alsace/Loraine - Paca;;2;;;;StopPoint:OCETGV INOUI-87763029;Valence TGV Rhône-Alpes Sud;;44.99190700;4.978652000;;;0;StopArea:OCE87763029
2026-07-30 12:15:43;OCESN9877F1187_F:OUI:FR:Line::19ea029b-6782-421a-8481-7470f5718e47::87192039:87751008:12:1504:20261011;StopPoint:OCETGV INOUI-87318964;2026-07-30 14:56:00;1800;2026-07-30 14:59:00;1800;FR:Line::19ea029b-6782-421a-8481-7470f5718e47:;009283;OCESN9877F1187_F:OUI:FR:Line::19ea029b-6782-421a-8481-7470f5718e47::87192039:87751008:12:1504:20261011;9877;0;48823;;FR:Line::19ea029b-6782-421a-8481-7470f5718e47:;1187;071A;Lux/Alsace/Loraine - Paca;;2;;;;StopPoint:OCETGV INOUI-87318964;Avignon TGV;;43.92194000;4.786136000;;;0;StopArea:OCE87318964
2026-07-30 12:15:43;OCESN9877F1187_F:OUI:FR:Line::19ea029b-6782-421a-8481-7470f5718e47::87192039:87751008:12:1504:20261011;StopPoint:OCETGV INOUI-87319012;2026-07-30 15:19:00;1800;2026-07-30 15:22:00;1800;FR:Line::19ea029b-6782-421a-8481-7470f5718e47:;009283;OCESN9877F1187_F:OUI:FR:Line::19ea029b-6782-421a-8481-7470f5718e47::87192039:87751008:12:1504:20261011;9877;0;48823;;FR:Line::19ea029b-6782-421a-8481-7470f5718e47:;1187;071A;Lux/Alsace/Loraine - Paca;;2;;;;StopPoint:OCETGV INOUI-87319012;Aix-en-Provence TGV;;43.45523700;5.317534000;;;0;StopArea:OCE87319012
2026-07-30 12:15:43;OCESN9877F1187_F:OUI:FR:Line::19ea029b-6782-421a-8481-7470f5718e47::87192039:87751008:12:1504:20261011;StopPoint:OCETGV INOUI-87751008;2026-07-30 15:34:00;1800;;;FR:Line::19ea029b-6782-421a-8481-7470f5718e47:;009283;OCESN9877F1187_F:OUI:FR:Line::19ea029b-6782-421a-8481-7470f5718e47::87192039:87751008:12:1504:20261011;9877;0;48823;;FR:Line::19ea029b-6782-421a-8481-7470f5718e47:;1187;071A;Lux/Alsace/Loraine - Paca;;2;;;;StopPoint:OCETGV INOUI-87751008;Marseille Saint-Charles;;43.30266600;5.380407000;;;0;StopArea:OCE87751008
2026-07-30 12:15:43;OCESN12183F1187_F:OUI:FR:Line::19ea029b-6782-421a-8481-7470f5718e47::87751008:87212027:9:1343:20261107;StopPoint:OCETGV INOUI-87319012;2026-07-30 08:28:00;300;2026-07-30 08:31:00;300;FR:Line::19ea029b-6782-421a-8481-7470f5718e47:;000227;OCESN12183F1187_F:OUI:FR:Line::19ea029b-6782-421a-8481-7470f5718e47::87751008:87212027:9:1343:20261107;12183;1;361;;FR:Line::19ea029b-6782-421a-8481-7470f5718e47:;1187;071A;Lux/Alsace/Loraine - Paca;;2;;;;StopPoint:OCETGV INOUI-87319012;Aix-en-Provence TGV;;43.45523700;5.317534000;;;0;StopArea:OCE87319012
2026-07-30 12:15:43;OCESN12183F1187_F:OUI:FR:Line::19ea029b-6782-421a-8481-7470f5718e47::87751008:87212027:9:1343:20261107;StopPoint:OCETGV INOUI-87318964;2026-07-30 08:51:00;300;2026-07-30 08:54:00;300;FR:Line::19ea029b-6782-421a-8481-7470f5718e47:;000227;OCESN12183F1187_F:OUI:FR:Line::19ea029b-6782-421a-8481-7470f5718e47::87751008:87212027:9:1343:20261107;12183;1;361;;FR:Line::19ea029b-6782-421a-8481-7470f5718e47:;1187;071A;Lux/Alsace/Loraine - Paca;;2;;;;StopPoint:OCETGV INOUI-87318964;Avignon TGV;;43.92194000;4.786136000;;;0;StopArea:OCE87318964
2026-07-30 12:15:43;OCESN12183F1187_F:OUI:FR:Line::19ea029b-6782-421a-8481-7470f5718e47::87751008:87212027:9:1343:20261107;StopPoint:OCETGV INOUI-87723197;2026-07-30 09:59:00;300;2026-07-30 10:06:00;300;FR:Line::19ea029b-6782-421a-8481-7470f5718e47:;000227;OCESN12183F1187_F:OUI:FR:Line::19ea029b-6782-421a-8481-7470f5718e47::87751008:87212027:9:1343:20261107;12183;1;361;;FR:Line::19ea029b-6782-421a-8481-7470f5718e47:;1187;071A;Lux/Alsace/Loraine - Paca;;2;;;;StopPoint:OCETGV INOUI-87723197;Lyon Part Dieu;;45.76059600;4.859409000;;;0;StopArea:OCE87723197
2026-07-30 12:15:43;OCESN12183F1187_F:OUI:FR:Line::19ea029b-6782-421a-8481-7470f5718e47::87751008:87212027:9:1343:20261107;StopPoint:OCETGV INOUI-87725002;2026-07-30 11:08:00;300;2026-07-30 11:11:00;300;FR:Line::19ea029b-6782-421a-8481-7470f5718e47:;000227;OCESN12183F1187_F:OUI:FR:Line::19ea029b-6782-421a-8481-7470f5718e47::87751008:87212027:9:1343:20261107;12183;1;361;;FR:Line::19ea029b-6782-421a-8481-7470f5718e47:;1187;071A;Lux/Alsace/Loraine - Paca;;2;;;;StopPoint:OCETGV INOUI-87725002;Chalon-sur-Saône;;46.78162200;4.843479000;;;0;StopArea:OCE87725002
2026-07-30 12:15:43;OCESN12183F1187_F:OUI:FR:Line::19ea029b-6782-421a-8481-7470f5718e47::87751008:87212027:9:1343:20261107;StopPoint:OCETGV INOUI-87300863;2026-07-30 12:06:00;300;2026-07-30 12:08:00;300;FR:Line::19ea029b-6782-421a-8481-7470f5718e47:;000227;OCESN12183F1187_F:OUI:FR:Line::19ea029b-6782-421a-8481-7470f5718e47::87751008:87212027:9:1343:20261107;12183;1;361;;FR:Line::19ea029b-6782-421a-8481-7470f5718e47:;1187;071A;Lux/Alsace/Loraine - Paca;;2;;;;StopPoint:OCETGV INOUI-87300863;Besançon Franche-Comté TGV;;47.30721500;5.953613000;;;0;StopArea:OCE87300863
2026-07-30 12:15:43;OCESN12183F1187_F:OUI:FR:Line::19ea029b-6782-421a-8481-7470f5718e47::87751008:87212027:9:1343:20261107;StopPoint:OCETGV INOUI-87300822;2026-07-30 12:29:00;300;2026-07-30 12:32:00;300;FR:Line::19ea029b-6782-421a-8481-7470f5718e47:;000227;OCESN12183F1187_F:OUI:FR:Line::19ea029b-6782-421a-8481-7470f5718e47::87751008:87212027:9:1343:20261107;12183;1;361;;FR:Line::19ea029b-6782-421a-8481-7470f5718e47:;1187;071A;Lux/Alsace/Loraine - Paca;;2;;;;StopPoint:OCETGV INOUI-87300822;Belfort - Montbéliard TGV;;47.58510500;6.897984000;;;0;StopArea:OCE87300822
2026-07-30 12:15:43;OCESN12183F1187_F:OUI:FR:Line::19ea029b-6782-421a-8481-7470f5718e47::87751008:87212027:9:1343:20261107;StopPoint:OCETGV INOUI-87182063;2026-07-30 12:55:00;300;2026-07-30 12:59:00;300;FR:Line::19ea029b-6782-421a-8481-7470f5718e47:;000227;OCESN12183F1187_F:OUI:FR:Line::19ea029b-6782-421a-8481-7470f5718e47::87751008:87212027:9:1343:20261107;12183;1;361;;FR:Line::19ea029b-6782-421a-8481-7470f5718e47:;1187;071A;Lux/Alsace/Loraine - Paca;;2;;;;StopPoint:OCETGV INOUI-87182063;Mulhouse;;47.74269100;7.343160000;;;0;StopArea:OCE87182063
2026-07-30 12:15:43;OCESN12183F1187_F:OUI:FR:Line::19ea029b-6782-421a-8481-7470f5718e47::87751008:87212027:9:1343:20261107;StopPoint:OCETGV INOUI-87212027;2026-07-30 13:48:00;300;;;FR:Line::19ea029b-6782-421a-8481-7470f5718e47:;000227;OCESN12183F1187_F:OUI:FR:Line::19ea029b-6782-421a-8481-7470f5718e47::87751008:87212027:9:1343:20261107;12183;1;361;;FR:Line::19ea029b-6782-421a-8481-7470f5718e47:;1187;071A;Lux/Alsace/Loraine - Paca;;2;;;;StopPoint:OCETGV INOUI-87212027;Strasbourg;;48.58511000;7.733882000;;;0;StopArea:OCE87212027
2026-07-30 12:15:43;OCESN9812F1187_F:OUI:FR:Line::A6C76228-9224-4C48-8B92-80FC80F093E2::88140010:87773002:8:1402:20260805;StopPoint:OCETGV INOUI-88140010;;;2026-07-30 08:22:00;300;FR:Line::A6C76228-9224-4C48-8B92-80FC80F093E2:;009198;OCESN9812F1187_F:OUI:FR:Line::A6C76228-9224-4C48-8B92-80FC80F093E2::88140010:87773002:8:1402:20260805;9812;0;48391;;FR:Line::A6C76228-9224-4C48-8B92-80FC80F093E2:;1187;001B;Lille - Mediterranee TGV;;2;;;;StopPoint:OCETGV INOUI-88140010;Bruxelles Midi;;50.83600000;4.336000000;;;0;StopArea:OCE88140010
2026-07-30 12:15:43;OCESN9812F1187_F:OUI:FR:Line::A6C76228-9224-4C48-8B92-80FC80F093E2::88140010:87773002:8:1402:20260805;StopPoint:OCETGV INOUI-87223263;2026-07-30 08:56:00;300;2026-07-30 09:06:00;300;FR:Line::A6C76228-9224-4C48-8B92-80FC80F093E2:;009198;OCESN9812F1187_F:OUI:FR:Line::A6C76228-9224-4C48-8B92-80FC80F093E2::88140010:87773002:8:1402:20260805;9812;0;48391;;FR:Line::A6C76228-9224-4C48-8B92-80FC80F093E2:;1187;001B;Lille - Mediterranee TGV;;2;;;;StopPoint:OCETGV INOUI-87223263;Lille Europe;;50.63940000;3.075721000;;;0;StopArea:OCE87223263
2026-07-30 12:15:43;OCESN9812F1187_F:OUI:FR:Line::A6C76228-9224-4C48-8B92-80FC80F093E2::88140010:87773002:8:1402:20260805;StopPoint:OCETGV INOUI-87271494;2026-07-30 09:56:00;300;2026-07-30 10:02:00;300;FR:Line::A6C76228-9224-4C48-8B92-80FC80F093E2:;009198;OCESN9812F1187_F:OUI:FR:Line::A6C76228-9224-4C48-8B92-80FC80F093E2::88140010:87773002:8:1402:20260805;9812;0;48391;;FR:Line::A6C76228-9224-4C48-8B92-80FC80F093E2:;1187;001B;Lille - Mediterranee TGV;;2;;;;StopPoint:OCETGV INOUI-87271494;Aéroport Charles de Gaulle 2 TGV;;49.00361800;2.570812000;;;0;StopArea:OCE87271494
2026-07-30 12:15:43;OCESN9812F1187_F:OUI:FR:Line::A6C76228-9224-4C48-8B92-80FC80F093E2::88140010:87773002:8:1402:20260805;StopPoint:OCETGV INOUI-87111849;2026-07-30 10:13:00;300;2026-07-30 10:18:00;300;FR:Line::A6C76228-9224-4C48-8B92-80FC80F093E2:;009198;OCESN9812F1187_F:OUI:FR:Line::A6C76228-9224-4C48-8B92-80FC80F093E2::88140010:87773002:8:1402:20260805;9812;0;48391;;FR:Line::A6C76228-9224-4C48-8B92-80FC80F093E2:;1187;001B;Lille - Mediterranee TGV;;2;;;;StopPoint:OCETGV INOUI-87111849;Marne-la-Vallée Chessy;;48.86989800;2.782626000;;;0;StopArea:OCE87111849
2026-07-30 12:15:43;OCESN9812F1187_F:OUI:FR:Line::A6C76228-9224-4C48-8B92-80FC80F093E2::88140010:87773002:8:1402:20260805;StopPoint:OCETGV INOUI-87723197;2026-07-30 12:05:00;300;2026-07-30 12:15:00;300;FR:Line::A6C76228-9224-4C48-8B92-80FC80F093E2:;009198;OCESN9812F1187_F:OUI:FR:Line::A6C76228-9224-4C48-8B92-80FC80F093E2::88140010:87773002:8:1402:20260805;9812;0;48391;;FR:Line::A6C76228-9224-4C48-8B92-80FC80F093E2:;1187;001B;Lille - Mediterranee TGV;;2;;;;StopPoint:OCETGV INOUI-87723197;Lyon Part Dieu;;45.76059600;4.859409000;;;0;StopArea:OCE87723197
2026-07-30 12:15:43;OCESN9812F1187_F:OUI:FR:Line::A6C76228-9224-4C48-8B92-80FC80F093E2::88140010:87773002:8:1402:20260805;StopPoint:OCETGV INOUI-87763029;2026-07-30 12:50:00;300;2026-07-30 12:55:00;300;FR:Line::A6C76228-9224-4C48-8B92-80FC80F093E2:;009198;OCESN9812F1187_F:OUI:FR:Line::A6C76228-9224-4C48-8B92-80FC80F093E2::88140010:87773002:8:1402:20260805;9812;0;48391;;FR:Line::A6C76228-9224-4C48-8B92-80FC80F093E2:;1187;001B;Lille - Mediterranee TGV;;2;;;;StopPoint:OCETGV INOUI-87763029;Valence TGV Rhône-Alpes Sud;;44.99190700;4.978652000;;;0;StopArea:OCE87763029
2026-07-30 12:15:43;OCESN9812F1187_F:OUI:FR:Line::A6C76228-9224-4C48-8B92-80FC80F093E2::88140010:87773002:8:1402:20260805;StopPoint:OCETGV INOUI-87775007;2026-07-30 13:39:00;300;2026-07-30 13:42:00;300;FR:Line::A6C76228-9224-4C48-8B92-80FC80F093E2:;009198;OCESN9812F1187_F:OUI:FR:Line::A6C76228-9224-4C48-8B92-80FC80F093E2::88140010:87773002:8:1402:20260805;9812;0;48391;;FR:Line::A6C76228-9224-4C48-8B92-80FC80F093E2:;1187;001B;Lille - Mediterranee TGV;;2;;;;StopPoint:OCETGV INOUI-87775007;Nîmes Centre;;43.83231300;4.365872000;;;0;StopArea:OCE87775007
2026-07-30 12:15:43;OCESN9812F1187_F:OUI:FR:Line::A6C76228-9224-4C48-8B92-80FC80F093E2::88140010:87773002:8:1402:20260805;StopPoint:OCETGV INOUI-87773002;2026-07-30 14:07:00;300;;;FR:Line::A6C76228-9224-4C48-8B92-80FC80F093E2:;009198;OCESN9812F1187_F:OUI:FR:Line::A6C76228-9224-4C48-8B92-80FC80F093E2::88140010:87773002:8:1402:20260805;9812;0;48391;;FR:Line::A6C76228-9224-4C48-8B92-80FC80F093E2:;1187;001B;Lille - Mediterranee TGV;;2;;;;StopPoint:OCETGV INOUI-87773002;Montpellier Saint-Roch;;43.60473800;3.880674000;;;0;StopArea:OCE87773002
2026-07-30 12:15:43;OCESN6112F1187_F:OUI:FR:Line::BAF1DE9A-72EC-4064-8BE9-C4EFF292CB6A::87751008:87686006:4:1222:20261026;StopPoint:OCETGV INOUI-87751008;;;2026-07-30 10:03:00;3600;FR:Line::BAF1DE9A-72EC-4064-8BE9-C4EFF292CB6A:;003239;OCESN6112F1187_F:OUI:FR:Line::BAF1DE9A-72EC-4064-8BE9-C4EFF292CB6A::87751008:87686006:4:1222:20261026;6112;0;12739;;FR:Line::BAF1DE9A-72EC-4064-8BE9-C4EFF292CB6A:;1187;631B;Paris - Marseille - Toulon TGV;;2;;;;StopPoint:OCETGV INOUI-87751008;Marseille Saint-Charles;;43.30266600;5.380407000;;;0;StopArea:OCE87751008
2026-07-30 12:15:43;OCESN6112F1187_F:OUI:FR:Line::BAF1DE9A-72EC-4064-8BE9-C4EFF292CB6A::87751008:87686006:4:1222:20261026;StopPoint:OCETGV INOUI-87319012;2026-07-30 10:15:00;3600;2026-07-30 10:18:00;3600;FR:Line::BAF1DE9A-72EC-4064-8BE9-C4EFF292CB6A:;003239;OCESN6112F1187_F:OUI:FR:Line::BAF1DE9A-72EC-4064-8BE9-C4EFF292CB6A::87751008:87686006:4:1222:20261026;6112;0;12739;;FR:Line::BAF1DE9A-72EC-4064-8BE9-C4EFF292CB6A:;1187;631B;Paris - Marseille - Toulon TGV;;2;;;;StopPoint:OCETGV INOUI-87319012;Aix-en-Provence TGV;;43.45523700;5.317534000;;;0;StopArea:OCE87319012
2026-07-30 12:15:43;OCESN6112F1187_F:OUI:FR:Line::BAF1DE9A-72EC-4064-8BE9-C4EFF292CB6A::87751008:87686006:4:1222:20261026;StopPoint:OCETGV INOUI-87318964;2026-07-30 10:38:00;3600;2026-07-30 10:41:00;3600;FR:Line::BAF1DE9A-72EC-4064-8BE9-C4EFF292CB6A:;003239;OCESN6112F1187_F:OUI:FR:Line::BAF1DE9A-72EC-4064-8BE9-C4EFF292CB6A::87751008:87686006:4:1222:20261026;6112;0;12739;;FR:Line::BAF1DE9A-72EC-4064-8BE9-C4EFF292CB6A:;1187;631B;Paris - Marseille - Toulon TGV;;2;;;;StopPoint:OCETGV INOUI-87318964;Avignon TGV;;43.92194000;4.786136000;;;0;StopArea:OCE87318964
2026-07-30 12:15:43;OCESN6112F1187_F:OUI:FR:Line::BAF1DE9A-72EC-4064-8BE9-C4EFF292CB6A::87751008:87686006:4:1222:20261026;StopPoint:OCETGV INOUI-87686006;2026-07-30 13:22:00;3600;;;FR:Line::BAF1DE9A-72EC-4064-8BE9-C4EFF292CB6A:;003239;OCESN6112F1187_F:OUI:FR:Line::BAF1DE9A-72EC-4064-8BE9-C4EFF292CB6A::87751008:87686006:4:1222:20261026;6112;0;12739;;FR:Line::BAF1DE9A-72EC-4064-8BE9-C4EFF292CB6A:;1187;631B;Paris - Marseille - Toulon TGV;;2;;;;StopPoint:OCETGV INOUI-87686006;Paris Gare de Lyon Hall 1 - 2;;48.84494500;2.373481000;;;0;StopArea:OCE87686006
2026-07-30 12:15:43;OCESN12179F1187_F:OUI:FR:Line::19ea029b-6782-421a-8481-7470f5718e47::87212027:87751008:11:1504:20261108;StopPoint:OCETGV INOUI-87182063;2026-07-30 09:58:00;300;2026-07-30 10:01:00;300;FR:Line::19ea029b-6782-421a-8481-7470f5718e47:;000201;OCESN12179F1187_F:OUI:FR:Line::19ea029b-6782-421a-8481-7470f5718e47::87212027:87751008:11:1504:20261108;12179;0;318;;FR:Line::19ea029b-6782-421a-8481-7470f5718e47:;1187;071A;Lux/Alsace/Loraine - Paca;;2;;;;StopPoint:OCETGV INOUI-87182063;Mulhouse;;47.74269100;7.343160000;;;0;StopArea:OCE87182063
2026-07-30 12:15:43;OCESN12179F1187_F:OUI:FR:Line::19ea029b-6782-421a-8481-7470f5718e47::87212027:87751008:11:1504:20261108;StopPoint:OCETGV INOUI-87300822;2026-07-30 10:24:00;300;2026-07-30 10:26:00;300;FR:Line::19ea029b-6782-421a-8481-7470f5718e47:;000201;OCESN12179F1187_F:OUI:FR:Line::19ea029b-6782-421a-8481-7470f5718e47::87212027:87751008:11:1504:20261108;12179;0;318;;FR:Line::19ea029b-6782-421a-8481-7470f5718e47:;1187;071A;Lux/Alsace/Loraine - Paca;;2;;;;StopPoint:OCETGV INOUI-87300822;Belfort - Montbéliard TGV;;47.58510500;6.897984000;;;0;StopArea:OCE87300822
2026-07-30 12:15:43;OCESN12179F1187_F:OUI:FR:Line::19ea029b-6782-421a-8481-7470f5718e47::87212027:87751008:11:1504:20261108;StopPoint:OCETGV INOUI-87300863;2026-07-30 10:46:00;300;2026-07-30 10:49:00;300;FR:Line::19ea029b-6782-421a-8481-7470f5718e47:;000201;OCESN12179F1187_F:OUI:FR:Line::19ea029b-6782-421a-8481-7470f5718e47::87212027:87751008:11:1504:20261108;12179;0;318;;FR:Line::19ea029b-6782-421a-8481-7470f5718e47:;1187;071A;Lux/Alsace/Loraine - Paca;;2;;;;StopPoint:OCETGV INOUI-87300863;Besançon Franche-Comté TGV;;47.30721500;5.953613000;;;0;StopArea:OCE87300863
2026-07-30 12:15:43;OCESN12179F1187_F:OUI:FR:Line::19ea029b-6782-421a-8481-7470f5718e47::87212027:87751008:11:1504:20261108;StopPoint:OCETGV INOUI-87713040;2026-07-30 11:16:00;300;2026-07-30 11:26:00;300;FR:Line::19ea029b-6782-421a-8481-7470f5718e47:;000201;OCESN12179F1187_F:OUI:FR:Line::19ea029b-6782-421a-8481-7470f5718e47::87212027:87751008:11:1504:20261108;12179;0;318;;FR:Line::19ea029b-6782-421a-8481-7470f5718e47:;1187;071A;Lux/Alsace/Loraine - Paca;;2;;;;StopPoint:OCETGV INOUI-87713040;Dijon;;47.32341100;5.027256000;;;0;StopArea:OCE87713040
2026-07-30 12:15:43;OCESN12179F1187_F:OUI:FR:Line::19ea029b-6782-421a-8481-7470f5718e47::87212027:87751008:11:1504:20261108;StopPoint:OCETGV INOUI-87725689;2026-07-30 13:04:00;2700;2026-07-30 13:07:00;2700;FR:Line::19ea029b-6782-421a-8481-7470f5718e47:;000201;OCESN12179F1187_F:OUI:FR:Line::19ea029b-6782-421a-8481-7470f5718e47::87212027:87751008:11:1504:20261108;12179;0;318;;FR:Line::19ea029b-6782-421a-8481-7470f5718e47:;1187;071A;Lux/Alsace/Loraine - Paca;;2;;;;StopPoint:OCETGV INOUI-87725689;Mâcon;;46.30257200;4.824887000;;;0;StopArea:OCE87725689
2026-07-30 12:15:43;OCESN12179F1187_F:OUI:FR:Line::19ea029b-6782-421a-8481-7470f5718e47::87212027:87751008:11:1504:20261108;StopPoint:OCETGV INOUI-87723197;2026-07-30 13:34:00;2100;2026-07-30 13:45:00;2100;FR:Line::19ea029b-6782-421a-8481-7470f5718e47:;000201;OCESN12179F1187_F:OUI:FR:Line::19ea029b-6782-421a-8481-7470f5718e47::87212027:87751008:11:1504:20261108;12179;0;318;;FR:Line::19ea029b-6782-421a-8481-7470f5718e47:;1187;071A;Lux/Alsace/Loraine - Paca;;2;;;;StopPoint:OCETGV INOUI-87723197;Lyon Part Dieu;;45.76059600;4.859409000;;;0;StopArea:OCE87723197
2026-07-30 12:15:43;OCESN12179F1187_F:OUI:FR:Line::19ea029b-6782-421a-8481-7470f5718e47::87212027:87751008:11:1504:20261108;StopPoint:OCETGV INOUI-87763029;2026-07-30 14:20:00;2100;2026-07-30 14:21:00;1800;FR:Line::19ea029b-6782-421a-8481-7470f5718e47:;000201;OCESN12179F1187_F:OUI:FR:Line::19ea029b-6782-421a-8481-7470f5718e47::87212027:87751008:11:1504:20261108;12179;0;318;;FR:Line::19ea029b-6782-421a-8481-7470f5718e47:;1187;071A;Lux/Alsace/Loraine - Paca;;2;;;;StopPoint:OCETGV INOUI-87763029;Valence TGV Rhône-Alpes Sud;;44.99190700;4.978652000;;;0;StopArea:OCE87763029
2026-07-30 12:15:43;OCESN12179F1187_F:OUI:FR:Line::19ea029b-6782-421a-8481-7470f5718e47::87212027:87751008:11:1504:20261108;StopPoint:OCETGV INOUI-87318964;2026-07-30 14:56:00;1800;2026-07-30 14:59:00;1800;FR:Line::19ea029b-6782-421a-8481-7470f5718e47:;000201;OCESN12179F1187_F:OUI:FR:Line::19ea029b-6782-421a-8481-7470f5718e47::87212027:87751008:11:1504:20261108;12179;0;318;;FR:Line::19ea029b-6782-421a-8481-7470f5718e47:;1187;071A;Lux/Alsace/Loraine - Paca;;2;;;;StopPoint:OCETGV INOUI-87318964;Avignon TGV;;43.92194000;4.786136000;;;0;StopArea:OCE87318964
2026-07-30 12:15:43;OCESN12179F1187_F:OUI:FR:Line::19ea029b-6782-421a-8481-7470f5718e47::87212027:87751008:11:1504:20261108;StopPoint:OCETGV INOUI-87319012;2026-07-30 15:19:00;1800;2026-07-30 15:22:00;1800;FR:Line::19ea029b-6782-421a-8481-7470f5718e47:;000201;OCESN12179F1187_F:OUI:FR:Line::19ea029b-6782-421a-8481-7470f5718e47::87212027:87751008:11:1504:20261108;12179;0;318;;FR:Line::19ea029b-6782-421a-8481-7470f5718e47:;1187;071A;Lux/Alsace/Loraine - Paca;;2;;;;StopPoint:OCETGV INOUI-87319012;Aix-en-Provence TGV;;43.45523700;5.317534000;;;0;StopArea:OCE87319012
2026-07-30 12:15:43;OCESN12179F1187_F:OUI:FR:Line::19ea029b-6782-421a-8481-7470f5718e47::87212027:87751008:11:1504:20261108;StopPoint:OCETGV INOUI-87751008;2026-07-30 15:34:00;1800;;;FR:Line::19ea029b-6782-421a-8481-7470f5718e47:;000201;OCESN12179F1187_F:OUI:FR:Line::19ea029b-6782-421a-8481-7470f5718e47::87212027:87751008:11:1504:20261108;12179;0;318;;FR:Line::19ea029b-6782-421a-8481-7470f5718e47:;1187;071A;Lux/Alsace/Loraine - Paca;;2;;;;StopPoint:OCETGV INOUI-87751008;Marseille Saint-Charles;;43.30266600;5.380407000;;;0;StopArea:OCE87751008
2026-07-30 12:15:43;OCESN12562F1187_F:OUI:FR:Line::A6C76228-9224-4C48-8B92-80FC80F093E2::87688887:87223263:9:1424:20261211;StopPoint:OCETGV INOUI-87723197;2026-07-30 11:00:00;600;2026-07-30 11:10:00;600;FR:Line::A6C76228-9224-4C48-8B92-80FC80F093E2:;000512;OCESN12562F1187_F:OUI:FR:Line::A6C76228-9224-4C48-8B92-80FC80F093E2::87688887:87223263:9:1424:20261211;12562;1;876;;FR:Line::A6C76228-9224-4C48-8B92-80FC80F093E2:;1187;001B;Lille - Mediterranee TGV;;2;;;;StopPoint:OCETGV INOUI-87723197;Lyon Part Dieu;;45.76059600;4.859409000;;;0;StopArea:OCE87723197
2026-07-30 12:15:43;OCESN12562F1187_F:OUI:FR:Line::A6C76228-9224-4C48-8B92-80FC80F093E2::87688887:87223263:9:1424:20261211;StopPoint:OCETGV INOUI-87111849;2026-07-30 12:50:00;300;2026-07-30 12:55:00;300;FR:Line::A6C76228-9224-4C48-8B92-80FC80F093E2:;000512;OCESN12562F1187_F:OUI:FR:Line::A6C76228-9224-4C48-8B92-80FC80F093E2::87688887:87223263:9:1424:20261211;12562;1;876;;FR:Line::A6C76228-9224-4C48-8B92-80FC80F093E2:;1187;001B;Lille - Mediterranee TGV;;2;;;;StopPoint:OCETGV INOUI-87111849;Marne-la-Vallée Chessy;;48.86989800;2.782626000;;;0;StopArea:OCE87111849
2026-07-30 12:15:43;OCESN12562F1187_F:OUI:FR:Line::A6C76228-9224-4C48-8B92-80FC80F093E2::87688887:87223263:9:1424:20261211;StopPoint:OCETGV INOUI-87271494;2026-07-30 13:06:00;300;2026-07-30 13:08:00;0;FR:Line::A6C76228-9224-4C48-8B92-80FC80F093E2:;000512;OCESN12562F1187_F:OUI:FR:Line::A6C76228-9224-4C48-8B92-80FC80F093E2::87688887:87223263:9:1424:20261211;12562;1;876;;FR:Line::A6C76228-9224-4C48-8B92-80FC80F093E2:;1187;001B;Lille - Mediterranee TGV;;2;;;;StopPoint:OCETGV INOUI-87271494;Aéroport Charles de Gaulle 2 TGV;;49.00361800;2.570812000;;;0;StopArea:OCE87271494
2026-07-30 12:15:43;OCESN9862F1187_F:OUI:FR:Line::A6C76228-9224-4C48-8B92-80FC80F093E2::87688887:88140010:10:1526:20261211;StopPoint:OCETGV INOUI-87723197;2026-07-30 11:00:00;600;2026-07-30 11:10:00;600;FR:Line::A6C76228-9224-4C48-8B92-80FC80F093E2:;009251;OCESN9862F1187_F:OUI:FR:Line::A6C76228-9224-4C48-8B92-80FC80F093E2::87688887:88140010:10:1526:20261211;9862;1;48677;;FR:Line::A6C76228-9224-4C48-8B92-80FC80F093E2:;1187;001B;Lille - Mediterranee TGV;;2;;;;StopPoint:OCETGV INOUI-87723197;Lyon Part Dieu;;45.76059600;4.859409000;;;0;StopArea:OCE87723197
2026-07-30 12:15:43;OCESN9862F1187_F:OUI:FR:Line::A6C76228-9224-4C48-8B92-80FC80F093E2::87688887:88140010:10:1526:20261211;StopPoint:OCETGV INOUI-87111849;2026-07-30 12:50:00;300;2026-07-30 12:55:00;300;FR:Line::A6C76228-9224-4C48-8B92-80FC80F093E2:;009251;OCESN9862F1187_F:OUI:FR:Line::A6C76228-9224-4C48-8B92-80FC80F093E2::87688887:88140010:10:1526:20261211;9862;1;48677;;FR:Line::A6C76228-9224-4C48-8B92-80FC80F093E2:;1187;001B;Lille - Mediterranee TGV;;2;;;;StopPoint:OCETGV INOUI-87111849;Marne-la-Vallée Chessy;;48.86989800;2.782626000;;;0;StopArea:OCE87111849
2026-07-30 12:15:43;OCESN9862F1187_F:OUI:FR:Line::A6C76228-9224-4C48-8B92-80FC80F093E2::87688887:88140010:10:1526:20261211;StopPoint:OCETGV INOUI-87271494;2026-07-30 13:06:00;300;2026-07-30 13:08:00;0;FR:Line::A6C76228-9224-4C48-8B92-80FC80F093E2:;009251;OCESN9862F1187_F:OUI:FR:Line::A6C76228-9224-4C48-8B92-80FC80F093E2::87688887:88140010:10:1526:20261211;9862;1;48677;;FR:Line::A6C76228-9224-4C48-8B92-80FC80F093E2:;1187;001B;Lille - Mediterranee TGV;;2;;;;StopPoint:OCETGV INOUI-87271494;Aéroport Charles de Gaulle 2 TGV;;49.00361800;2.570812000;;;0;StopArea:OCE87271494
2026-07-30 12:15:43;OCESN6964F1187_F:OUI:FR:Line::60faff89-b743-4b4b-a86b-3c0537769bfa::87746008:87686006:5:1314:20261026;StopPoint:OCETGV INOUI-87725705;2026-07-30 11:40:00;300;2026-07-30 11:43:00;300;FR:Line::60faff89-b743-4b4b-a86b-3c0537769bfa:;003765;OCESN6964F1187_F:OUI:FR:Line::60faff89-b743-4b4b-a86b-3c0537769bfa::87746008:87686006:5:1314:20261026;6964;0;14528;;FR:Line::60faff89-b743-4b4b-a86b-3c0537769bfa:;1187;621B;Paris - Chambéry - Annecy TGV;;2;;;;StopPoint:OCETGV INOUI-87725705;Mâcon - Loché TGV;;46.28291200;4.778924000;;;0;StopArea:OCE87725705
2026-07-30 12:15:43;OCESN9708F1187_F:OUI:FR:Line::6667353C-75C7-4A33-8ADE-EBA7FFC003C6::71718010:87686006:12:1612:20260730;StopPoint:OCETGV INOUI-87688887;2026-07-30 12:51:00;300;2026-07-30 12:51:00;0;FR:Line::6667353C-75C7-4A33-8ADE-EBA7FFC003C6:;000049;OCESN9708F1187_F:OUI:FR:Line::6667353C-75C7-4A33-8ADE-EBA7FFC003C6::71718010:87686006:12:1612:20260730;9708;0;48164;;FR:Line::6667353C-75C7-4A33-8ADE-EBA7FFC003C6:;1187;802A;Paris - Espagne TGV;;2;;;;StopPoint:OCETGV INOUI-87688887;Montpellier Sud de France;;43.59514600;3.924009000;;;0;StopArea:OCE87688887
2026-07-30 12:15:43;OCESN7516F1187_F:OUI:FR:Line::69ABADD2-325C-47DC-BC61-D74DD87C5E3C::87317586:87271007:5:1208:20260814;StopPoint:OCETGV INOUI-87342014;2026-07-30 11:18:00;300;2026-07-30 11:23:00;300;FR:Line::69ABADD2-325C-47DC-BC61-D74DD87C5E3C:;003972;OCESN7516F1187_F:OUI:FR:Line::69ABADD2-325C-47DC-BC61-D74DD87C5E3C::87317586:87271007:5:1208:20260814;7516;0;15485;;FR:Line::69ABADD2-325C-47DC-BC61-D74DD87C5E3C:;1187;261E;Paris - Littoral;;2;;;;StopPoint:OCETGV INOUI-87342014;Arras;;50.28697100;2.781314000;;;0;StopArea:OCE87342014
2026-07-30 12:15:43;OCESN7516F1187_F:OUI:FR:Line::69ABADD2-325C-47DC-BC61-D74DD87C5E3C::87317586:87271007:5:1208:20260814;StopPoint:OCETGV INOUI-87271007;2026-07-30 12:28:00;1200;;;FR:Line::69ABADD2-325C-47DC-BC61-D74DD87C5E3C:;003972;OCESN7516F1187_F:OUI:FR:Line::69ABADD2-325C-47DC-BC61-D74DD87C5E3C::87317586:87271007:5:1208:20260814;7516;0;15485;;FR:Line::69ABADD2-325C-47DC-BC61-D74DD87C5E3C:;1187;261E;Paris - Littoral;;2;;;;StopPoint:OCETGV INOUI-87271007;Paris Gare du Nord;;48.88013600;2.354851000;;;0;StopArea:OCE87271007
2026-07-30 12:15:43;OCESN8913F1187_F:OUI:FR:Line::1F038E5C-9CF4-4BFC-9D55-33F57B4DB04F::87391003:87481788:7:1303:20261026;StopPoint:OCETGV INOUI-87484006;2026-07-30 11:19:00;300;2026-07-30 11:22:00;300;FR:Line::1F038E5C-9CF4-4BFC-9D55-33F57B4DB04F:;009683;OCESN8913F1187_F:OUI:FR:Line::1F038E5C-9CF4-4BFC-9D55-33F57B4DB04F::87391003:87481788:7:1303:20261026;8913;1;45397;;FR:Line::1F038E5C-9CF4-4BFC-9D55-33F57B4DB04F:;1187;411A;Paris - Saint-Nazaire - Le Croisic TGV;;2;;;;StopPoint:OCETGV INOUI-87484006;Angers Saint-Laud;;47.46464900;-0.55677000;;;0;StopArea:OCE87484006
2026-07-30 12:15:43;OCESN8913F1187_F:OUI:FR:Line::1F038E5C-9CF4-4BFC-9D55-33F57B4DB04F::87391003:87481788:7:1303:20261026;StopPoint:OCETGV INOUI-87481002;2026-07-30 11:59:00;300;2026-07-30 12:00:00;0;FR:Line::1F038E5C-9CF4-4BFC-9D55-33F57B4DB04F:;009683;OCESN8913F1187_F:OUI:FR:Line::1F038E5C-9CF4-4BFC-9D55-33F57B4DB04F::87391003:87481788:7:1303:20261026;8913;1;45397;;FR:Line::1F038E5C-9CF4-4BFC-9D55-33F57B4DB04F:;1187;411A;Paris - Saint-Nazaire - Le Croisic TGV;;2;;;;StopPoint:OCETGV INOUI-87481002;Nantes;;47.21749100;-1.54207700;;;0;StopArea:OCE87481002
2026-07-30 12:15:43;OCESN8973F1187_F:OUI:FR:Line::2C32F2C3-282A-4DCA-80AF-1B2FEAA61B11::87391003:87486449:6:1314:20260730;StopPoint:OCETGV INOUI-87484006;2026-07-30 11:19:00;300;2026-07-30 11:22:00;300;FR:Line::2C32F2C3-282A-4DCA-80AF-1B2FEAA61B11:;000349;OCESN8973F1187_F:OUI:FR:Line::2C32F2C3-282A-4DCA-80AF-1B2FEAA61B11::87391003:87486449:6:1314:20260730;8973;1;47032;;FR:Line::2C32F2C3-282A-4DCA-80AF-1B2FEAA61B11:;1187;411B;Paris - Les Sables d'Olonnes TGV;;2;;;;StopPoint:OCETGV INOUI-87484006;Angers Saint-Laud;;47.46464900;-0.55677000;;;0;StopArea:OCE87484006
2026-07-30 12:15:43;OCESN8973F1187_F:OUI:FR:Line::2C32F2C3-282A-4DCA-80AF-1B2FEAA61B11::87391003:87486449:6:1314:20260730;StopPoint:OCETGV INOUI-87481002;2026-07-30 11:59:00;300;2026-07-30 12:05:00;0;FR:Line::2C32F2C3-282A-4DCA-80AF-1B2FEAA61B11:;000349;OCESN8973F1187_F:OUI:FR:Line::2C32F2C3-282A-4DCA-80AF-1B2FEAA61B11::87391003:87486449:6:1314:20260730;8973;1;47032;;FR:Line::2C32F2C3-282A-4DCA-80AF-1B2FEAA61B11:;1187;411B;Paris - Les Sables d'Olonnes TGV;;2;;;;StopPoint:OCETGV INOUI-87481002;Nantes;;47.21749100;-1.54207700;;;0;StopArea:OCE87481002
2026-07-30 12:15:43;OCESN6908F1187_F:OUI:FR:Line::D9F206DE-37B5-4299-A71A-5B4201D0B9F9::87747006:87686006:3:1246:20261026;StopPoint:OCETGV INOUI-87762906;2026-07-30 10:54:00;300;2026-07-30 10:59:00;300;FR:Line::D9F206DE-37B5-4299-A71A-5B4201D0B9F9:;003721;OCESN6908F1187_F:OUI:FR:Line::D9F206DE-37B5-4299-A71A-5B4201D0B9F9::87747006:87686006:3:1246:20261026;6908;0;14391;;FR:Line::D9F206DE-37B5-4299-A71A-5B4201D0B9F9:;1187;621A;Paris - Grenoble TGV;;2;;;;StopPoint:OCETGV INOUI-87762906;Lyon Saint-Exupéry TGV;;45.72110900;5.074969000;;;0;StopArea:OCE87762906
2026-07-30 12:15:43;OCESN6937F1187_F:OUI:FR:Line::60faff89-b743-4b4b-a86b-3c0537769bfa::87686006:87746008:5:1329:20261212;StopPoint:OCETGV INOUI-87725705;2026-07-30 11:25:00;300;2026-07-30 11:28:00;300;FR:Line::60faff89-b743-4b4b-a86b-3c0537769bfa:;003745;OCESN6937F1187_F:OUI:FR:Line::60faff89-b743-4b4b-a86b-3c0537769bfa::87686006:87746008:5:1329:20261212;6937;1;14460;;FR:Line::60faff89-b743-4b4b-a86b-3c0537769bfa:;1187;621B;Paris - Chambéry - Annecy TGV;;2;;;;StopPoint:OCETGV INOUI-87725705;Mâcon - Loché TGV;;46.28291200;4.778924000;;;0;StopArea:OCE87725705
2026-07-30 12:15:43;OCESN6937F1187_F:OUI:FR:Line::60faff89-b743-4b4b-a86b-3c0537769bfa::87686006:87746008:5:1329:20261212;StopPoint:OCETGV INOUI-87741009;2026-07-30 12:40:00;300;2026-07-30 12:53:00;300;FR:Line::60faff89-b743-4b4b-a86b-3c0537769bfa:;003745;OCESN6937F1187_F:OUI:FR:Line::60faff89-b743-4b4b-a86b-3c0537769bfa::87686006:87746008:5:1329:20261212;6937;1;14460;;FR:Line::60faff89-b743-4b4b-a86b-3c0537769bfa:;1187;621B;Paris - Chambéry - Annecy TGV;;2;;;;StopPoint:OCETGV INOUI-87741009;Chambéry - Challes-les-Eaux;;45.57130200;5.919547000;;;0;StopArea:OCE87741009
2026-07-30 12:15:43;OCESN6937F1187_F:OUI:FR:Line::60faff89-b743-4b4b-a86b-3c0537769bfa::87686006:87746008:5:1329:20261212;StopPoint:OCETGV INOUI-87741132;2026-07-30 13:03:00;300;2026-07-30 13:07:00;300;FR:Line::60faff89-b743-4b4b-a86b-3c0537769bfa:;003745;OCESN6937F1187_F:OUI:FR:Line::60faff89-b743-4b4b-a86b-3c0537769bfa::87686006:87746008:5:1329:20261212;6937;1;14460;;FR:Line::60faff89-b743-4b4b-a86b-3c0537769bfa:;1187;621B;Paris - Chambéry - Annecy TGV;;2;;;;StopPoint:OCETGV INOUI-87741132;Aix-les-Bains le Revard;;45.68816100;5.909371000;;;0;StopArea:OCE87741132
2026-07-30 12:15:43;OCESN6937F1187_F:OUI:FR:Line::60faff89-b743-4b4b-a86b-3c0537769bfa::87686006:87746008:5:1329:20261212;StopPoint:OCETGV INOUI-87746008;2026-07-30 13:34:00;300;;;FR:Line::60faff89-b743-4b4b-a86b-3c0537769bfa:;003745;OCESN6937F1187_F:OUI:FR:Line::60faff89-b743-4b4b-a86b-3c0537769bfa::87686006:87746008:5:1329:20261212;6937;1;14460;;FR:Line::60faff89-b743-4b4b-a86b-3c0537769bfa:;1187;621B;Paris - Chambéry - Annecy TGV;;2;;;;StopPoint:OCETGV INOUI-87746008;Annecy;;45.90204700;6.121826000;;;0;StopArea:OCE87746008
2026-07-30 12:15:43;OCESN9247F1187_F:OUI:FR:Line::2FFF7F96-0EBC-4AA1-B417-38EBD492057E::87686006:83016451:7:1653:20261212;StopPoint:OCETGV INOUI-87725705;2026-07-30 11:25:00;300;2026-07-30 11:28:00;300;FR:Line::2FFF7F96-0EBC-4AA1-B417-38EBD492057E:;008927;OCESN9247F1187_F:OUI:FR:Line::2FFF7F96-0EBC-4AA1-B417-38EBD492057E::87686006:83016451:7:1653:20261212;9247;0;47224;;FR:Line::2FFF7F96-0EBC-4AA1-B417-38EBD492057E:;1187;641A;Paris Milan;;2;;;;StopPoint:OCETGV INOUI-87725705;Mâcon - Loché TGV;;46.28291200;4.778924000;;;0;StopArea:OCE87725705
2026-07-30 12:15:43;OCESN9247F1187_F:OUI:FR:Line::2FFF7F96-0EBC-4AA1-B417-38EBD492057E::87686006:83016451:7:1653:20261212;StopPoint:OCETGV INOUI-87741009;2026-07-30 12:40:00;300;2026-07-30 12:49:00;300;FR:Line::2FFF7F96-0EBC-4AA1-B417-38EBD492057E:;008927;OCESN9247F1187_F:OUI:FR:Line::2FFF7F96-0EBC-4AA1-B417-38EBD492057E::87686006:83016451:7:1653:20261212;9247;0;47224;;FR:Line::2FFF7F96-0EBC-4AA1-B417-38EBD492057E:;1187;641A;Paris Milan;;2;;;;StopPoint:OCETGV INOUI-87741009;Chambéry - Challes-les-Eaux;;45.57130200;5.919547000;;;0;StopArea:OCE87741009
2026-07-30 12:15:43;OCESN9247F1187_F:OUI:FR:Line::2FFF7F96-0EBC-4AA1-B417-38EBD492057E::87686006:83016451:7:1653:20261212;StopPoint:OCETGV INOUI-87742007;2026-07-30 13:51:00;300;2026-07-30 14:00:00;300;FR:Line::2FFF7F96-0EBC-4AA1-B417-38EBD492057E:;008927;OCESN9247F1187_F:OUI:FR:Line::2FFF7F96-0EBC-4AA1-B417-38EBD492057E::87686006:83016451:7:1653:20261212;9247;0;47224;;FR:Line::2FFF7F96-0EBC-4AA1-B417-38EBD492057E:;1187;641A;Paris Milan;;2;;;;StopPoint:OCETGV INOUI-87742007;Modane;;45.19355500;6.659139000;;;0;StopArea:OCE87742007
2026-07-30 12:15:43;OCESN9247F1187_F:OUI:FR:Line::2FFF7F96-0EBC-4AA1-B417-38EBD492057E::87686006:83016451:7:1653:20261212;StopPoint:OCETGV INOUI-83002048;2026-07-30 14:26:00;300;2026-07-30 14:28:00;300;FR:Line::2FFF7F96-0EBC-4AA1-B417-38EBD492057E:;008927;OCESN9247F1187_F:OUI:FR:Line::2FFF7F96-0EBC-4AA1-B417-38EBD492057E::87686006:83016451:7:1653:20261212;9247;0;47224;;FR:Line::2FFF7F96-0EBC-4AA1-B417-38EBD492057E:;1187;641A;Paris Milan;;2;;;;StopPoint:OCETGV INOUI-83002048;OULX CESANA CLAVIERE SESTRIERE;;45.03879500;6.831431000;;;0;StopArea:OCE83002048
2026-07-30 12:15:43;OCESN9247F1187_F:OUI:FR:Line::2FFF7F96-0EBC-4AA1-B417-38EBD492057E::87686006:83016451:7:1653:20261212;StopPoint:OCETGV INOUI-83000356;2026-07-30 15:28:00;300;2026-07-30 15:30:00;300;FR:Line::2FFF7F96-0EBC-4AA1-B417-38EBD492057E:;008927;OCESN9247F1187_F:OUI:FR:Line::2FFF7F96-0EBC-4AA1-B417-38EBD492057E::87686006:83016451:7:1653:20261212;9247;0;47224;;FR:Line::2FFF7F96-0EBC-4AA1-B417-38EBD492057E:;1187;641A;Paris Milan;;2;;;;StopPoint:OCETGV INOUI-83000356;Turin Porta Susa;;45.07411800;7.666675000;;;0;StopArea:OCE83000356
2026-07-30 12:15:43;OCESN8445F1187_F:OUI:FR:Line::145aae45-17eb-45b5-b5b4-facb8b6490f3::87391003:87581009:5:1303:20260830;StopPoint:OCETGV INOUI-87583005;2026-07-30 12:25:00;300;2026-07-30 12:29:00;300;FR:Line::145aae45-17eb-45b5-b5b4-facb8b6490f3:;009551;OCESN8445F1187_F:OUI:FR:Line::145aae45-17eb-45b5-b5b4-facb8b6490f3::87391003:87581009:5:1303:20260830;8445;0;22659;;FR:Line::145aae45-17eb-45b5-b5b4-facb8b6490f3:;1187;421H;Paris - Bordeaux;;2;;;;StopPoint:OCETGV INOUI-87583005;Angoulême;;45.65357200;0.164608000;;;0;StopArea:OCE87583005
2026-07-30 12:15:43;OCESN8445F1187_F:OUI:FR:Line::145aae45-17eb-45b5-b5b4-facb8b6490f3::87391003:87581009:5:1303:20260830;StopPoint:OCETGV INOUI-87581009;2026-07-30 13:08:00;300;;;FR:Line::145aae45-17eb-45b5-b5b4-facb8b6490f3:;009551;OCESN8445F1187_F:OUI:FR:Line::145aae45-17eb-45b5-b5b4-facb8b6490f3::87391003:87581009:5:1303:20260830;8445;0;22659;;FR:Line::145aae45-17eb-45b5-b5b4-facb8b6490f3:;1187;421H;Paris - Bordeaux;;2;;;;StopPoint:OCETGV INOUI-87581009;Bordeaux Saint-Jean;;44.82587300;-0.55669700;;;0;StopArea:OCE87581009
2026-07-30 12:15:43;OCESN2356F1187_F:OUI:FR:Line::73D50859-5CA3-42BE-92D2-15B56125EF05::87182014:87113001:3:1237:20260731;StopPoint:OCETGV INOUI-87113001;2026-07-30 12:42:00;300;;;FR:Line::73D50859-5CA3-42BE-92D2-15B56125EF05:;001292;OCESN2356F1187_F:OUI:FR:Line::73D50859-5CA3-42BE-92D2-15B56125EF05::87182014:87113001:3:1237:20260731;2356;1;3664;;FR:Line::73D50859-5CA3-42BE-92D2-15B56125EF05:;1187;807B;Paris - Haut-Rhin TGV;;2;;;;StopPoint:OCETGV INOUI-87113001;Paris Est;;48.87674200;2.358424000;;;0;StopArea:OCE87113001
2026-07-30 12:15:43;OCESN8572F1187_F:OUI:FR:Line::2881AC3D-A347-4440-BEF8-23ACAB159588::87391003:87671008:7:1525:20260730;StopPoint:OCETGV INOUI-87671008;2026-07-30 16:35:00;4200;;;FR:Line::2881AC3D-A347-4440-BEF8-23ACAB159588:;000049;OCESN8572F1187_F:OUI:FR:Line::2881AC3D-A347-4440-BEF8-23ACAB159588::87391003:87671008:7:1525:20260730;8572;1;28021;;FR:Line::2881AC3D-A347-4440-BEF8-23ACAB159588:;1187;421B;Paris - Tarbes TGV;;2;;;;StopPoint:OCETGV INOUI-87671008;Tarbes;;43.23986300;0.069442000;;;0;StopArea:OCE87671008
2026-07-30 12:15:43;OCESN7116F1187_F:OUI:FR:Line::BFA34945-1B58-4DF6-887D-D07AD8DC34B5::87343004:87271007:4:1208:20261212;StopPoint:OCETGV INOUI-87345009;2026-07-30 10:40:00;0;2026-07-30 10:56:00;300;FR:Line::BFA34945-1B58-4DF6-887D-D07AD8DC34B5:;003892;OCESN7116F1187_F:OUI:FR:Line::BFA34945-1B58-4DF6-887D-D07AD8DC34B5::87343004:87271007:4:1208:20261212;7116;0;15089;;FR:Line::BFA34945-1B58-4DF6-887D-D07AD8DC34B5:;1187;261A;Paris - Valenciennes;;2;;;;StopPoint:OCETGV INOUI-87345009;Douai;;50.37167300;3.089958000;;;0;StopArea:OCE87345009
2026-07-30 12:15:43;OCESN7116F1187_F:OUI:FR:Line::BFA34945-1B58-4DF6-887D-D07AD8DC34B5::87343004:87271007:4:1208:20261212;StopPoint:OCETGV INOUI-87342014;2026-07-30 11:11:00;300;2026-07-30 11:23:00;300;FR:Line::BFA34945-1B58-4DF6-887D-D07AD8DC34B5:;003892;OCESN7116F1187_F:OUI:FR:Line::BFA34945-1B58-4DF6-887D-D07AD8DC34B5::87343004:87271007:4:1208:20261212;7116;0;15089;;FR:Line::BFA34945-1B58-4DF6-887D-D07AD8DC34B5:;1187;261A;Paris - Valenciennes;;2;;;;StopPoint:OCETGV INOUI-87342014;Arras;;50.28697100;2.781314000;;;0;StopArea:OCE87342014
2026-07-30 12:15:43;OCESN7116F1187_F:OUI:FR:Line::BFA34945-1B58-4DF6-887D-D07AD8DC34B5::87343004:87271007:4:1208:20261212;StopPoint:OCETGV INOUI-87271007;2026-07-30 12:28:00;1200;;;FR:Line::BFA34945-1B58-4DF6-887D-D07AD8DC34B5:;003892;OCESN7116F1187_F:OUI:FR:Line::BFA34945-1B58-4DF6-887D-D07AD8DC34B5::87343004:87271007:4:1208:20261212;7116;0;15089;;FR:Line::BFA34945-1B58-4DF6-887D-D07AD8DC34B5:;1187;261A;Paris - Valenciennes;;2;;;;StopPoint:OCETGV INOUI-87271007;Paris Gare du Nord;;48.88013600;2.354851000;;;0;StopArea:OCE87271007
2026-07-30 12:15:43;OCESN8486F1187_F:OUI:FR:Line::145aae45-17eb-45b5-b5b4-facb8b6490f3::87581009:87391003:5:1344:20260825;StopPoint:OCETGV INOUI-87575001;2026-07-30 12:14:00;300;2026-07-30 12:19:00;0;FR:Line::145aae45-17eb-45b5-b5b4-facb8b6490f3:;009570;OCESN8486F1187_F:OUI:FR:Line::145aae45-17eb-45b5-b5b4-facb8b6490f3::87581009:87391003:5:1344:20260825;8486;1;24207;;FR:Line::145aae45-17eb-45b5-b5b4-facb8b6490f3:;1187;421H;Paris - Bordeaux;;2;;;;StopPoint:OCETGV INOUI-87575001;Poitiers;;46.58223200;0.333136000;;;0;StopArea:OCE87575001
2026-07-30 12:15:43;OCESN9826F1187_F:OUI:FR:Line::A6C76228-9224-4C48-8B92-80FC80F093E2::88140010:87688887:8:1550:20260804;StopPoint:OCETGV INOUI-87223263;2026-07-30 10:56:00;300;2026-07-30 11:06:00;300;FR:Line::A6C76228-9224-4C48-8B92-80FC80F093E2:;008031;OCESN9826F1187_F:OUI:FR:Line::A6C76228-9224-4C48-8B92-80FC80F093E2::88140010:87688887:8:1550:20260804;9826;0;48407;;FR:Line::A6C76228-9224-4C48-8B92-80FC80F093E2:;1187;001B;Lille - Mediterranee TGV;;2;;;;StopPoint:OCETGV INOUI-87223263;Lille Europe;;50.63940000;3.075721000;;;0;StopArea:OCE87223263
2026-07-30 12:15:43;OCESN9826F1187_F:OUI:FR:Line::A6C76228-9224-4C48-8B92-80FC80F093E2::88140010:87688887:8:1550:20260804;StopPoint:OCETGV INOUI-87271494;2026-07-30 12:02:00;600;2026-07-30 12:08:00;600;FR:Line::A6C76228-9224-4C48-8B92-80FC80F093E2:;008031;OCESN9826F1187_F:OUI:FR:Line::A6C76228-9224-4C48-8B92-80FC80F093E2::88140010:87688887:8:1550:20260804;9826;0;48407;;FR:Line::A6C76228-9224-4C48-8B92-80FC80F093E2:;1187;001B;Lille - Mediterranee TGV;;2;;;;StopPoint:OCETGV INOUI-87271494;Aéroport Charles de Gaulle 2 TGV;;49.00361800;2.570812000;;;0;StopArea:OCE87271494
2026-07-30 12:15:43;OCESN9826F1187_F:OUI:FR:Line::A6C76228-9224-4C48-8B92-80FC80F093E2::88140010:87688887:8:1550:20260804;StopPoint:OCETGV INOUI-87111849;2026-07-30 12:19:00;600;2026-07-30 12:23:00;600;FR:Line::A6C76228-9224-4C48-8B92-80FC80F093E2:;008031;OCESN9826F1187_F:OUI:FR:Line::A6C76228-9224-4C48-8B92-80FC80F093E2::88140010:87688887:8:1550:20260804;9826;0;48407;;FR:Line::A6C76228-9224-4C48-8B92-80FC80F093E2:;1187;001B;Lille - Mediterranee TGV;;2;;;;StopPoint:OCETGV INOUI-87111849;Marne-la-Vallée Chessy;;48.86989800;2.782626000;;;0;StopArea:OCE87111849
2026-07-30 12:15:43;OCESN9826F1187_F:OUI:FR:Line::A6C76228-9224-4C48-8B92-80FC80F093E2::88140010:87688887:8:1550:20260804;StopPoint:OCETGV INOUI-87723197;2026-07-30 14:10:00;600;2026-07-30 14:20:00;600;FR:Line::A6C76228-9224-4C48-8B92-80FC80F093E2:;008031;OCESN9826F1187_F:OUI:FR:Line::A6C76228-9224-4C48-8B92-80FC80F093E2::88140010:87688887:8:1550:20260804;9826;0;48407;;FR:Line::A6C76228-9224-4C48-8B92-80FC80F093E2:;1187;001B;Lille - Mediterranee TGV;;2;;;;StopPoint:OCETGV INOUI-87723197;Lyon Part Dieu;;45.76059600;4.859409000;;;0;StopArea:OCE87723197
2026-07-30 12:15:43;OCESN9826F1187_F:OUI:FR:Line::A6C76228-9224-4C48-8B92-80FC80F093E2::88140010:87688887:8:1550:20260804;StopPoint:OCETGV INOUI-87763029;2026-07-30 14:55:00;600;2026-07-30 15:00:00;600;FR:Line::A6C76228-9224-4C48-8B92-80FC80F093E2:;008031;OCESN9826F1187_F:OUI:FR:Line::A6C76228-9224-4C48-8B92-80FC80F093E2::88140010:87688887:8:1550:20260804;9826;0;48407;;FR:Line::A6C76228-9224-4C48-8B92-80FC80F093E2:;1187;001B;Lille - Mediterranee TGV;;2;;;;StopPoint:OCETGV INOUI-87763029;Valence TGV Rhône-Alpes Sud;;44.99190700;4.978652000;;;0;StopArea:OCE87763029
2026-07-30 12:15:43;OCESN9826F1187_F:OUI:FR:Line::A6C76228-9224-4C48-8B92-80FC80F093E2::88140010:87688887:8:1550:20260804;StopPoint:OCETGV INOUI-87703975;2026-07-30 15:37:00;600;2026-07-30 15:40:00;600;FR:Line::A6C76228-9224-4C48-8B92-80FC80F093E2:;008031;OCESN9826F1187_F:OUI:FR:Line::A6C76228-9224-4C48-8B92-80FC80F093E2::88140010:87688887:8:1550:20260804;9826;0;48407;;FR:Line::A6C76228-9224-4C48-8B92-80FC80F093E2:;1187;001B;Lille - Mediterranee TGV;;2;;;;StopPoint:OCETGV INOUI-87703975;Nîmes Pont du Gard;;43.81680900;4.507678000;;;0;StopArea:OCE87703975
2026-07-30 12:15:43;OCESN9826F1187_F:OUI:FR:Line::A6C76228-9224-4C48-8B92-80FC80F093E2::88140010:87688887:8:1550:20260804;StopPoint:OCETGV INOUI-87688887;2026-07-30 16:00:00;600;;;FR:Line::A6C76228-9224-4C48-8B92-80FC80F093E2:;008031;OCESN9826F1187_F:OUI:FR:Line::A6C76228-9224-4C48-8B92-80FC80F093E2::88140010:87688887:8:1550:20260804;9826;0;48407;;FR:Line::A6C76228-9224-4C48-8B92-80FC80F093E2:;1187;001B;Lille - Mediterranee TGV;;2;;;;StopPoint:OCETGV INOUI-87688887;Montpellier Sud de France;;43.59514600;3.924009000;;;0;StopArea:OCE87688887
2026-07-30 12:15:43;OCESN6850F1187_F:OUI:FR:Line::237820F0-01B1-49D5-AB3A-3ACA662E322E::87751008:87723197:5:1210:20261026;StopPoint:OCETGV INOUI-87319012;2026-07-30 10:42:00;600;2026-07-30 10:45:00;600;FR:Line::237820F0-01B1-49D5-AB3A-3ACA662E322E:;003686;OCESN6850F1187_F:OUI:FR:Line::237820F0-01B1-49D5-AB3A-3ACA662E322E::87751008:87723197:5:1210:20261026;6850;1;14273;;FR:Line::237820F0-01B1-49D5-AB3A-3ACA662E322E:;1187;041F;Lyon - PACA;;2;;;;StopPoint:OCETGV INOUI-87319012;Aix-en-Provence TGV;;43.45523700;5.317534000;;;0;StopArea:OCE87319012
2026-07-30 12:15:43;OCESN6850F1187_F:OUI:FR:Line::237820F0-01B1-49D5-AB3A-3ACA662E322E::87751008:87723197:5:1210:20261026;StopPoint:OCETGV INOUI-87318964;2026-07-30 11:04:00;600;2026-07-30 11:12:00;900;FR:Line::237820F0-01B1-49D5-AB3A-3ACA662E322E:;003686;OCESN6850F1187_F:OUI:FR:Line::237820F0-01B1-49D5-AB3A-3ACA662E322E::87751008:87723197:5:1210:20261026;6850;1;14273;;FR:Line::237820F0-01B1-49D5-AB3A-3ACA662E322E:;1187;041F;Lyon - PACA;;2;;;;StopPoint:OCETGV INOUI-87318964;Avignon TGV;;43.92194000;4.786136000;;;0;StopArea:OCE87318964
2026-07-30 12:15:43;OCESN6850F1187_F:OUI:FR:Line::237820F0-01B1-49D5-AB3A-3ACA662E322E::87751008:87723197:5:1210:20261026;StopPoint:OCETGV INOUI-87763029;2026-07-30 11:43:00;900;2026-07-30 11:46:00;900;FR:Line::237820F0-01B1-49D5-AB3A-3ACA662E322E:;003686;OCESN6850F1187_F:OUI:FR:Line::237820F0-01B1-49D5-AB3A-3ACA662E322E::87751008:87723197:5:1210:20261026;6850;1;14273;;FR:Line::237820F0-01B1-49D5-AB3A-3ACA662E322E:;1187;041F;Lyon - PACA;;2;;;;StopPoint:OCETGV INOUI-87763029;Valence TGV Rhône-Alpes Sud;;44.99190700;4.978652000;;;0;StopArea:OCE87763029
2026-07-30 12:15:43;OCESN6850F1187_F:OUI:FR:Line::237820F0-01B1-49D5-AB3A-3ACA662E322E::87751008:87723197:5:1210:20261026;StopPoint:OCETGV INOUI-87723197;2026-07-30 12:25:00;900;;;FR:Line::237820F0-01B1-49D5-AB3A-3ACA662E322E:;003686;OCESN6850F1187_F:OUI:FR:Line::237820F0-01B1-49D5-AB3A-3ACA662E322E::87751008:87723197:5:1210:20261026;6850;1;14273;;FR:Line::237820F0-01B1-49D5-AB3A-3ACA662E322E:;1187;041F;Lyon - PACA;;2;;;;StopPoint:OCETGV INOUI-87723197;Lyon Part Dieu;;45.76059600;4.859409000;;;0;StopArea:OCE87723197
2026-07-30 12:15:43;OCESN8580F1187_F:OUI:FR:Line::2881AC3D-A347-4440-BEF8-23ACAB159588::87671008:87391003:6:1603:20260730;StopPoint:OCETGV INOUI-87581009;2026-07-30 14:52:00;4200;2026-07-30 14:58:00;4200;FR:Line::2881AC3D-A347-4440-BEF8-23ACAB159588:;000349;OCESN8580F1187_F:OUI:FR:Line::2881AC3D-A347-4440-BEF8-23ACAB159588::87671008:87391003:6:1603:20260730;8580;0;28809;;FR:Line::2881AC3D-A347-4440-BEF8-23ACAB159588:;1187;421B;Paris - Tarbes TGV;;2;;;;StopPoint:OCETGV INOUI-87581009;Bordeaux Saint-Jean;;44.82587300;-0.55669700;;;0;StopArea:OCE87581009
2026-07-30 12:15:43;OCESN8580F1187_F:OUI:FR:Line::2881AC3D-A347-4440-BEF8-23ACAB159588::87671008:87391003:6:1603:20260730;StopPoint:OCETGV INOUI-87391003;2026-07-30 17:13:00;4200;;;FR:Line::2881AC3D-A347-4440-BEF8-23ACAB159588:;000349;OCESN8580F1187_F:OUI:FR:Line::2881AC3D-A347-4440-BEF8-23ACAB159588::87671008:87391003:6:1603:20260730;8580;0;28809;;FR:Line::2881AC3D-A347-4440-BEF8-23ACAB159588:;1187;421B;Paris - Tarbes TGV;;2;;;;StopPoint:OCETGV INOUI-87391003;Paris Montparnasse Hall 1 - 2;;48.84117200;2.320514000;;;0;StopArea:OCE87391003
2026-07-30 12:15:43;OCESN2864F1187_F:OUI:FR:Line::6E3CCD81-9398-44C3-9D79-072A8303E507::87191007:87113001:3:1220:20260830;StopPoint:OCETGV INOUI-87113001;2026-07-30 12:25:00;300;;;FR:Line::6E3CCD81-9398-44C3-9D79-072A8303E507:;001617;OCESN2864F1187_F:OUI:FR:Line::6E3CCD81-9398-44C3-9D79-072A8303E507::87191007:87113001:3:1220:20260830;2864;1;4428;;FR:Line::6E3CCD81-9398-44C3-9D79-072A8303E507:;1187;803B;Paris - Thionville - Luxembourg TGV;;2;;;;StopPoint:OCETGV INOUI-87113001;Paris Est;;48.87674200;2.358424000;;;0;StopArea:OCE87113001
2026-07-30 12:15:43;OCESN6109F1187_F:OUI:FR:Line::BAF1DE9A-72EC-4064-8BE9-C4EFF292CB6A::87686006:87751008:4:1359:20261026;StopPoint:OCETGV INOUI-87686006;;;2026-07-30 11:28:00;3000;FR:Line::BAF1DE9A-72EC-4064-8BE9-C4EFF292CB6A:;003232;OCESN6109F1187_F:OUI:FR:Line::BAF1DE9A-72EC-4064-8BE9-C4EFF292CB6A::87686006:87751008:4:1359:20261026;6109;1;12722;;FR:Line::BAF1DE9A-72EC-4064-8BE9-C4EFF292CB6A:;1187;631B;Paris - Marseille - Toulon TGV;;2;;;;StopPoint:OCETGV INOUI-87686006;Paris Gare de Lyon Hall 1 - 2;;48.84494500;2.373481000;;;0;StopArea:OCE87686006
2026-07-30 12:15:43;OCESN6109F1187_F:OUI:FR:Line::BAF1DE9A-72EC-4064-8BE9-C4EFF292CB6A::87686006:87751008:4:1359:20261026;StopPoint:OCETGV INOUI-87318964;2026-07-30 14:02:00;2700;2026-07-30 14:05:00;2700;FR:Line::BAF1DE9A-72EC-4064-8BE9-C4EFF292CB6A:;003232;OCESN6109F1187_F:OUI:FR:Line::BAF1DE9A-72EC-4064-8BE9-C4EFF292CB6A::87686006:87751008:4:1359:20261026;6109;1;12722;;FR:Line::BAF1DE9A-72EC-4064-8BE9-C4EFF292CB6A:;1187;631B;Paris - Marseille - Toulon TGV;;2;;;;StopPoint:OCETGV INOUI-87318964;Avignon TGV;;43.92194000;4.786136000;;;0;StopArea:OCE87318964
2026-07-30 12:15:43;OCESN6109F1187_F:OUI:FR:Line::BAF1DE9A-72EC-4064-8BE9-C4EFF292CB6A::87686006:87751008:4:1359:20261026;StopPoint:OCETGV INOUI-87319012;2026-07-30 14:26:00;2700;2026-07-30 14:29:00;2700;FR:Line::BAF1DE9A-72EC-4064-8BE9-C4EFF292CB6A:;003232;OCESN6109F1187_F:OUI:FR:Line::BAF1DE9A-72EC-4064-8BE9-C4EFF292CB6A::87686006:87751008:4:1359:20261026;6109;1;12722;;FR:Line::BAF1DE9A-72EC-4064-8BE9-C4EFF292CB6A:;1187;631B;Paris - Marseille - Toulon TGV;;2;;;;StopPoint:OCETGV INOUI-87319012;Aix-en-Provence TGV;;43.45523700;5.317534000;;;0;StopArea:OCE87319012
2026-07-30 12:15:43;OCESN6109F1187_F:OUI:FR:Line::BAF1DE9A-72EC-4064-8BE9-C4EFF292CB6A::87686006:87751008:4:1359:20261026;StopPoint:OCETGV INOUI-87751008;2026-07-30 14:44:00;2700;;;FR:Line::BAF1DE9A-72EC-4064-8BE9-C4EFF292CB6A:;003232;OCESN6109F1187_F:OUI:FR:Line::BAF1DE9A-72EC-4064-8BE9-C4EFF292CB6A::87686006:87751008:4:1359:20261026;6109;1;12722;;FR:Line::BAF1DE9A-72EC-4064-8BE9-C4EFF292CB6A:;1187;631B;Paris - Marseille - Toulon TGV;;2;;;;StopPoint:OCETGV INOUI-87751008;Marseille Saint-Charles;;43.30266600;5.380407000;;;0;StopArea:OCE87751008
2026-07-30 12:15:43;OCESN8374F1187_F:OUI:FR:Line::1C59DA64-5D12-4600-9092-4E99FCBFAC7A::87485003:87391003:5:1344:20261212;StopPoint:OCETGV INOUI-87575001;2026-07-30 12:18:00;300;2026-07-30 12:19:00;0;FR:Line::1C59DA64-5D12-4600-9092-4E99FCBFAC7A:;009550;OCESN8374F1187_F:OUI:FR:Line::1C59DA64-5D12-4600-9092-4E99FCBFAC7A::87485003:87391003:5:1344:20261212;8374;0;19580;;FR:Line::1C59DA64-5D12-4600-9092-4E99FCBFAC7A:;1187;421I;Paris - Poitiers - La Rochelle TGV;;2;;;;StopPoint:OCETGV INOUI-87575001;Poitiers;;46.58223200;0.333136000;;;0;StopArea:OCE87575001
2026-07-30 12:15:43;OCESN7265F1187_F:OUI:FR:Line::BCFC862A-9AA4-4346-A561-488369FB0F16::87271007:87281006:4:1251:20260814;StopPoint:OCETGV INOUI-87223263;2026-07-30 12:12:00;300;2026-07-30 12:25:00;300;FR:Line::BCFC862A-9AA4-4346-A561-488369FB0F16:;002108;OCESN7265F1187_F:OUI:FR:Line::BCFC862A-9AA4-4346-A561-488369FB0F16::87271007:87281006:4:1251:20260814;7265;1;15271;;FR:Line::BCFC862A-9AA4-4346-A561-488369FB0F16:;1187;261B;Paris - Lille - Dunkerque - Tourcoing;;2;;;;StopPoint:OCETGV INOUI-87223263;Lille Europe;;50.63940000;3.075721000;;;0;StopArea:OCE87223263
2026-07-30 12:15:43;OCESN7265F1187_F:OUI:FR:Line::BCFC862A-9AA4-4346-A561-488369FB0F16::87271007:87281006:4:1251:20260814;StopPoint:OCETGV INOUI-87281006;2026-07-30 12:56:00;300;;;FR:Line::BCFC862A-9AA4-4346-A561-488369FB0F16:;002108;OCESN7265F1187_F:OUI:FR:Line::BCFC862A-9AA4-4346-A561-488369FB0F16::87271007:87281006:4:1251:20260814;7265;1;15271;;FR:Line::BCFC862A-9AA4-4346-A561-488369FB0F16:;1187;261B;Paris - Lille - Dunkerque - Tourcoing;;2;;;;StopPoint:OCETGV INOUI-87281006;Dunkerque;;51.03041000;2.368991000;;;0;StopArea:OCE87281006
2026-07-30 12:15:43;OCESN12215F1187_F:OUI:FR:Line::18B0FAF0-44B1-4D0A-A8AD-2E32B7602EAD::87391003:87471003:2:1225:20261211;StopPoint:OCETGV INOUI-87471003;2026-07-30 12:35:00;600;;;FR:Line::18B0FAF0-44B1-4D0A-A8AD-2E32B7602EAD:;009322;OCESN12215F1187_F:OUI:FR:Line::18B0FAF0-44B1-4D0A-A8AD-2E32B7602EAD::87391003:87471003:2:1225:20261211;12215;1;420;;FR:Line::18B0FAF0-44B1-4D0A-A8AD-2E32B7602EAD:;1187;401D;Paris - Rennes - Saint-Malo - Saint-Brieuc TGV;;2;;;;StopPoint:OCETGV INOUI-87471003;Rennes;;48.10351700;-1.67274400;;;0;StopArea:OCE87471003
2026-07-30 12:15:43;OCESN8615F1187_F:OUI:FR:Line::D6BAEC78-815E-4C9A-BC66-2B9D2C00E41F::87391003:87474007:8:1452:20260730;StopPoint:OCETGV INOUI-87471003;2026-07-30 12:30:00;300;2026-07-30 12:38:00;300;FR:Line::D6BAEC78-815E-4C9A-BC66-2B9D2C00E41F:;000049;OCESN8615F1187_F:OUI:FR:Line::D6BAEC78-815E-4C9A-BC66-2B9D2C00E41F::87391003:87474007:8:1452:20260730;8615;1;32844;;FR:Line::D6BAEC78-815E-4C9A-BC66-2B9D2C00E41F:;1187;401A;Paris - Brest TGV;;2;;;;StopPoint:OCETGV INOUI-87471003;Rennes;;48.10351700;-1.67274400;;;0;StopArea:OCE87471003
2026-07-30 12:15:43;OCESN8615F1187_F:OUI:FR:Line::D6BAEC78-815E-4C9A-BC66-2B9D2C00E41F::87391003:87474007:8:1452:20260730;StopPoint:OCETGV INOUI-87473108;2026-07-30 13:15:00;300;2026-07-30 13:18:00;300;FR:Line::D6BAEC78-815E-4C9A-BC66-2B9D2C00E41F:;000049;OCESN8615F1187_F:OUI:FR:Line::D6BAEC78-815E-4C9A-BC66-2B9D2C00E41F::87391003:87474007:8:1452:20260730;8615;1;32844;;FR:Line::D6BAEC78-815E-4C9A-BC66-2B9D2C00E41F:;1187;401A;Paris - Brest TGV;;2;;;;StopPoint:OCETGV INOUI-87473108;Lamballe;;48.46606000;-2.51154600;;;0;StopArea:OCE87473108
2026-07-30 12:15:43;OCESN8615F1187_F:OUI:FR:Line::D6BAEC78-815E-4C9A-BC66-2B9D2C00E41F::87391003:87474007:8:1452:20260730;StopPoint:OCETGV INOUI-87473009;2026-07-30 13:28:00;300;2026-07-30 13:31:00;300;FR:Line::D6BAEC78-815E-4C9A-BC66-2B9D2C00E41F:;000049;OCESN8615F1187_F:OUI:FR:Line::D6BAEC78-815E-4C9A-BC66-2B9D2C00E41F::87391003:87474007:8:1452:20260730;8615;1;32844;;FR:Line::D6BAEC78-815E-4C9A-BC66-2B9D2C00E41F:;1187;401A;Paris - Brest TGV;;2;;;;StopPoint:OCETGV INOUI-87473009;Saint-Brieuc;;48.50758000;-2.76500000;;;0;StopArea:OCE87473009
2026-07-30 12:15:43;OCESN8615F1187_F:OUI:FR:Line::D6BAEC78-815E-4C9A-BC66-2B9D2C00E41F::87391003:87474007:8:1452:20260730;StopPoint:OCETGV INOUI-87473207;2026-07-30 13:45:00;300;2026-07-30 13:49:00;300;FR:Line::D6BAEC78-815E-4C9A-BC66-2B9D2C00E41F:;000049;OCESN8615F1187_F:OUI:FR:Line::D6BAEC78-815E-4C9A-BC66-2B9D2C00E41F::87391003:87474007:8:1452:20260730;8615;1;32844;;FR:Line::D6BAEC78-815E-4C9A-BC66-2B9D2C00E41F:;1187;401A;Paris - Brest TGV;;2;;;;StopPoint:OCETGV INOUI-87473207;Guingamp;;48.55565900;-3.14334300;;;0;StopArea:OCE87473207
2026-07-30 12:15:43;OCESN8615F1187_F:OUI:FR:Line::D6BAEC78-815E-4C9A-BC66-2B9D2C00E41F::87391003:87474007:8:1452:20260730;StopPoint:OCETGV INOUI-87473181;2026-07-30 14:02:00;300;2026-07-30 14:04:00;300;FR:Line::D6BAEC78-815E-4C9A-BC66-2B9D2C00E41F:;000049;OCESN8615F1187_F:OUI:FR:Line::D6BAEC78-815E-4C9A-BC66-2B9D2C00E41F::87391003:87474007:8:1452:20260730;8615;1;32844;;FR:Line::D6BAEC78-815E-4C9A-BC66-2B9D2C00E41F:;1187;401A;Paris - Brest TGV;;2;;;;StopPoint:OCETGV INOUI-87473181;Plouaret Trégor;;48.60642200;-3.46697900;;;0;StopArea:OCE87473181
2026-07-30 12:15:43;OCESN8615F1187_F:OUI:FR:Line::D6BAEC78-815E-4C9A-BC66-2B9D2C00E41F::87391003:87474007:8:1452:20260730;StopPoint:OCETGV INOUI-87474338;2026-07-30 14:20:00;300;2026-07-30 14:23:00;300;FR:Line::D6BAEC78-815E-4C9A-BC66-2B9D2C00E41F:;000049;OCESN8615F1187_F:OUI:FR:Line::D6BAEC78-815E-4C9A-BC66-2B9D2C00E41F::87391003:87474007:8:1452:20260730;8615;1;32844;;FR:Line::D6BAEC78-815E-4C9A-BC66-2B9D2C00E41F:;1187;401A;Paris - Brest TGV;;2;;;;StopPoint:OCETGV INOUI-87474338;Morlaix;;48.57797000;-3.83251400;;;0;StopArea:OCE87474338
2026-07-30 12:15:43;OCESN8615F1187_F:OUI:FR:Line::D6BAEC78-815E-4C9A-BC66-2B9D2C00E41F::87391003:87474007:8:1452:20260730;StopPoint:OCETGV INOUI-87474007;2026-07-30 14:57:00;300;;;FR:Line::D6BAEC78-815E-4C9A-BC66-2B9D2C00E41F:;000049;OCESN8615F1187_F:OUI:FR:Line::D6BAEC78-815E-4C9A-BC66-2B9D2C00E41F::87391003:87474007:8:1452:20260730;8615;1;32844;;FR:Line::D6BAEC78-815E-4C9A-BC66-2B9D2C00E41F:;1187;401A;Paris - Brest TGV;;2;;;;StopPoint:OCETGV INOUI-87474007;Brest;;48.38762000;-4.48030600;;;0;StopArea:OCE87474007
2026-07-30 12:15:43;OCESN2730F1187_F:OUI:FR:Line::0DDDEAB2-4EBA-4985-96AB-1DEDD0F4902D::87172007:87113001:4:1244:20260827;StopPoint:OCETGV INOUI-87113001;2026-07-30 12:49:00;300;;;FR:Line::0DDDEAB2-4EBA-4985-96AB-1DEDD0F4902D:;000003;OCESN2730F1187_F:OUI:FR:Line::0DDDEAB2-4EBA-4985-96AB-1DEDD0F4902D::87172007:87113001:4:1244:20260827;2730;1;4224;;FR:Line::0DDDEAB2-4EBA-4985-96AB-1DEDD0F4902D:;1187;801A;Paris - Reims - Sedan TGV;;2;;;;StopPoint:OCETGV INOUI-87113001;Paris Est;;48.87674200;2.358424000;;;0;StopArea:OCE87113001
2026-07-30 12:15:43;OCESN12526F1187_F:OUI:FR:Line::58E6B1CC-5FD9-4B7D-93CA-05062BA23E9C::87223263:87723197:4:1400:20260816;StopPoint:OCETGV INOUI-87271494;2026-07-30 12:02:00;600;2026-07-30 12:08:00;600;FR:Line::58E6B1CC-5FD9-4B7D-93CA-05062BA23E9C:;000467;OCESN12526F1187_F:OUI:FR:Line::58E6B1CC-5FD9-4B7D-93CA-05062BA23E9C::87223263:87723197:4:1400:20260816;12526;0;793;;FR:Line::58E6B1CC-5FD9-4B7D-93CA-05062BA23E9C:;1187;001A;Lille Lyon TGV;;2;;;;StopPoint:OCETGV INOUI-87271494;Aéroport Charles de Gaulle 2 TGV;;49.00361800;2.570812000;;;0;StopArea:OCE87271494
2026-07-30 12:15:43;OCESN12526F1187_F:OUI:FR:Line::58E6B1CC-5FD9-4B7D-93CA-05062BA23E9C::87223263:87723197:4:1400:20260816;StopPoint:OCETGV INOUI-87111849;2026-07-30 12:19:00;600;2026-07-30 12:23:00;600;FR:Line::58E6B1CC-5FD9-4B7D-93CA-05062BA23E9C:;000467;OCESN12526F1187_F:OUI:FR:Line::58E6B1CC-5FD9-4B7D-93CA-05062BA23E9C::87223263:87723197:4:1400:20260816;12526;0;793;;FR:Line::58E6B1CC-5FD9-4B7D-93CA-05062BA23E9C:;1187;001A;Lille Lyon TGV;;2;;;;StopPoint:OCETGV INOUI-87111849;Marne-la-Vallée Chessy;;48.86989800;2.782626000;;;0;StopArea:OCE87111849
2026-07-30 12:15:43;OCESN12526F1187_F:OUI:FR:Line::58E6B1CC-5FD9-4B7D-93CA-05062BA23E9C::87223263:87723197:4:1400:20260816;StopPoint:OCETGV INOUI-87723197;2026-07-30 14:10:00;600;;;FR:Line::58E6B1CC-5FD9-4B7D-93CA-05062BA23E9C:;000467;OCESN12526F1187_F:OUI:FR:Line::58E6B1CC-5FD9-4B7D-93CA-05062BA23E9C::87223263:87723197:4:1400:20260816;12526;0;793;;FR:Line::58E6B1CC-5FD9-4B7D-93CA-05062BA23E9C:;1187;001A;Lille Lyon TGV;;2;;;;StopPoint:OCETGV INOUI-87723197;Lyon Part Dieu;;45.76059600;4.859409000;;;0;StopArea:OCE87723197
2026-07-30 12:15:43;OCESN12348F1187_F:OUI:FR:Line::8EDA0FF6-311A-4C83-8C18-63D890856B43::87784009:87686006:9:1612:20260830;StopPoint:OCETGV INOUI-87781005;2026-07-30 11:55:00;0;2026-07-30 12:03:00;300;FR:Line::8EDA0FF6-311A-4C83-8C18-63D890856B43:;000388;OCESN12348F1187_F:OUI:FR:Line::8EDA0FF6-311A-4C83-8C18-63D890856B43::87784009:87686006:9:1612:20260830;12348;1;633;;FR:Line::8EDA0FF6-311A-4C83-8C18-63D890856B43:;1187;631C;Paris - Languedoc Roussillon TGV;;2;;;;StopPoint:OCETGV INOUI-87781005;Béziers;;43.33629500;3.218895000;;;0;StopArea:OCE87781005
2026-07-30 12:15:43;OCESN12348F1187_F:OUI:FR:Line::8EDA0FF6-311A-4C83-8C18-63D890856B43::87784009:87686006:9:1612:20260830;StopPoint:OCETGV INOUI-87781278;2026-07-30 12:16:00;300;2026-07-30 12:19:00;300;FR:Line::8EDA0FF6-311A-4C83-8C18-63D890856B43:;000388;OCESN12348F1187_F:OUI:FR:Line::8EDA0FF6-311A-4C83-8C18-63D890856B43::87784009:87686006:9:1612:20260830;12348;1;633;;FR:Line::8EDA0FF6-311A-4C83-8C18-63D890856B43:;1187;631C;Paris - Languedoc Roussillon TGV;;2;;;;StopPoint:OCETGV INOUI-87781278;Agde;;43.31728000;3.466203000;;;0;StopArea:OCE87781278
2026-07-30 12:15:43;OCESN12348F1187_F:OUI:FR:Line::8EDA0FF6-311A-4C83-8C18-63D890856B43::87784009:87686006:9:1612:20260830;StopPoint:OCETGV INOUI-87773200;2026-07-30 12:32:00;300;2026-07-30 12:35:00;300;FR:Line::8EDA0FF6-311A-4C83-8C18-63D890856B43:;000388;OCESN12348F1187_F:OUI:FR:Line::8EDA0FF6-311A-4C83-8C18-63D890856B43::87784009:87686006:9:1612:20260830;12348;1;633;;FR:Line::8EDA0FF6-311A-4C83-8C18-63D890856B43:;1187;631C;Paris - Languedoc Roussillon TGV;;2;;;;StopPoint:OCETGV INOUI-87773200;Sète;;43.41264100;3.696571000;;;0;StopArea:OCE87773200
2026-07-30 12:15:43;OCESN12348F1187_F:OUI:FR:Line::8EDA0FF6-311A-4C83-8C18-63D890856B43::87784009:87686006:9:1612:20260830;StopPoint:OCETGV INOUI-87688887;2026-07-30 12:51:00;300;2026-07-30 12:51:00;0;FR:Line::8EDA0FF6-311A-4C83-8C18-63D890856B43:;000388;OCESN12348F1187_F:OUI:FR:Line::8EDA0FF6-311A-4C83-8C18-63D890856B43::87784009:87686006:9:1612:20260830;12348;1;633;;FR:Line::8EDA0FF6-311A-4C83-8C18-63D890856B43:;1187;631C;Paris - Languedoc Roussillon TGV;;2;;;;StopPoint:OCETGV INOUI-87688887;Montpellier Sud de France;;43.59514600;3.924009000;;;0;StopArea:OCE87688887
2026-07-30 12:15:43;OCESN7032F1187_F:OUI:FR:Line::E6272550-D202-4E52-BFC9-76BDC96ADEE7::87286005:87271007:2:1244:20260813;StopPoint:OCETGV INOUI-87271007;2026-07-30 12:59:00;900;;;FR:Line::E6272550-D202-4E52-BFC9-76BDC96ADEE7:;002743;OCESN7032F1187_F:OUI:FR:Line::E6272550-D202-4E52-BFC9-76BDC96ADEE7::87286005:87271007:2:1244:20260813;7032;0;14735;;FR:Line::E6272550-D202-4E52-BFC9-76BDC96ADEE7:;1187;251A;Paris - Lille;;2;;;;StopPoint:OCETGV INOUI-87271007;Paris Gare du Nord;;48.88013600;2.354851000;;;0;StopArea:OCE87271007
2026-07-30 12:15:43;OCESN7520F1187_F:OUI:FR:Line::69ABADD2-325C-47DC-BC61-D74DD87C5E3C::87317586:87271007:6:1432:20261211;StopPoint:OCETGV INOUI-87271007;2026-07-30 14:37:00;300;;;FR:Line::69ABADD2-325C-47DC-BC61-D74DD87C5E3C:;000824;OCESN7520F1187_F:OUI:FR:Line::69ABADD2-325C-47DC-BC61-D74DD87C5E3C::87317586:87271007:6:1432:20261211;7520;0;15496;;FR:Line::69ABADD2-325C-47DC-BC61-D74DD87C5E3C:;1187;261E;Paris - Littoral;;2;;;;StopPoint:OCETGV INOUI-87271007;Paris Gare du Nord;;48.88013600;2.354851000;;;0;StopArea:OCE87271007
2026-07-30 12:15:43;OCESN6823F1187_F:OUI:FR:Line::2AA7BAB5-03F9-465F-A91C-947819FBBB7D::87723197:87611004:8:1620:20261211;StopPoint:OCETGV INOUI-87723197;;;2026-07-30 12:15:00;300;FR:Line::2AA7BAB5-03F9-465F-A91C-947819FBBB7D:;003666;OCESN6823F1187_F:OUI:FR:Line::2AA7BAB5-03F9-465F-A91C-947819FBBB7D::87723197:87611004:8:1620:20261211;6823;0;14088;;FR:Line::2AA7BAB5-03F9-465F-A91C-947819FBBB7D:;1187;041G;Lyon - LR;;2;;;;StopPoint:OCETGV INOUI-87723197;Lyon Part Dieu;;45.76059600;4.859409000;;;0;StopArea:OCE87723197
2026-07-30 12:15:43;OCESN6823F1187_F:OUI:FR:Line::2AA7BAB5-03F9-465F-A91C-947819FBBB7D::87723197:87611004:8:1620:20261211;StopPoint:OCETGV INOUI-87763029;2026-07-30 12:50:00;300;2026-07-30 12:55:00;300;FR:Line::2AA7BAB5-03F9-465F-A91C-947819FBBB7D:;003666;OCESN6823F1187_F:OUI:FR:Line::2AA7BAB5-03F9-465F-A91C-947819FBBB7D::87723197:87611004:8:1620:20261211;6823;0;14088;;FR:Line::2AA7BAB5-03F9-465F-A91C-947819FBBB7D:;1187;041G;Lyon - LR;;2;;;;StopPoint:OCETGV INOUI-87763029;Valence TGV Rhône-Alpes Sud;;44.99190700;4.978652000;;;0;StopArea:OCE87763029
2026-07-30 12:15:43;OCESN6823F1187_F:OUI:FR:Line::2AA7BAB5-03F9-465F-A91C-947819FBBB7D::87723197:87611004:8:1620:20261211;StopPoint:OCETGV INOUI-87775007;2026-07-30 13:39:00;300;2026-07-30 13:42:00;300;FR:Line::2AA7BAB5-03F9-465F-A91C-947819FBBB7D:;003666;OCESN6823F1187_F:OUI:FR:Line::2AA7BAB5-03F9-465F-A91C-947819FBBB7D::87723197:87611004:8:1620:20261211;6823;0;14088;;FR:Line::2AA7BAB5-03F9-465F-A91C-947819FBBB7D:;1187;041G;Lyon - LR;;2;;;;StopPoint:OCETGV INOUI-87775007;Nîmes Centre;;43.83231300;4.365872000;;;0;StopArea:OCE87775007
2026-07-30 12:15:43;OCESN6823F1187_F:OUI:FR:Line::2AA7BAB5-03F9-465F-A91C-947819FBBB7D::87723197:87611004:8:1620:20261211;StopPoint:OCETGV INOUI-87773002;2026-07-30 14:07:00;300;2026-07-30 14:14:00;300;FR:Line::2AA7BAB5-03F9-465F-A91C-947819FBBB7D:;003666;OCESN6823F1187_F:OUI:FR:Line::2AA7BAB5-03F9-465F-A91C-947819FBBB7D::87723197:87611004:8:1620:20261211;6823;0;14088;;FR:Line::2AA7BAB5-03F9-465F-A91C-947819FBBB7D:;1187;041G;Lyon - LR;;2;;;;StopPoint:OCETGV INOUI-87773002;Montpellier Saint-Roch;;43.60473800;3.880674000;;;0;StopArea:OCE87773002
2026-07-30 12:15:43;OCESN6823F1187_F:OUI:FR:Line::2AA7BAB5-03F9-465F-A91C-947819FBBB7D::87723197:87611004:8:1620:20261211;StopPoint:OCETGV INOUI-87781005;2026-07-30 14:51:00;300;2026-07-30 14:54:00;300;FR:Line::2AA7BAB5-03F9-465F-A91C-947819FBBB7D:;003666;OCESN6823F1187_F:OUI:FR:Line::2AA7BAB5-03F9-465F-A91C-947819FBBB7D::87723197:87611004:8:1620:20261211;6823;0;14088;;FR:Line::2AA7BAB5-03F9-465F-A91C-947819FBBB7D:;1187;041G;Lyon - LR;;2;;;;StopPoint:OCETGV INOUI-87781005;Béziers;;43.33629500;3.218895000;;;0;StopArea:OCE87781005
2026-07-30 12:15:43;OCESN6823F1187_F:OUI:FR:Line::2AA7BAB5-03F9-465F-A91C-947819FBBB7D::87723197:87611004:8:1620:20261211;StopPoint:OCETGV INOUI-87781104;2026-07-30 15:08:00;300;2026-07-30 15:11:00;300;FR:Line::2AA7BAB5-03F9-465F-A91C-947819FBBB7D:;003666;OCESN6823F1187_F:OUI:FR:Line::2AA7BAB5-03F9-465F-A91C-947819FBBB7D::87723197:87611004:8:1620:20261211;6823;0;14088;;FR:Line::2AA7BAB5-03F9-465F-A91C-947819FBBB7D:;1187;041G;Lyon - LR;;2;;;;StopPoint:OCETGV INOUI-87781104;Narbonne;;43.19061800;3.005667000;;;0;StopArea:OCE87781104
2026-07-30 12:15:43;OCESN6823F1187_F:OUI:FR:Line::2AA7BAB5-03F9-465F-A91C-947819FBBB7D::87723197:87611004:8:1620:20261211;StopPoint:OCETGV INOUI-87615286;2026-07-30 15:39:00;300;2026-07-30 15:42:00;300;FR:Line::2AA7BAB5-03F9-465F-A91C-947819FBBB7D:;003666;OCESN6823F1187_F:OUI:FR:Line::2AA7BAB5-03F9-465F-A91C-947819FBBB7D::87723197:87611004:8:1620:20261211;6823;0;14088;;FR:Line::2AA7BAB5-03F9-465F-A91C-947819FBBB7D:;1187;041G;Lyon - LR;;2;;;;StopPoint:OCETGV INOUI-87615286;Carcassonne;;43.21802900;2.351824000;;;0;StopArea:OCE87615286
2026-07-30 12:15:43;OCESN6823F1187_F:OUI:FR:Line::2AA7BAB5-03F9-465F-A91C-947819FBBB7D::87723197:87611004:8:1620:20261211;StopPoint:OCETGV INOUI-87611004;2026-07-30 16:25:00;300;;;FR:Line::2AA7BAB5-03F9-465F-A91C-947819FBBB7D:;003666;OCESN6823F1187_F:OUI:FR:Line::2AA7BAB5-03F9-465F-A91C-947819FBBB7D::87723197:87611004:8:1620:20261211;6823;0;14088;;FR:Line::2AA7BAB5-03F9-465F-A91C-947819FBBB7D:;1187;041G;Lyon - LR;;2;;;;StopPoint:OCETGV INOUI-87611004;Toulouse Matabiau;;43.61120600;1.453616000;;;0;StopArea:OCE87611004
2026-07-30 12:15:43;OCESN7320F1187_F:OUI:FR:Line::409E20F1-3A95-426A-B174-0008A078BE1F::87281006:87271007:6:1432:20260828;StopPoint:OCETGV INOUI-87271007;2026-07-30 14:37:00;300;;;FR:Line::409E20F1-3A95-426A-B174-0008A078BE1F:;000762;OCESN7320F1187_F:OUI:FR:Line::409E20F1-3A95-426A-B174-0008A078BE1F::87281006:87271007:6:1432:20260828;7320;1;15338;;FR:Line::409E20F1-3A95-426A-B174-0008A078BE1F:;1187;261C;Paris - Dunkerque par Bassin Minier;;2;;;;StopPoint:OCETGV INOUI-87271007;Paris Gare du Nord;;48.88013600;2.354851000;;;0;StopArea:OCE87271007
2026-07-30 12:15:43;OCESN8582F1187_F:OUI:FR:Line::2881AC3D-A347-4440-BEF8-23ACAB159588::87671008:87391003:7:1756:20260730;StopPoint:OCETGV INOUI-87581009;2026-07-30 16:50:00;4200;2026-07-30 16:56:00;4200;FR:Line::2881AC3D-A347-4440-BEF8-23ACAB159588:;000049;OCESN8582F1187_F:OUI:FR:Line::2881AC3D-A347-4440-BEF8-23ACAB159588::87671008:87391003:7:1756:20260730;8582;0;29040;;FR:Line::2881AC3D-A347-4440-BEF8-23ACAB159588:;1187;421B;Paris - Tarbes TGV;;2;;;;StopPoint:OCETGV INOUI-87581009;Bordeaux Saint-Jean;;44.82587300;-0.55669700;;;0;StopArea:OCE87581009
2026-07-30 12:15:43;OCESN8582F1187_F:OUI:FR:Line::2881AC3D-A347-4440-BEF8-23ACAB159588::87671008:87391003:7:1756:20260730;StopPoint:OCETGV INOUI-87391003;2026-07-30 19:06:00;4200;;;FR:Line::2881AC3D-A347-4440-BEF8-23ACAB159588:;000049;OCESN8582F1187_F:OUI:FR:Line::2881AC3D-A347-4440-BEF8-23ACAB159588::87671008:87391003:7:1756:20260730;8582;0;29040;;FR:Line::2881AC3D-A347-4440-BEF8-23ACAB159588:;1187;421B;Paris - Tarbes TGV;;2;;;;StopPoint:OCETGV INOUI-87391003;Paris Montparnasse Hall 1 - 2;;48.84117200;2.320514000;;;0;StopArea:OCE87391003
2026-07-30 12:15:43;OCESN7369F1187_F:OUI:FR:Line::409E20F1-3A95-426A-B174-0008A078BE1F::87271007:87281006:6:1430:20260827;StopPoint:OCETGV INOUI-87271007;;;2026-07-30 12:35:00;600;FR:Line::409E20F1-3A95-426A-B174-0008A078BE1F:;001512;OCESN7369F1187_F:OUI:FR:Line::409E20F1-3A95-426A-B174-0008A078BE1F::87271007:87281006:6:1430:20260827;7369;0;15407;;FR:Line::409E20F1-3A95-426A-B174-0008A078BE1F:;1187;261C;Paris - Dunkerque par Bassin Minier;;2;;;;StopPoint:OCETGV INOUI-87271007;Paris Gare du Nord;;48.88013600;2.354851000;;;0;StopArea:OCE87271007
2026-07-30 12:15:43;OCESN7369F1187_F:OUI:FR:Line::409E20F1-3A95-426A-B174-0008A078BE1F::87271007:87281006:6:1430:20260827;StopPoint:OCETGV INOUI-87342014;2026-07-30 13:23:00;600;2026-07-30 13:27:00;600;FR:Line::409E20F1-3A95-426A-B174-0008A078BE1F:;001512;OCESN7369F1187_F:OUI:FR:Line::409E20F1-3A95-426A-B174-0008A078BE1F::87271007:87281006:6:1430:20260827;7369;0;15407;;FR:Line::409E20F1-3A95-426A-B174-0008A078BE1F:;1187;261C;Paris - Dunkerque par Bassin Minier;;2;;;;StopPoint:OCETGV INOUI-87342014;Arras;;50.28697100;2.781314000;;;0;StopArea:OCE87342014
2026-07-30 12:15:43;OCESN7369F1187_F:OUI:FR:Line::409E20F1-3A95-426A-B174-0008A078BE1F::87271007:87281006:6:1430:20260827;StopPoint:OCETGV INOUI-87345025;2026-07-30 13:39:00;600;2026-07-30 13:42:00;600;FR:Line::409E20F1-3A95-426A-B174-0008A078BE1F:;001512;OCESN7369F1187_F:OUI:FR:Line::409E20F1-3A95-426A-B174-0008A078BE1F::87271007:87281006:6:1430:20260827;7369;0;15407;;FR:Line::409E20F1-3A95-426A-B174-0008A078BE1F:;1187;261C;Paris - Dunkerque par Bassin Minier;;2;;;;StopPoint:OCETGV INOUI-87345025;Lens;;50.42686600;2.828301000;;;0;StopArea:OCE87345025
2026-07-30 12:15:43;OCESN7369F1187_F:OUI:FR:Line::409E20F1-3A95-426A-B174-0008A078BE1F::87271007:87281006:6:1430:20260827;StopPoint:OCETGV INOUI-87342006;2026-07-30 13:52:00;600;2026-07-30 13:55:00;600;FR:Line::409E20F1-3A95-426A-B174-0008A078BE1F:;001512;OCESN7369F1187_F:OUI:FR:Line::409E20F1-3A95-426A-B174-0008A078BE1F::87271007:87281006:6:1430:20260827;7369;0;15407;;FR:Line::409E20F1-3A95-426A-B174-0008A078BE1F:;1187;261C;Paris - Dunkerque par Bassin Minier;;2;;;;StopPoint:OCETGV INOUI-87342006;Béthune;;50.52145400;2.640509000;;;0;StopArea:OCE87342006
2026-07-30 12:15:43;OCESN7369F1187_F:OUI:FR:Line::409E20F1-3A95-426A-B174-0008A078BE1F::87271007:87281006:6:1430:20260827;StopPoint:OCETGV INOUI-87286302;2026-07-30 14:15:00;600;2026-07-30 14:18:00;600;FR:Line::409E20F1-3A95-426A-B174-0008A078BE1F:;001512;OCESN7369F1187_F:OUI:FR:Line::409E20F1-3A95-426A-B174-0008A078BE1F::87271007:87281006:6:1430:20260827;7369;0;15407;;FR:Line::409E20F1-3A95-426A-B174-0008A078BE1F:;1187;261C;Paris - Dunkerque par Bassin Minier;;2;;;;StopPoint:OCETGV INOUI-87286302;Hazebrouck;;50.72492400;2.541463000;;;0;StopArea:OCE87286302
2026-07-30 12:15:43;OCESN7369F1187_F:OUI:FR:Line::409E20F1-3A95-426A-B174-0008A078BE1F::87271007:87281006:6:1430:20260827;StopPoint:OCETGV INOUI-87281006;2026-07-30 14:40:00;600;;;FR:Line::409E20F1-3A95-426A-B174-0008A078BE1F:;001512;OCESN7369F1187_F:OUI:FR:Line::409E20F1-3A95-426A-B174-0008A078BE1F::87271007:87281006:6:1430:20260827;7369;0;15407;;FR:Line::409E20F1-3A95-426A-B174-0008A078BE1F:;1187;261C;Paris - Dunkerque par Bassin Minier;;2;;;;StopPoint:OCETGV INOUI-87281006;Dunkerque;;51.03041000;2.368991000;;;0;StopArea:OCE87281006
2026-07-30 12:15:43;OCESN8540F1187_F:OUI:FR:Line::75E9980B-E8DF-4696-8E87-123692055B00::87677005:87391003:7:1756:20260730;StopPoint:OCETGV INOUI-87581009;2026-07-30 15:40:00;0;2026-07-30 16:16:00;1800;FR:Line::75E9980B-E8DF-4696-8E87-123692055B00:;000049;OCESN8540F1187_F:OUI:FR:Line::75E9980B-E8DF-4696-8E87-123692055B00::87677005:87391003:7:1756:20260730;8540;0;25973;;FR:Line::75E9980B-E8DF-4696-8E87-123692055B00:;1187;421A;Paris - Hendaye TGV;;2;;;;StopPoint:OCETGV INOUI-87581009;Bordeaux Saint-Jean;;44.82587300;-0.55669700;;;0;StopArea:OCE87581009
2026-07-30 12:15:43;OCESN8540F1187_F:OUI:FR:Line::75E9980B-E8DF-4696-8E87-123692055B00::87677005:87391003:7:1756:20260730;StopPoint:OCETGV INOUI-87391003;2026-07-30 18:26:00;1800;;;FR:Line::75E9980B-E8DF-4696-8E87-123692055B00:;000049;OCESN8540F1187_F:OUI:FR:Line::75E9980B-E8DF-4696-8E87-123692055B00::87677005:87391003:7:1756:20260730;8540;0;25973;;FR:Line::75E9980B-E8DF-4696-8E87-123692055B00:;1187;421A;Paris - Hendaye TGV;;2;;;;StopPoint:OCETGV INOUI-87391003;Paris Montparnasse Hall 1 - 2;;48.84117200;2.320514000;;;0;StopArea:OCE87391003
